0,-1
23,-1
46,-1
69,-1
92,-1
115,-1
138,-1
161,-1
184,-1
207,-1
230,-1
253,-1
276,-1
299,-1
322,-1
345,-1
368,-1
391,-1
414,-1
437,-1
460,-1
483,-1
506,-1
529,-1
552,-1
575,-1
598,-1
621,-1
644,-1
667,-1
690,-1
713,-1
736,-1
759,-1
782,-1
805,-1
828,-1
851,-1
874,-1
897,-1
920,-1
943,68
966,69
989,69
1012,69
1035,69
1058,70
1081,70
1104,70
1127,70
1150,53
1173,65
1196,65
1219,65
1242,65
1265,65
1288,66
1311,66
1334,66
1357,66
1380,66
1403,66
1426,66
1449,66
1472,66
1495,66
1518,66
1541,66
1564,67
1587,67
1610,67
1633,67
1656,66
1679,66
1701,66
1724,65
1747,64
1770,63
1793,63
1816,64
1839,64
1862,64
1885,64
1908,64
1931,64
1954,64
1977,65
2000,65
2023,65
2046,65
2069,65
2092,66
2115,66
2138,66
2161,66
2184,66
2207,66
2230,66
2253,66
2276,66
2299,66
2322,66
2345,66
2368,66
2391,66
2414,66
2437,66
2460,66
2483,66
2506,66
2529,66
2552,66
2575,66
2598,66
2621,66
2644,66
2667,65
2690,65
2713,66
2736,66
2759,66
2782,66
2805,65
2828,65
2851,64
2874,65
2897,65
2920,66
2943,66
2966,66
2989,65
3012,65
3035,65
3058,65
3081,66
3104,66
3127,66
3150,65
3173,64
3196,64
3219,65
3242,66
3265,66
3288,66
3311,65
3334,65
3357,65
3380,84
3403,84
3426,-1
3449,-1
3472,-1
3495,-1
3518,70
3541,-1
3564,84
3587,82
3610,83
3633,84
3656,84
3679,84
3702,74
3725,69
3748,69
3771,69
3794,69
3817,69
3840,69
3863,69
3886,69
3909,69
3932,69
3955,69
3978,69
4001,69
4024,69
4047,69
4070,67
4093,67
4116,67
4139,67
4162,67
4185,67
4208,67
4231,67
4254,65
4277,-1
4300,-1
4323,-1
4346,-1
4369,-1
4392,66
4415,66
4438,65
4461,65
4484,65
4507,65
4530,66
4553,66
4576,66
4599,65
4622,64
4645,64
4668,64
4691,64
4714,64
4737,64
4760,64
4783,64
4806,64
4829,64
4852,63
4875,62
4898,61
4921,61
4944,61
4967,61
4990,61
5013,62
5036,62
5059,62
5081,61
5104,61
5127,-1
5150,-1
5173,-1
5196,-1
5219,-1
5242,-1
5265,-1
5288,-1
5311,-1
5334,54
5357,66
5380,66
5403,66
5426,66
5449,66
5472,66
5495,66
5518,66
5541,66
5564,66
5587,66
5610,66
5633,66
5656,66
5679,66
5702,66
5725,67
5748,67
5771,66
5794,66
5817,66
5840,66
5863,67
5886,67
5909,67
5932,67
5955,66
5978,66
6001,-1
6024,-1
6047,67
6070,67
6093,67
6116,66
6139,66
6162,66
6185,66
6208,66
6231,66
6254,66
6277,66
6300,66
6323,66
6346,66
6369,66
6392,66
6415,67
6438,67
6461,66
6484,66
6507,66
6530,66
6553,66
6576,65
6599,63
6622,63
6645,63
6668,64
6691,64
6714,63
6737,63
6760,63
6783,64
6806,65
6829,65
6852,65
6875,64
6898,63
6921,63
6944,64
6967,64
6990,64
7013,64
7036,63
7059,63
7082,63
7105,65
7128,-1
7151,-1
7174,65
7197,65
7220,64
7243,-1
7266,-1
7289,-1
7312,-1
7335,-1
7358,-1
7381,82
7404,61
7427,77
7450,51
7473,43
7496,54
7519,65
7542,76
7565,-1
7588,-1
7611,-1
7634,-1
7657,-1
7680,-1
7703,-1
7726,-1
7749,-1
7772,-1
7795,-1
7818,-1
7841,-1
7864,-1
7887,-1
7910,-1
7933,-1
7956,-1
7979,-1
8002,-1
8025,-1
8048,-1
8071,-1
8094,-1
8117,-1
8140,-1
8163,-1
8186,-1
8209,72
8232,72
8255,70
8278,68
8301,65
8324,66
8347,67
8370,68
8393,47
8416,54
8439,65
8461,65
8484,64
8507,64
8530,65
8553,65
8576,66
8599,66
8622,66
8645,66
8668,66
8691,66
8714,66
8737,66
8760,66
8783,66
8806,66
8829,67
8852,67
8875,66
8898,66
8921,65
8944,66
8967,65
8990,64
9013,64
9036,64
9059,65
9082,65
9105,65
9128,65
9151,65
9174,65
9197,66
9220,66
9243,66
9266,66
9289,66
9312,66
9335,66
9358,66
9381,66
9404,66
9427,66
9450,66
9473,66
9496,66
9519,66
9542,66
9565,66
9588,66
9611,66
9634,66
9657,66
9680,66
9703,66
9726,66
9749,66
9772,66
9795,66
9818,66
9841,66
9864,66
9887,66
9910,66
9933,66
9956,66
9979,66
10002,66
10025,66
10048,66
10071,66
10094,66
10117,66
10140,66
10163,83
10186,69
10209,69
10232,69
10255,69
10278,69
10301,69
10324,69
10347,69
10370,66
10393,54
10416,57
10439,75
10462,45
10485,57
10508,66
10531,66
10554,67
10577,67
10600,67
10623,67
10646,67
10669,56
10692,62
10715,84
10738,75
10761,43
10784,69
10807,69
10830,66
10853,66
10876,66
10899,66
10922,66
10945,66
10968,-1
10991,-1
11014,-1
11037,-1
11060,-1
11083,-1
11106,-1
11129,80
11152,66
11175,66
11198,66
11221,66
11244,65
11267,64
11290,63
11313,64
11336,64
11359,64
11382,64
11405,64
11428,63
11451,63
11474,64
11497,64
11520,64
11543,64
11566,64
11589,64
11612,65
11635,65
11658,64
11681,64
11704,63
11727,63
11750,64
11773,64
11796,64
11819,64
11841,65
11864,66
11887,67
11910,66
11933,65
11956,65
11979,64
12002,84
12025,64
12048,-1
12071,-1
12094,-1
12117,-1
12140,52
12163,72
12186,64
12209,80
12232,-1
12255,-1
12278,-1
12301,-1
12324,-1
12347,-1
12370,-1
12393,72
12416,71
12439,51
12462,63
12485,63
12508,64
12531,64
12554,-1
12577,74
12600,59
12623,59
12646,58
12669,60
12692,61
12715,62
12738,62
12761,62
12784,61
12807,61
12830,61
12853,62
12876,62
12899,62
12922,62
12945,62
12968,62
12991,62
13014,61
13037,61
13060,61
13083,62
13106,61
13129,62
13152,62
13175,65
13198,65
13221,64
13244,64
13267,64
13290,64
13313,64
13336,64
13359,64
13382,62
13405,64
13428,66
13451,66
13474,66
13497,66
13520,65
13543,50
13566,80
13589,55
13612,66
13635,66
13658,65
13681,64
13704,65
13727,66
13750,67
13773,66
13796,66
13819,65
13842,65
13865,66
13888,66
13911,67
13934,66
13957,65
13980,65
14003,65
14026,65
14049,67
14072,67
14095,67
14118,65
14141,64
14164,65
14187,67
14210,69
14233,69
14256,69
14279,69
14302,68
14325,68
14348,68
14371,-1
14394,68
14417,67
14440,54
14463,57
14486,52
14509,77
14532,84
14555,84
14578,84
14601,84
14624,68
14647,-1
14670,-1
14693,-1
14716,-1
14739,-1
14762,-1
14785,84
14808,84
14831,73
14854,53
14877,53
14900,52
14923,52
14946,51
14969,50
14992,49
15015,49
15038,48
15061,48
15084,47
15107,84
15130,-1
15153,-1
15176,-1
15199,-1
15221,-1
15244,-1
15267,-1
15290,-1
15313,-1
15336,-1
15359,-1
15382,-1
15405,-1
15428,-1
15451,77
15474,51
15497,51
15520,83
15543,76
15566,79
15589,61
15612,84
15635,-1
15658,-1
15681,-1
15704,53
15727,53
15750,52
15773,52
15796,51
15819,52
15842,52
15865,52
15888,52
15911,51
15934,51
15957,51
15980,51
16003,51
16026,-1
16049,-1
16072,81
16095,51
16118,46
16141,82
16164,52
16187,52
16210,51
16233,51
16256,50
16279,50
16302,50
16325,50
16348,50
16371,48
16394,81
16417,51
16440,50
16463,83
16486,68
16509,84
16532,63
16555,-1
16578,-1
16601,-1
16624,51
16647,52
16670,52
16693,50
16716,50
16739,50
16762,-1
16785,-1
16808,-1
16831,49
16854,50
16877,51
16900,52
16923,51
16946,49
16969,49
16992,49
17015,81
17038,82
17061,84
17084,45
17107,52
17130,52
17153,51
17176,51
17199,50
17222,-1
17245,-1
17268,80
17291,81
17314,53
17337,52
17360,51
17383,50
17406,84
17429,49
17452,83
17475,51
17498,81
17521,83
17544,51
17567,52
17590,53
17613,52
17636,52
17659,49
17682,51
17705,-1
17728,74
17751,59
17774,55
17797,54
17820,53
17843,53
17866,52
17889,53
17912,52
17935,47
17958,84
17981,84
18004,70
18027,51
18050,51
18073,51
18096,50
18119,50
18142,49
18165,49
18188,49
18211,76
18234,75
18257,75
18280,68
18303,-1
18326,49
18349,84
18372,48
18395,81
18418,82
18441,82
18464,53
18487,49
18510,50
18533,51
18556,50
18579,50
18601,49
18624,49
18647,49
18670,48
18693,48
18716,47
18739,47
18762,46
18785,47
18808,46
18831,47
18854,-1
18877,-1
18900,-1
18923,-1
18946,-1
18969,-1
18992,-1
19015,-1
19038,-1
19061,-1
19084,-1
19107,-1
19130,-1
19153,63
19176,76
19199,53
19222,53
19245,53
19268,52
19291,50
19314,49
19337,48
19360,84
19383,52
19406,52
19429,51
19452,48
19475,75
19498,67
19521,50
19544,62
19567,71
19590,45
19613,73
19636,55
19659,54
19682,53
19705,53
19728,53
19751,52
19774,51
19797,49
19820,84
19843,-1
19866,51
19889,52
19912,52
19935,52
19958,50
19981,50
20004,84
20027,84
20050,-1
20073,51
20096,53
20119,53
20142,52
20165,51
20188,50
20211,48
20234,84
20257,-1
20280,-1
20303,52
20326,52
20349,53
20372,51
20395,78
20418,57
20441,78
20464,81
20487,64
20510,63
20533,72
20556,53
20579,52
20602,52
20625,52
20648,52
20671,52
20694,51
20717,52
20740,52
20763,52
20786,52
20809,52
20832,71
20855,52
20878,52
20901,52
20924,52
20947,52
20970,52
20993,52
21016,52
21039,52
21062,52
21085,52
21108,52
21131,52
21154,52
21177,52
21200,52
21223,52
21246,52
21269,53
21292,53
21315,52
21338,82
21361,83
21384,83
21407,58
21430,76
21453,83
21476,54
21499,54
21522,54
21545,53
21568,53
21591,53
21614,53
21637,53
21660,52
21683,52
21706,51
21729,50
21752,48
21775,50
21798,80
21821,78
21844,70
21867,81
21890,79
21913,69
21936,50
21959,49
21981,49
22004,49
22027,49
22050,49
22073,49
22096,49
22119,50
22142,49
22165,50
22188,51
22211,50
22234,50
22257,50
22280,50
22303,50
22326,49
22349,49
22372,48
22395,47
22418,47
22441,47
22464,47
22487,66
22510,47
22533,47
22556,83
22579,71
22602,75
22625,-1
22648,-1
22671,-1
22694,-1
22717,84
22740,-1
22763,-1
22786,-1
22809,-1
22832,-1
22855,76
22878,52
22901,52
22924,53
22947,53
22970,52
22993,53
23016,52
23039,51
23062,52
23085,51
23108,50
23131,50
23154,50
23177,50
23200,50
23223,51
23246,49
23269,49
23292,49
23315,52
23338,53
23361,53
23384,53
23407,53
23430,52
23453,78
23476,55
23499,56
23522,-1
23545,-1
23568,52
23591,52
23614,51
23637,51
23660,50
23683,82
23706,76
23729,54
23752,73
23775,84
23798,51
23821,52
23844,53
23867,53
23890,53
23913,51
23936,50
23959,49
23982,51
24005,52
24028,53
24051,53
24074,51
24097,59
24120,70
24143,-1
24166,-1
24189,-1
24212,71
24235,55
24258,53
24281,53
24304,53
24327,52
24350,51
24373,50
24396,50
24419,50
24442,51
24465,52
24488,52
24511,52
24534,50
24557,51
24580,82
24603,49
24626,-1
24649,-1
24672,77
24695,53
24718,53
24741,53
24764,52
24787,52
24810,51
24833,50
24856,51
24879,50
24902,51
24925,52
24948,53
24971,54
24994,53
25017,82
25040,74
25063,84
25086,-1
25109,-1
25132,-1
25155,68
25178,54
25201,54
25224,54
25247,53
25270,53
25293,51
25316,49
25339,49
25361,48
25384,50
25407,50
25430,50
25453,50
25476,62
25499,49
25522,65
25545,63
25568,-1
25591,74
25614,52
25637,50
25660,49
25683,49
25706,48
25729,84
25752,84
25775,84
25798,83
25821,84
25844,52
25867,50
25890,51
25913,50
25936,50
25959,50
25982,50
26005,62
26028,50
26051,50
26074,49
26097,49
26120,48
26143,48
26166,47
26189,47
26212,47
26235,47
26258,47
26281,47
26304,-1
26327,-1
26350,-1
26373,-1
26396,84
26419,63
26442,71
26465,-1
26488,-1
26511,-1
26534,71
26557,84
26580,52
26603,53
26626,53
26649,53
26672,53
26695,51
26718,49
26741,84
26764,-1
26787,51
26810,52
26833,52
26856,51
26879,51
26902,51
26925,51
26948,50
26971,50
26994,52
27017,54
27040,54
27063,53
27086,50
27109,64
27132,41
27155,49
27178,82
27201,60
27224,84
27247,54
27270,53
27293,52
27316,51
27339,47
27362,-1
27385,-1
27408,-1
27431,-1
27454,50
27477,54
27500,54
27523,54
27546,54
27569,53
27592,52
27615,51
27638,50
27661,50
27684,51
27707,52
27730,52
27753,81
27776,78
27799,82
27822,-1
27845,-1
27868,-1
27891,-1
27914,70
27937,55
27960,53
27983,52
28006,53
28029,52
28052,50
28075,49
28098,48
28121,49
28144,50
28167,52
28190,52
28213,48
28236,71
28259,81
28282,-1
28305,-1
28328,-1
28351,-1
28374,77
28397,53
28420,52
28443,51
28466,50
28489,48
28512,84
28535,-1
28558,-1
28581,-1
28604,53
28627,53
28650,53
28673,53
28696,53
28719,53
28741,50
28764,84
28787,-1
28810,77
28833,51
28856,52
28879,52
28902,84
28925,74
28948,47
28971,72
28994,84
29017,51
29040,52
29063,51
29086,51
29109,52
29132,52
29155,52
29178,52
29201,52
29224,52
29247,52
29270,52
29293,52
29316,52
29339,52
29362,52
29385,52
29408,52
29431,52
29454,52
29477,52
29500,51
29523,52
29546,51
29569,53
29592,54
29615,54
29638,53
29661,53
29684,53
29707,53
29730,52
29753,52
29776,51
29799,51
29822,50
29845,49
29868,48
29891,54
29914,53
29937,52
29960,52
29983,54
30006,-1
30029,-1
30052,-1
30075,-1
30098,-1
30121,-1
30144,-1
30167,-1
30190,-1
30213,72
30236,46
30259,46
30282,84
30305,50
30328,65
30351,72
30374,72
30397,-1
30420,-1
30443,-1
30466,61
30489,48
30512,48
30535,66
30558,46
30581,47
30604,47
30627,47
30650,47
30673,46
30696,46
30719,46
30742,46
30765,46
30788,-1
30811,-1
30834,-1
30857,43
30880,51
30903,54
30926,47
30949,47
30972,47
30995,46
31018,45
31041,45
31064,45
31087,45
31110,45
31133,84
31156,82
31179,46
31202,46
31225,82
31248,82
31271,77
31294,83
31317,-1
31340,-1
31363,-1
31386,-1
31409,64
31432,47
31455,46
31478,45
31501,45
31524,65
31547,-1
31570,-1
31593,-1
31616,84
31639,46
31662,46
31685,46
31708,46
31731,38
31754,47
31777,62
31800,48
31823,48
31846,54
31869,48
31892,47
31915,46
31938,45
31961,45
31984,54
32007,38
32030,-1
32053,48
32076,60
32099,46
32121,47
32144,46
32167,45
32190,44
32213,52
32236,83
32259,53
32282,77
32305,71
32328,61
32351,65
32374,52
32397,40
32420,38
32443,48
32466,-1
32489,79
32512,54
32535,54
32558,55
32581,48
32604,47
32627,54
32650,53
32673,53
32696,47
32719,49
32742,84
32765,-1
32788,75
32811,57
32834,51
32857,45
32880,45
32903,75
32926,50
32949,53
32972,44
32995,44
33018,45
33041,56
33064,-1
33087,-1
33110,-1
33133,-1
33156,84
33179,84
33202,84
33225,83
33248,84
33271,60
33294,57
33317,60
33340,61
33363,37
33386,37
33409,56
33432,44
33455,49
33478,55
33501,47
33524,47
33547,47
33570,47
33593,47
33616,47
33639,84
33662,-1
33685,-1
33708,-1
33731,-1
33754,-1
33777,-1
33800,-1
33823,-1
33846,-1
33869,-1
33892,-1
33915,-1
33938,71
33961,49
33984,48
34007,48
34030,47
34053,84
34076,84
34099,44
34122,-1
34145,46
34168,46
34191,46
34214,45
34237,45
34260,59
34283,53
34306,79
34329,83
34352,51
34375,52
34398,83
34421,49
34444,47
34467,48
34490,48
34513,47
34536,46
34559,44
34582,-1
34605,-1
34628,66
34651,46
34674,47
34697,47
34720,46
34743,45
34766,84
34789,-1
34812,-1
34835,84
34858,48
34881,48
34904,48
34927,46
34950,84
34973,84
34996,-1
35019,-1
35042,-1
35065,42
35088,48
35111,48
35134,47
35157,82
35180,50
35203,48
35226,69
35249,83
35272,83
35295,84
35318,49
35341,48
35364,47
35387,47
35410,47
35433,47
35456,47
35479,46
35501,47
35524,47
35547,47
35570,66
35593,66
35616,66
35639,47
35662,47
35685,47
35708,47
35731,47
35754,46
35777,47
35800,47
35823,46
35846,47
35869,47
35892,47
35915,47
35938,47
35961,47
35984,47
36007,48
36030,47
36053,48
36076,47
36099,84
36122,83
36145,83
36168,68
36191,84
36214,83
36237,78
36260,49
36283,49
36306,49
36329,48
36352,48
36375,48
36398,47
36421,47
36444,48
36467,47
36490,47
36513,48
36536,47
36559,83
36582,83
36605,83
36628,81
36651,84
36674,83
36697,83
36720,49
36743,49
36766,48
36789,48
36812,48
36835,48
36858,48
36881,47
36904,47
36927,58
36950,45
36973,58
36996,45
37019,44
37042,44
37065,43
37088,43
37111,42
37134,42
37157,84
37180,84
37203,38
37226,84
37249,-1
37272,-1
37295,-1
37318,-1
37341,-1
37364,-1
37387,-1
37410,-1
37433,-1
37456,-1
37479,-1
37502,-1
37525,-1
37548,-1
37571,-1
37594,-1
37617,47
37640,47
37663,47
37686,48
37709,48
37732,47
37755,47
37778,47
37801,47
37824,46
37847,53
37870,45
37893,45
37916,45
37939,45
37962,45
37985,46
38008,44
38031,84
38054,84
38077,46
38100,48
38123,48
38146,48
38169,48
38192,47
38215,54
38238,80
38261,70
38284,64
38307,-1
38330,84
38353,48
38376,47
38399,46
38422,46
38445,83
38468,57
38491,74
38514,67
38537,-1
38560,84
38583,47
38606,48
38629,48
38652,48
38675,47
38698,46
38721,84
38744,44
38767,41
38790,61
38813,61
38836,59
38859,43
38881,81
38904,57
38927,-1
38950,-1
38973,-1
38996,50
39019,48
39042,48
39065,48
39088,47
39111,83
39134,84
39157,84
39180,84
39203,84
39226,84
39249,49
39272,48
39295,47
39318,66
39341,78
39364,83
39387,-1
39410,-1
39433,-1
39456,81
39479,84
39502,46
39525,46
39548,45
39571,45
39594,80
39617,55
39640,79
39663,-1
39686,-1
39709,-1
39732,65
39755,52
39778,53
39801,52
39824,51
39847,84
39870,56
39893,84
39916,74
39939,75
39962,56
39985,84
40008,-1
40031,-1
40054,-1
40077,-1
40100,-1
40123,49
40146,49
40169,84
40192,39
40215,61
40238,61
40261,54
40284,54
40307,72
40330,-1
40353,56
40376,70
40399,57
40422,58
40445,50
40468,49
40491,-1
40514,-1
40537,-1
40560,-1
40583,76
40606,53
40629,51
40652,44
40675,57
40698,45
40721,57
40744,44
40767,57
40790,50
40813,38
40836,38
40859,56
40882,84
40905,48
40928,47
40951,55
40974,55
40997,84
41020,84
41043,-1
41066,-1
41089,-1
41112,-1
41135,-1
41158,-1
41181,-1
41204,-1
41227,-1
41250,-1
41273,-1
41296,-1
41319,79
41342,84
41365,48
41388,48
41411,48
41434,48
41457,82
41480,84
41503,-1
41526,-1
41549,62
41572,46
41595,47
41618,65
41641,46
41664,46
41687,46
41710,46
41733,46
41756,46
41779,48
41802,49
41825,49
41848,46
41871,57
41894,50
41917,83
41940,41
41963,62
41986,84
42009,84
42032,48
42055,47
42078,65
42101,53
42124,-1
42147,-1
42170,-1
42193,-1
42216,-1
42239,46
42261,47
42284,46
42307,65
42330,45
42353,44
42376,43
42399,-1
42422,-1
42445,-1
42468,-1
42491,-1
42514,-1
42537,-1
42560,-1
42583,-1
42606,-1
42629,-1
42652,-1
42675,62
42698,48
42721,49
42744,49
42767,46
42790,65
42813,80
42836,83
42859,46
42882,45
42905,66
42928,66
42951,49
42974,47
42997,47
43020,59
43043,59
43066,59
43089,59
43112,59
43135,59
43158,48
43181,49
43204,48
43227,47
43250,57
43273,59
43296,59
43319,59
43342,59
43365,49
43388,49
43411,64
43434,67
43457,64
43480,65
43503,65
43526,65
43549,64
43572,65
43595,65
43618,48
43641,69
43664,68
43687,66
43710,66
43733,66
43756,66
43779,66
43802,67
43825,68
43848,66
43871,65
43894,64
43917,64
43940,64
43963,64
43986,64
44009,64
44032,64
44055,63
44078,62
44101,62
44124,62
44147,59
44170,58
44193,56
44216,84
44239,83
44262,81
44285,63
44308,63
44331,74
44354,62
44377,62
44400,62
44423,62
44446,62
44469,62
44492,62
44515,62
44538,62
44561,62
44584,62
44607,61
44630,60
44653,60
44676,59
44699,59
44722,59
44745,59
44768,59
44791,59
44814,60
44837,60
44860,46
44883,83
44906,60
44929,61
44952,80
44975,80
44998,-1
45021,-1
45044,62
45067,62
45090,62
45113,-1
45136,62
45159,55
45182,57
45205,70
45228,60
45251,62
45274,63
45297,64
45320,64
45343,64
45366,64
45389,64
45412,64
45435,64
45458,65
45481,65
45504,84
45527,66
45550,66
45573,66
45596,66
45619,66
45641,65
45664,65
45687,64
45710,64
45733,64
45756,64
45779,64
45802,63
45825,64
45848,64
45871,83
45894,84
45917,72
45940,61
45963,61
45986,72
46009,72
46032,72
46055,-1
46078,-1
46101,84
46124,-1
46147,61
46170,74
46193,62
46216,62
46239,62
46262,62
46285,62
46308,62
46331,62
46354,62
46377,61
46400,59
46423,59
46446,60
46469,60
46492,60
46515,60
46538,60
46561,60
46584,60
46607,61
46630,62
46653,61
46676,61
46699,61
46722,62
46745,63
46768,62
46791,61
46814,60
46837,61
46860,62
46883,63
46906,63
46929,61
46952,57
46975,58
46998,58
47021,58
47044,60
47067,62
47090,63
47113,63
47136,63
47159,64
47182,64
47205,64
47228,64
47251,64
47274,64
47297,65
47320,66
47343,66
47366,66
47389,66
47412,66
47435,66
47458,66
47481,65
47504,51
47527,64
47550,64
47573,64
47596,64
47619,64
47642,64
47665,64
47688,64
47711,64
47734,63
47757,62
47780,61
47803,61
47826,61
47849,61
47872,61
47895,61
47918,61
47941,61
47964,61
47987,61
48010,62
48033,62
48056,62
48079,62
48102,62
48125,62
48148,62
48171,62
48194,62
48217,61
48240,61
48263,60
48286,60
48309,59
48332,59
48355,59
48378,59
48401,59
48424,59
48447,59
48470,59
48493,59
48516,59
48539,84
48562,84
48585,84
48608,83
48631,84
48654,83
48677,-1
48700,-1
48723,-1
48746,-1
48769,-1
48792,-1
48815,-1
48838,-1
48861,-1
48884,-1
48907,-1
48930,-1
48953,-1
48976,-1
48999,-1
49021,-1
49044,-1
49067,-1
49090,-1
49113,-1
49136,-1
49159,-1
49182,-1
49205,-1
49228,-1
49251,-1
49274,-1
49297,-1
49320,-1
49343,-1
49366,-1
49389,63
49412,63
49435,63
49458,64
49481,65
49504,65
49527,66
49550,66
49573,65
49596,65
49619,64
49642,64
49665,64
49688,64
49711,63
49734,64
49757,64
49780,65
49803,65
49826,64
49849,63
49872,63
49895,64
49918,65
49941,65
49964,64
49987,63
50010,68
50033,70
50056,67
50079,66
50102,65
50125,63
50148,65
50171,63
50194,64
50217,-1
50240,-1
50263,-1
50286,-1
50309,-1
50332,-1
50355,-1
50378,-1
50401,-1
50424,-1
50447,-1
50470,-1
50493,-1
50516,-1
50539,-1
50562,-1
50585,83
50608,71
50631,82
50654,64
50677,53
50700,73
50723,59
50746,73
50769,62
50792,63
50815,63
50838,64
50861,65
50884,65
50907,64
50930,64
50953,64
50976,53
50999,66
51022,66
51045,66
51068,66
51091,66
51114,66
51137,66
51160,65
51183,65
51206,63
51229,64
51252,64
51275,64
51298,63
51321,63
51344,-1
51367,-1
51390,-1
51413,82
51436,63
51459,63
51482,62
51505,62
51528,62
51551,62
51574,62
51597,-1
51620,-1
51643,62
51666,62
51689,63
51712,63
51735,63
51758,63
51781,62
51804,63
51827,63
51850,62
51873,62
51896,62
51919,62
51942,61
51965,61
51988,61
52011,60
52034,60
52057,60
52080,60
52103,59
52126,59
52149,59
52172,59
52195,59
52218,59
52241,59
52264,59
52287,59
52310,59
52333,59
52356,60
52379,60
52401,60
52424,59
52447,-1
52470,60
52493,-1
52516,-1
52539,-1
52562,-1
52585,-1
52608,-1
52631,-1
52654,-1
52677,-1
52700,-1
52723,-1
52746,-1
52769,-1
52792,-1
52815,-1
52838,-1
52861,-1
52884,-1
52907,66
52930,67
52953,67
52976,67
52999,68
53022,68
53045,69
53068,69
53091,70
53114,69
53137,69
53160,69
53183,69
53206,69
53229,69
53252,69
53275,69
53298,69
53321,69
53344,66
53367,66
53390,66
53413,66
53436,66
53459,66
53482,67
53505,67
53528,69
53551,70
53574,70
53597,70
53620,69
53643,69
53666,69
53689,69
53712,68
53735,67
53758,65
53781,64
53804,64
53827,64
53850,64
53873,64
53896,64
53919,64
53942,64
53965,66
53988,66
54011,66
54034,66
54057,65
54080,66
54103,66
54126,67
54149,66
54172,65
54195,64
54218,65
54241,67
54264,67
54287,68
54310,64
54333,64
54356,67
54379,66
54402,65
54425,64
54448,64
54471,66
54494,66
54517,66
54540,-1
54563,-1
54586,-1
54609,-1
54632,-1
54655,-1
54678,-1
54701,-1
54724,-1
54747,-1
54770,-1
54793,-1
54816,-1
54839,-1
54862,-1
54885,-1
54908,-1
54931,-1
54954,-1
54977,64
55000,64
55023,64
55046,64
55069,61
55092,60
55115,61
55138,62
55161,62
55184,63
55207,63
55230,63
55253,63
55276,65
55299,84
55322,71
55345,71
55368,72
55391,71
55414,54
55437,65
55460,65
55483,65
55506,64
55529,64
55552,64
55575,64
55598,64
55621,63
55644,63
55667,62
55690,62
55713,62
55736,62
55759,59
55781,48
55804,84
55827,63
55850,64
55873,64
55896,64
55919,64
55942,64
55965,64
55988,64
56011,64
56034,63
56057,60
56080,63
56103,62
56126,62
56149,62
56172,62
56195,62
56218,62
56241,62
56264,63
56287,64
56310,65
56333,65
56356,64
56379,64
56402,64
56425,64
56448,64
56471,64
56494,63
56517,63
56540,62
56563,62
56586,62
56609,62
56632,62
56655,62
56678,61
56701,60
56724,83
56747,-1
56770,-1
56793,-1
56816,-1
56839,-1
56862,-1
56885,-1
56908,-1
56931,-1
56954,-1
56977,83
57000,62
57023,62
57046,62
57069,62
57092,61
57115,62
57138,62
57161,62
57184,61
57207,64
57230,65
57253,65
57276,64
57299,64
57322,65
57345,64
57368,66
57391,54
57414,66
57437,66
57460,66
57483,66
57506,66
57529,66
57552,66
57575,64
57598,62
57621,62
57644,62
57667,65
57690,64
57713,64
57736,64
57759,64
57782,64
57805,64
57828,64
57851,83
57874,83
57897,83
57920,83
57943,84
57966,62
57989,62
58012,62
58035,62
58058,62
58081,62
58104,62
58127,62
58150,63
58173,70
58196,70
58219,72
58242,83
58265,84
58288,63
58311,78
58334,-1
58357,-1
58380,-1
58403,63
58426,64
58449,64
58472,63
58495,63
58518,63
58541,62
58564,62
58587,62
58610,81
58633,61
58656,61
58679,61
58702,61
58725,60
58748,60
58771,59
58794,59
58817,59
58840,59
58863,59
58886,59
58909,59
58932,59
58955,59
58978,59
59001,59
59024,59
59047,60
59070,-1
59093,-1
59116,-1
59139,-1
59161,-1
59184,-1
59207,-1
59230,-1
59253,-1
59276,-1
59299,-1
59322,-1
59345,61
59368,-1
59391,72
59414,73
59437,59
59460,73
59483,72
59506,73
59529,73
59552,73
59575,73
59598,73
59621,61
59644,73
59667,73
59690,75
59713,63
59736,64
59759,65
59782,66
59805,68
59828,68
59851,69
59874,69
59897,70
59920,70
59943,70
59966,70
59989,71
60012,71
60035,71
60058,71
60081,71
60104,71
60127,71
60150,71
60173,71
60196,71
60219,71
60242,71
60265,71
60288,71
60311,71
60334,71
60357,71
60380,71
60403,71
60426,71
60449,70
60472,69
60495,69
60518,69
60541,69
60564,69
60587,69
60610,69
60633,69
60656,69
60679,69
60702,69
60725,69
60748,68
60771,68
60794,74
60817,-1
60840,-1
60863,-1
60886,-1
60909,-1
60932,-1
60955,-1
60978,-1
61001,-1
61024,-1
61047,-1
61070,-1
61093,-1
61116,-1
61139,-1
61162,-1
61185,71
61208,59
61231,59
61254,71
61277,71
61300,70
61323,70
61346,55
61369,48
61392,61
61415,62
61438,62
61461,74
61484,74
61507,74
61530,63
61553,63
61576,63
61599,65
61622,67
61645,68
61668,68
61691,68
61714,69
61737,69
61760,69
61783,69
61806,69
61829,69
61852,69
61875,69
61898,69
61921,69
61944,69
61967,69
61990,69
62013,69
62036,69
62059,69
62082,69
62105,69
62128,69
62151,69
62174,69
62197,57
62220,69
62243,69
62266,69
62289,69
62312,68
62335,79
62358,67
62381,67
62404,67
62427,67
62450,67
62473,67
62496,66
62519,66
62541,66
62564,66
62587,78
62610,79
62633,79
62656,81
62679,81
62702,82
62725,49
62748,57
62771,68
62794,69
62817,69
62840,69
62863,68
62886,68
62909,68
62932,68
62955,68
62978,68
63001,68
63024,59
63047,57
63070,69
63093,68
63116,64
63139,66
63162,67
63185,67
63208,67
63231,66
63254,66
63277,67
63300,67
63323,66
63346,66
63369,65
63392,65
63415,63
63438,62
63461,62
63484,65
63507,66
63530,66
63553,66
63576,66
63599,66
63622,66
63645,66
63668,66
63691,65
63714,65
63737,64
63760,64
63783,64
63806,65
63829,65
63852,78
63875,65
63898,65
63921,64
63944,64
63967,64
63990,64
64013,64
64036,64
64059,63
64082,63
64105,63
64128,62
64151,62
64174,62
64197,64
64220,61
64243,61
64266,61
64289,62
64312,62
64335,62
64358,62
64381,62
64404,62
64427,62
64450,-1
64473,-1
64496,-1
64519,-1
64542,-1
64565,-1
64588,-1
64611,65
64634,65
64657,64
64680,64
64703,64
64726,64
64749,64
64772,64
64795,64
64818,64
64841,64
64864,64
64887,64
64910,64
64933,64
64956,64
64979,64
65002,66
65025,66
65048,66
65071,66
65094,66
65117,66
65140,66
65163,66
65186,66
65209,66
65232,66
65255,66
65278,65
65301,66
65324,66
65347,66
65370,66
65393,66
65416,66
65439,66
65462,66
65485,66
65508,66
65531,65
65554,65
65577,65
65600,64
65623,64
65646,64
65669,66
65692,66
65715,66
65738,66
65761,66
65784,66
65807,67
65830,66
65853,66
65876,66
65899,66
65921,66
65944,65
65967,64
65990,64
66013,64
66036,64
66059,64
66082,63
66105,64
66128,64
66151,65
66174,65
66197,64
66220,63
66243,63
66266,63
66289,64
66312,64
66335,65
66358,65
66381,64
66404,63
66427,63
66450,63
66473,65
66496,65
66519,65
66542,52
66565,70
66588,56
66611,67
66634,66
66657,65
66680,65
66703,64
66726,67
66749,52
66772,54
66795,62
66818,65
66841,60
66864,58
66887,77
66910,60
66933,61
66956,73
66979,73
67002,61
67025,62
67048,62
67071,63
67094,63
67117,63
67140,64
67163,66
67186,68
67209,68
67232,68
67255,69
67278,45
67301,70
67324,70
67347,71
67370,71
67393,71
67416,71
67439,71
67462,71
67485,71
67508,71
67531,71
67554,71
67577,71
67600,71
67623,71
67646,71
67669,71
67692,71
67715,71
67738,71
67761,71
67784,71
67807,71
67830,70
67853,70
67876,69
67899,69
67922,69
67945,69
67968,69
67991,69
68014,69
68037,69
68060,69
68083,69
68106,69
68129,69
68152,69
68175,69
68198,-1
68221,-1
68244,-1
68267,-1
68290,-1
68313,-1
68336,-1
68359,-1
68382,-1
68405,-1
68428,-1
68451,-1
68474,-1
68497,-1
68520,-1
68543,-1
68566,70
68589,58
68612,59
68635,59
68658,58
68681,58
68704,58
68727,59
68750,73
68773,74
68796,74
68819,74
68842,62
68865,74
68888,74
68911,62
68934,63
68957,63
68980,64
69003,66
69026,68
69049,68
69072,68
69095,68
69118,69
69141,69
69164,69
69187,69
69210,69
69233,69
69256,69
69279,69
69301,69
69324,69
69347,69
69370,69
69393,69
69416,69
69439,69
69462,68
69485,84
69508,65
69531,66
69554,66
69577,66
69600,67
69623,67
69646,67
69669,68
69692,69
69715,69
69738,68
69761,68
69784,68
69807,69
69830,70
69853,70
69876,68
69899,68
69922,68
69945,50
69968,50
69991,68
70014,67
70037,67
70060,80
70083,69
70106,69
70129,69
70152,68
70175,69
70198,81
70221,69
70244,69
70267,69
70290,68
70313,68
70336,68
70359,67
70382,67
70405,67
70428,64
70451,75
70474,75
70497,69
70520,84
70543,67
70566,67
70589,67
70612,67
70635,67
70658,66
70681,66
70704,65
70727,65
70750,67
70773,66
70796,68
70819,66
70842,-1
70865,67
70888,67
70911,66
70934,66
70957,66
70980,66
71003,66
71026,65
71049,66
71072,66
71095,-1
71118,-1
71141,66
71164,67
71187,67
71210,66
71233,66
71256,66
71279,66
71302,66
71325,66
71348,65
71371,65
71394,64
71417,64
71440,64
71463,64
71486,67
71509,64
71532,64
71555,-1
71578,-1
71601,-1
71624,-1
71647,-1
71670,-1
71693,67
71716,67
71739,67
71762,67
71785,67
71808,-1
71831,63
71854,63
71877,63
71900,63
71923,63
71946,62
71969,62
71992,62
72015,62
72038,62
72061,62
72084,62
72107,62
72130,62
72153,-1
72176,-1
72199,-1
72222,84
72245,66
72268,65
72291,65
72314,64
72337,64
72360,64
72383,64
72406,64
72429,64
72452,64
72475,64
72498,64
72521,65
72544,65
72567,66
72590,66
72613,66
72636,66
72659,66
72681,66
72704,66
72727,66
72750,66
72773,66
72796,66
72819,66
72842,66
72865,66
72888,66
72911,67
72934,66
72957,66
72980,66
73003,66
73026,66
73049,66
73072,67
73095,66
73118,65
73141,65
73164,65
73187,66
73210,66
73233,54
73256,54
73279,53
73302,72
73325,69
73348,70
73371,70
73394,70
73417,70
73440,69
73463,68
73486,66
73509,73
73532,81
73555,69
73578,55
73601,49
73624,80
73647,84
73670,84
73693,84
73716,84
73739,57
73762,57
73785,-1
73808,-1
73831,-1
73854,56
73877,56
73900,55
73923,55
73946,56
73969,55
73992,55
74015,54
74038,54
74061,53
74084,52
74107,52
74130,52
74153,51
74176,51
74199,50
74222,50
74245,84
74268,-1
74291,-1
74314,-1
74337,-1
74360,-1
74383,-1
74406,-1
74429,-1
74452,-1
74475,-1
74498,-1
74521,-1
74544,84
74567,53
74590,53
74613,54
74636,-1
74659,-1
74682,-1
74705,69
74728,72
74751,60
74774,56
74797,58
74820,56
74843,54
74866,54
74889,53
74912,53
74935,53
74958,53
74981,53
75004,52
75027,53
75050,54
75073,54
75096,54
75119,54
75142,54
75165,54
75188,53
75211,54
75234,54
75257,54
75280,53
75303,53
75326,52
75349,52
75372,53
75395,53
75418,52
75441,53
75464,53
75487,54
75510,54
75533,54
75556,54
75579,54
75602,53
75625,53
75648,53
75671,53
75694,53
75717,53
75740,53
75763,53
75786,53
75809,53
75832,53
75855,53
75878,74
75901,-1
75924,74
75947,53
75970,53
75993,54
76016,54
76039,54
76061,52
76084,69
76107,-1
76130,-1
76153,-1
76176,52
76199,53
76222,53
76245,53
76268,53
76291,53
76314,53
76337,52
76360,52
76383,53
76406,54
76429,54
76452,53
76475,52
76498,51
76521,82
76544,46
76567,48
76590,74
76613,60
76636,67
76659,54
76682,53
76705,53
76728,52
76751,53
76774,53
76797,53
76820,53
76843,53
76866,54
76889,54
76912,53
76935,51
76958,79
76981,71
77004,61
77027,60
77050,83
77073,73
77096,73
77119,72
77142,52
77165,52
77188,52
77211,52
77234,52
77257,52
77280,52
77303,53
77326,53
77349,53
77372,52
77395,50
77418,82
77441,73
77464,73
77487,71
77510,64
77533,64
77556,62
77579,66
77602,54
77625,53
77648,52
77671,52
77694,52
77717,51
77740,51
77763,49
77786,49
77809,49
77832,48
77855,59
77878,47
77901,59
77924,59
77947,47
77970,-1
77993,-1
78016,-1
78039,-1
78062,-1
78085,-1
78108,-1
78131,-1
78154,-1
78177,-1
78200,-1
78223,-1
78246,54
78269,53
78292,54
78315,51
78338,84
78361,-1
78384,-1
78407,84
78430,84
78453,84
78476,84
78499,55
78522,54
78545,53
78568,53
78591,53
78614,53
78637,52
78660,49
78683,61
78706,68
78729,57
78752,55
78775,54
78798,54
78821,54
78844,54
78867,54
78890,53
78913,53
78936,54
78959,53
78982,53
79005,53
79028,64
79051,53
79074,53
79097,53
79120,52
79143,53
79166,53
79189,54
79212,54
79235,54
79258,54
79281,54
79304,53
79327,52
79350,52
79373,84
79396,-1
79419,54
79441,53
79464,52
79487,52
79510,52
79533,53
79556,52
79579,51
79602,51
79625,64
79648,55
79671,81
79694,55
79717,54
79740,54
79763,54
79786,53
79809,52
79832,53
79855,53
79878,53
79901,53
79924,52
79947,52
79970,52
79993,52
80016,53
80039,53
80062,53
80085,53
80108,54
80131,53
80154,53
80177,53
80200,54
80223,76
80246,77
80269,-1
80292,-1
80315,52
80338,53
80361,53
80384,53
80407,53
80430,53
80453,53
80476,53
80499,53
80522,53
80545,53
80568,54
80591,54
80614,54
80637,54
80660,54
80683,53
80706,53
80729,52
80752,53
80775,47
80798,54
80821,53
80844,53
80867,80
80890,61
80913,52
80936,52
80959,52
80982,52
81005,52
81028,73
81051,71
81074,52
81097,52
81120,67
81143,54
81166,71
81189,77
81212,53
81235,57
81258,63
81281,51
81304,54
81327,53
81350,53
81373,52
81396,52
81419,51
81442,51
81465,50
81488,49
81511,49
81534,49
81557,50
81580,50
81603,50
81626,51
81649,50
81672,-1
81695,-1
81718,-1
81741,-1
81764,-1
81787,-1
81810,-1
81833,-1
81856,-1
81879,-1
81902,-1
81925,82
81948,56
81971,55
81994,54
82017,51
82040,71
82063,56
82086,-1
82109,-1
82132,-1
82155,81
82178,72
82201,56
82224,54
82247,53
82270,53
82293,53
82316,53
82339,53
82362,53
82385,53
82408,54
82431,54
82454,54
82477,54
82500,54
82523,54
82546,53
82569,53
82592,52
82615,53
82638,53
82661,52
82684,71
82707,52
82730,52
82753,52
82776,52
82799,52
82821,52
82844,52
82867,54
82890,54
82913,54
82936,54
82959,52
82982,51
83005,51
83028,50
83051,-1
83074,-1
83097,53
83120,52
83143,52
83166,51
83189,52
83212,52
83235,52
83258,53
83281,52
83304,52
83327,52
83350,52
83373,53
83396,53
83419,52
83442,51
83465,-1
83488,-1
83511,-1
83534,-1
83557,43
83580,55
83603,54
83626,53
83649,53
83672,52
83695,52
83718,52
83741,52
83764,52
83787,52
83810,53
83833,52
83856,52
83879,53
83902,52
83925,52
83948,52
83971,51
83994,52
84017,65
84040,54
84063,54
84086,53
84109,53
84132,52
84155,53
84178,52
84201,52
84224,52
84247,51
84270,52
84293,53
84316,54
84339,54
84362,54
84385,54
84408,53
84431,52
84454,54
84477,53
84500,54
84523,52
84546,52
84569,52
84592,52
84615,51
84638,61
84661,52
84684,52
84707,53
84730,52
84753,53
84776,53
84799,52
84822,52
84845,52
84868,52
84891,53
84914,53
84937,54
84960,53
84983,52
85006,53
85029,52
85052,52
85075,50
85098,62
85121,62
85144,64
85167,62
85190,62
85213,50
85236,50
85259,51
85282,52
85305,52
85328,-1
85351,-1
85374,-1
85397,-1
85420,-1
85443,-1
85466,-1
85489,-1
85512,-1
85535,-1
85558,-1
85581,-1
85604,-1
85627,58
85650,52
85673,53
85696,53
85719,53
85742,53
85765,53
85788,53
85811,53
85834,54
85857,53
85880,53
85903,52
85926,52
85949,52
85972,52
85995,52
86018,52
86041,52
86064,52
86087,54
86110,54
86133,54
86156,54
86179,53
86201,52
86224,52
86247,52
86270,51
86293,84
86316,65
86339,53
86362,52
86385,53
86408,53
86431,50
86454,50
86477,52
86500,52
86523,53
86546,53
86569,54
86592,54
86615,54
86638,52
86661,55
86684,64
86707,57
86730,73
86753,69
86776,69
86799,72
86822,53
86845,74
86868,72
86891,-1
86914,-1
86937,52
86960,53
86983,53
87006,53
87029,54
87052,54
87075,54
87098,53
87121,78
87144,70
87167,70
87190,70
87213,71
87236,54
87259,53
87282,53
87305,52
87328,52
87351,52
87374,-1
87397,-1
87420,-1
87443,58
87466,53
87489,53
87512,51
87535,51
87558,-1
87581,-1
87604,-1
87627,-1
87650,69
87673,51
87696,59
87719,56
87742,54
87765,53
87788,53
87811,51
87834,-1
87857,-1
87880,-1
87903,-1
87926,55
87949,54
87972,54
87995,54
88018,54
88041,54
88064,54
88087,54
88110,53
88133,53
88156,53
88179,53
88202,53
88225,53
88248,52
88271,71
88294,72
88317,52
88340,51
88363,51
88386,51
88409,52
88432,53
88455,53
88478,53
88501,53
88524,41
88547,50
88570,51
88593,-1
88616,84
88639,50
88662,53
88685,65
88708,54
88731,54
88754,53
88777,64
88800,63
88823,63
88846,49
88869,48
88892,48
88915,48
88938,59
88961,59
88984,-1
89007,-1
89030,-1
89053,-1
89076,-1
89099,-1
89122,-1
89145,-1
89168,-1
89191,-1
89214,-1
89237,-1
89260,-1
89283,78
89306,79
89329,55
89352,54
89375,54
89398,54
89421,54
89444,53
89467,53
89490,52
89513,52
89536,53
89559,66
89581,54
89604,53
89627,53
89650,53
89673,53
89696,53
89719,53
89742,53
89765,54
89788,54
89811,54
89834,54
89857,54
89880,54
89903,54
89926,54
89949,53
89972,53
89995,53
90018,53
90041,53
90064,52
90087,52
90110,52
90133,52
90156,51
90179,-1
90202,-1
90225,54
90248,54
90271,54
90294,54
90317,54
90340,52
90363,84
90386,-1
90409,-1
90432,-1
90455,-1
90478,-1
90501,-1
90524,-1
90547,-1
90570,-1
90593,-1
90616,-1
90639,-1
90662,-1
90685,53
90708,54
90731,54
90754,54
90777,54
90800,68
90823,82
90846,-1
90869,-1
90892,-1
90915,-1
90938,-1
90961,-1
90984,-1
91007,-1
91030,-1
91053,-1
91076,-1
91099,-1
91122,69
91145,53
91168,53
91191,54
91214,54
91237,54
91260,54
91283,54
91306,54
91329,53
91352,53
91375,53
91398,52
91421,52
91444,52
91467,53
91490,53
91513,53
91536,53
91559,51
91582,57
91605,68
91628,78
91651,55
91674,55
91697,55
91720,55
91743,55
91766,55
91789,54
91812,54
91835,54
91858,53
91881,53
91904,53
91927,52
91950,52
91973,52
91996,52
92019,52
92042,52
92065,78
92088,74
92111,73
92134,72
92157,60
92180,51
92203,50
92226,50
92249,50
92272,50
92295,50
92318,51
92341,50
92364,50
92387,50
92410,50
92433,50
92456,50
92479,50
92502,49
92525,60
92548,48
92571,48
92594,47
92617,47
92640,78
92663,47
92686,47
92709,47
92732,-1
92755,-1
92778,-1
92801,-1
92824,-1
92847,-1
92870,-1
92893,-1
92916,-1
92939,-1
92961,-1
92984,-1
93007,84
93030,53
93053,53
93076,53
93099,54
93122,53
93145,51
93168,-1
93191,81
93214,80
93237,75
93260,56
93283,54
93306,52
93329,52
93352,52
93375,52
93398,52
93421,52
93444,52
93467,53
93490,53
93513,54
93536,54
93559,54
93582,54
93605,54
93628,53
93651,53
93674,54
93697,54
93720,54
93743,54
93766,54
93789,53
93812,-1
93835,-1
93858,-1
93881,68
93904,70
93927,80
93950,56
93973,53
93996,53
94019,53
94042,52
94065,52
94088,52
94111,52
94134,52
94157,84
94180,-1
94203,-1
94226,-1
94249,-1
94272,-1
94295,-1
94318,-1
94341,76
94364,63
94387,55
94410,53
94433,53
94456,53
94479,52
94502,52
94525,52
94548,52
94571,45
94594,-1
94617,-1
94640,-1
94663,-1
94686,-1
94709,-1
94732,-1
94755,-1
94778,-1
94801,-1
94824,70
94847,70
94870,53
94893,53
94916,53
94939,52
94962,52
94985,-1
95008,-1
95031,49
95054,70
95077,79
95100,56
95123,54
95146,53
95169,52
95192,52
95215,52
95238,53
95261,53
95284,53
95307,53
95330,54
95353,54
95376,54
95399,54
95422,54
95445,54
95468,54
95491,52
95514,52
95537,52
95560,51
95583,41
95606,53
95629,52
95652,52
95675,52
95698,52
95721,52
95744,51
95767,68
95790,52
95813,52
95836,52
95859,49
95882,-1
95905,78
95928,54
95951,70
95974,82
95997,84
96020,50
96043,50
96066,51
96089,51
96112,51
96135,50
96158,50
96181,49
96204,49
96227,48
96250,48
96273,48
96296,48
96319,59
96341,59
96364,59
96387,58
96410,58
96433,58
96456,-1
96479,50
96502,50
96525,50
96548,50
96571,50
96594,50
96617,50
96640,50
96663,50
96686,63
96709,50
96732,50
96755,49
96778,50
96801,50
96824,50
96847,81
96870,49
96893,49
96916,50
96939,52
96962,53
96985,53
97008,53
97031,80
97054,80
97077,52
97100,77
97123,50
97146,-1
97169,-1
97192,53
97215,54
97238,54
97261,54
97284,54
97307,53
97330,51
97353,-1
97376,-1
97399,-1
97422,41
97445,54
97468,54
97491,54
97514,54
97537,54
97560,53
97583,52
97606,52
97629,53
97652,53
97675,52
97698,52
97721,52
97744,52
97767,52
97790,52
97813,52
97836,52
97859,51
97882,-1
97905,-1
97928,-1
97951,-1
97974,-1
97997,-1
98020,-1
98043,50
98066,51
98089,52
98112,53
98135,53
98158,53
98181,53
98204,52
98227,52
98250,52
98273,51
98296,50
98319,-1
98342,-1
98365,-1
98388,-1
98411,-1
98434,-1
98457,-1
98480,-1
98503,52
98526,53
98549,53
98572,55
98595,55
98618,54
98641,54
98664,54
98687,53
98710,52
98733,-1
98756,-1
98779,77
98802,74
98825,54
98848,54
98871,54
98894,54
98917,54
98940,53
98963,53
98986,53
99009,54
99032,54
99055,55
99078,55
99101,54
99124,53
99147,56
99170,55
99193,75
99216,71
99239,80
99262,67
99285,68
99308,54
99331,54
99354,53
99377,53
99400,53
99423,53
99446,53
99469,54
99492,54
99515,54
99538,53
99561,53
99584,54
99607,54
99630,52
99653,51
99676,52
99699,70
99721,56
99744,55
99767,55
99790,55
99813,55
99836,55
99859,54
99882,54
99905,53
99928,53
99951,53
99974,52
99997,51
100020,52
100043,73
100066,73
100089,73
100112,-1
100135,-1
100158,-1
100181,-1
100204,-1
100227,-1
100250,-1
100273,-1
100296,-1
100319,-1
100342,-1
100365,-1
100388,70
100411,52
100434,52
100457,52
100480,52
100503,52
100526,52
100549,53
100572,53
100595,53
100618,54
100641,53
100664,53
100687,52
100710,52
100733,52
100756,51
100779,51
100802,52
100825,53
100848,53
100871,53
100894,53
100917,53
100940,65
100963,53
100986,69
101009,71
101032,-1
101055,-1
101078,-1
101101,74
101124,54
101147,54
101170,54
101193,54
101216,54
101239,53
101262,53
101285,52
101308,52
101331,53
101354,53
101377,52
101400,52
101423,52
101446,52
101469,52
101492,52
101515,71
101538,70
101561,71
101584,-1
101607,-1
101630,-1
101653,-1
101676,-1
101699,-1
101722,-1
101745,51
101768,52
101791,53
101814,53
101837,52
101860,52
101883,52
101906,52
101929,71
101952,52
101975,52
101998,51
102021,72
102044,74
102067,74
102090,58
102113,58
102136,58
102159,59
102182,61
102205,61
102228,52
102251,52
102274,52
102297,52
102320,51
102343,61
102366,40
102389,62
102412,62
102435,63
102458,52
102481,65
102504,65
102527,64
102550,64
102573,64
102596,64
102619,64
102642,55
102665,69
102688,71
102711,55
102734,66
102757,67
102780,67
102803,55
102826,56
102849,42
102872,52
102895,52
102918,82
102941,51
102964,65
102987,64
103010,60
103033,82
103056,59
103079,55
103101,52
103124,82
103147,61
103170,61
103193,62
103216,61
103239,83
103262,60
103285,56
103308,59
103331,59
103354,59
103377,63
103400,63
103423,74
103446,62
103469,62
103492,62
103515,62
103538,62
103561,62
103584,62
103607,62
103630,62
103653,62
103676,61
103699,61
103722,61
103745,60
103768,60
103791,78
103814,59
103837,59
103860,78
103883,59
103906,47
103929,59
103952,60
103975,60
103998,83
104021,61
104044,80
104067,80
104090,80
104113,80
104136,81
104159,80
104182,60
104205,80
104228,68
104251,69
104274,70
104297,60
104320,61
104343,63
104366,64
104389,64
104412,64
104435,64
104458,64
104481,64
104504,64
104527,64
104550,65
104573,84
104596,66
104619,66
104642,66
104665,66
104688,66
104711,66
104734,65
104757,65
104780,64
104803,64
104826,64
104849,64
104872,64
104895,65
104918,84
104941,73
104964,84
104987,73
105010,61
105033,61
105056,61
105079,72
105102,73
105125,-1
105148,-1
105171,-1
105194,-1
105217,-1
105240,74
105263,62
105286,62
105309,62
105332,62
105355,62
105378,62
105401,62
105424,62
105447,61
105470,73
105493,59
105516,60
105539,60
105562,60
105585,60
105608,60
105631,60
105654,60
105677,61
105700,62
105723,62
105746,61
105769,61
105792,62
105815,63
105838,62
105861,61
105884,60
105907,60
105930,62
105953,62
105976,63
105999,-1
106022,58
106045,55
106068,58
106091,58
106114,59
106137,62
106160,63
106183,63
106206,63
106229,64
106252,64
106275,64
106298,64
106321,64
106344,64
106367,65
106390,66
106413,66
106436,66
106459,66
106481,66
106504,66
106527,66
106550,65
106573,62
106596,-1
106619,76
106642,76
106665,64
106688,64
106711,64
106734,64
106757,64
106780,64
106803,63
106826,63
106849,62
106872,61
106895,61
106918,61
106941,61
106964,61
106987,61
107010,61
107033,61
107056,61
107079,62
107102,62
107125,62
107148,62
107171,62
107194,62
107217,62
107240,62
107263,62
107286,61
107309,61
107332,60
107355,60
107378,59
107401,59
107424,59
107447,59
107470,59
107493,59
107516,59
107539,59
107562,59
107585,59
107608,57
107631,84
107654,84
107677,60
107700,84
107723,84
107746,-1
107769,-1
107792,-1
107815,-1
107838,-1
107861,-1
107884,-1
107907,-1
107930,-1
107953,-1
107976,-1
107999,-1
108022,-1
108045,-1
108068,-1
108091,-1
108114,-1
108137,-1
108160,-1
108183,-1
108206,-1
108229,-1
108252,-1
108275,-1
108298,-1
108321,-1
108344,-1
108367,-1
108390,-1
108413,-1
108436,-1
108459,64
108482,63
108505,63
108528,64
108551,64
108574,65
108597,66
108620,66
108643,65
108666,65
108689,64
108712,64
108735,64
108758,64
108781,63
108804,64
108827,64
108850,65
108873,65
108896,65
108919,64
108942,63
108965,64
108988,65
109011,65
109034,64
109057,63
109080,63
109103,70
109126,69
109149,66
109172,65
109195,64
109218,62
109241,65
109264,65
109287,-1
109310,-1
109333,-1
109356,-1
109379,-1
109402,-1
109425,-1
109448,-1
109471,-1
109494,-1
109517,-1
109540,-1
109563,-1
109586,-1
109609,-1
109632,-1
109655,-1
109678,82
109701,83
109724,82
109747,64
109770,72
109793,73
109816,73
109839,62
109861,63
109884,63
109907,64
109930,65
109953,65
109976,64
109999,64
110022,64
110045,64
110068,65
110091,66
110114,66
110137,66
110160,66
110183,66
110206,66
110229,66
110252,65
110275,64
110298,63
110321,64
110344,64
110367,63
110390,-1
110413,-1
110436,-1
110459,-1
110482,-1
110505,68
110528,63
110551,62
110574,62
110597,62
110620,62
110643,62
110666,-1
110689,-1
110712,-1
110735,62
110758,63
110781,63
110804,63
110827,63
110850,63
110873,62
110896,63
110919,62
110942,62
110965,62
110988,62
111011,61
111034,61
111057,61
111080,61
111103,60
111126,60
111149,60
111172,59
111195,59
111218,59
111241,59
111264,59
111287,59
111310,59
111333,59
111356,59
111379,59
111402,59
111425,59
111448,59
111471,59
111494,56
111517,59
111540,63
111563,59
111586,-1
111609,-1
111632,-1
111655,-1
111678,-1
111701,-1
111724,-1
111747,-1
111770,-1
111793,-1
111816,-1
111839,-1
111862,-1
111885,-1
111908,-1
111931,-1
111954,-1
111977,-1
112000,67
112023,67
112046,67
112069,68
112092,68
112115,69
112138,69
112161,70
112184,69
112207,69
112230,69
112253,69
112276,69
112299,69
112322,69
112345,69
112368,69
112391,69
112414,66
112437,66
112460,66
112483,66
112506,66
112529,66
112552,67
112575,67
112598,67
112621,69
112644,70
112667,70
112690,69
112713,69
112736,69
112759,69
112782,69
112805,68
112828,66
112851,64
112874,64
112897,64
112920,64
112943,64
112966,64
112989,64
113012,64
113035,65
113058,66
113081,66
113104,66
113127,65
113150,66
113173,66
113196,67
113219,67
113241,65
113264,65
113287,65
113310,66
113333,67
113356,66
113379,81
113402,64
113425,67
113448,66
113471,65
113494,64
113517,64
113540,66
113563,66
113586,66
113609,-1
113632,-1
113655,-1
113678,-1
113701,-1
113724,-1
113747,-1
113770,-1
113793,-1
113816,-1
113839,-1
113862,-1
113885,-1
113908,78
113931,59
113954,-1
113977,-1
114000,-1
114023,76
114046,76
114069,64
114092,64
114115,63
114138,62
114161,63
114184,63
114207,62
114230,62
114253,62
114276,62
114299,62
114322,63
114345,65
114368,69
114391,70
114414,70
114437,70
114460,69
114483,65
114506,65
114529,64
114552,64
114575,64
114598,64
114621,64
114644,64
114667,64
114690,63
114713,63
114736,63
114759,63
114782,63
114805,63
114828,63
114851,58
114874,84
114897,64
114920,64
114943,64
114966,64
114989,64
115012,64
115035,64
115058,64
115081,64
115104,64
115127,63
115150,61
115173,62
115196,62
115219,62
115242,62
115265,62
115288,62
115311,62
115334,62
115357,62
115380,64
115403,64
115426,64
115449,63
115472,64
115495,64
115518,64
115541,64
115564,64
115587,62
115610,62
115633,62
115656,62
115679,62
115702,62
115725,62
115748,60
115771,57
115794,58
115817,-1
115840,-1
115863,-1
115886,-1
115909,-1
115932,-1
115955,-1
115978,-1
116001,-1
116024,-1
116047,-1
116070,61
116093,62
116116,62
116139,62
116162,62
116185,62
116208,62
116231,62
116254,-1
116277,63
116300,65
116323,65
116346,64
116369,64
116392,65
116415,64
116438,64
116461,64
116484,68
116507,71
116530,66
116553,66
116576,66
116599,66
116621,66
116644,65
116667,64
116690,62
116713,61
116736,64
116759,65
116782,65
116805,64
116828,64
116851,64
116874,64
116897,64
116920,83
116943,82
116966,82
116989,83
117012,83
117035,62
117058,62
117081,62
117104,62
117127,62
117150,62
117173,62
117196,62
117219,62
117242,62
117265,74
117288,58
117311,83
117334,64
117357,47
117380,70
117403,-1
117426,-1
117449,-1
117472,-1
117495,64
117518,64
117541,63
117564,63
117587,63
117610,62
117633,62
117656,62
117679,62
117702,81
117725,61
117748,61
117771,61
117794,60
117817,60
117840,60
117863,59
117886,59
117909,59
117932,59
117955,59
117978,59
118001,59
118024,59
118047,59
118070,47
118093,59
118116,60
118139,80
118162,-1
118185,-1
118208,-1
118231,-1
118254,-1
118277,-1
118300,-1
118323,-1
118346,-1
118369,-1
118392,-1
118415,-1
118438,-1
118461,-1
118484,-1
118507,-1
118530,-1
118553,-1
118576,-1
118599,-1
118622,-1
118645,62
118668,61
118691,61
118714,61
118737,74
118760,75
118783,75
118806,63
118829,65
118852,66
118875,67
118898,68
118921,69
118944,69
118967,70
118990,70
119013,70
119036,71
119059,71
119082,71
119105,71
119128,71
119151,71
119174,71
119197,71
119220,71
119243,71
119266,71
119289,71
119312,71
119335,71
119358,71
119381,71
119404,71
119427,71
119450,71
119473,71
119496,71
119519,70
119542,70
119565,69
119588,69
119611,69
119634,69
119657,69
119680,69
119703,69
119726,69
119749,69
119772,69
119795,69
119818,69
119841,68
119864,68
119887,-1
119910,-1
119933,-1
119956,-1
119979,-1
120001,-1
120024,-1
120047,-1
120070,-1
120093,-1
120116,-1
120139,-1
120162,-1
120185,-1
120208,-1
120231,-1
120254,-1
120277,-1
120300,-1
120323,59
120346,59
120369,-1
120392,-1
120415,-1
120438,49
120461,-1
120484,-1
120507,50
120530,74
120553,74
120576,74
120599,63
120622,63
120645,63
120668,65
120691,67
120714,67
120737,68
120760,68
120783,68
120806,69
120829,69
120852,69
120875,69
120898,69
120921,69
120944,69
120967,69
120990,69
121013,69
121036,69
121059,69
121082,69
121105,69
121128,69
121151,69
121174,57
121197,57
121220,69
121243,69
121266,69
121289,69
121312,69
121335,69
121358,69
121381,68
121404,68
121427,67
121450,67
121473,67
121496,67
121519,67
121542,67
121565,78
121588,66
121611,66
121634,66
121657,78
121680,79
121703,79
121726,81
121749,81
121772,81
121795,83
121818,57
121841,56
121864,69
121887,69
121910,69
121933,69
121956,68
121979,68
122002,68
122025,68
122048,68
122071,68
122094,68
122117,60
122140,68
122163,68
122186,64
122209,65
122232,67
122255,67
122278,67
122301,66
122324,66
122347,67
122370,67
122393,67
122416,66
122439,66
122462,65
122485,64
122508,62
122531,64
122554,66
122577,66
122600,66
122623,66
122646,66
122669,66
122692,66
122715,66
122738,66
122761,66
122784,65
122807,65
122830,64
122853,64
122876,65
122899,65
122922,66
122945,66
122968,65
122991,64
123014,64
123037,64
123060,64
123083,64
123106,64
123129,63
123152,63
123175,63
123198,63
123221,62
123244,62
123267,62
123290,61
123313,61
123336,61
123359,62
123381,62
123404,62
123427,62
123450,62
123473,62
123496,50
123519,-1
123542,-1
123565,78
123588,78
123611,-1
123634,-1
123657,-1
123680,-1
123703,65
123726,65
123749,64
123772,64
123795,64
123818,64
123841,64
123864,64
123887,64
123910,64
123933,64
123956,64
123979,64
124002,64
124025,64
124048,64
124071,66
124094,66
124117,66
124140,66
124163,66
124186,66
124209,66
124232,66
124255,66
124278,66
124301,66
124324,66
124347,66
124370,-1
124393,65
124416,66
124439,66
124462,66
124485,66
124508,66
124531,66
124554,66
124577,66
124600,65
124623,65
124646,65
124669,64
124692,66
124715,64
124738,65
124761,66
124784,66
124807,66
124830,66
124853,66
124876,67
124899,66
124922,66
124945,66
124968,66
124991,66
125014,65
125037,64
125060,64
125083,64
125106,64
125129,64
125152,63
125175,63
125198,64
125221,65
125244,65
125267,65
125290,64
125313,63
125336,63
125359,63
125382,64
125405,65
125428,65
125451,64
125474,63
125497,63
125520,63
125543,64
125566,65
125589,65
125612,53
125635,66
125658,66
125681,67
125704,66
125727,65
125750,65
125773,66
125796,51
125819,71
125842,55
125865,73
125888,65
125911,80
125934,78
125957,78
125980,58
126003,-1
126026,73
126049,62
126072,74
126095,62
126118,62
126141,63
126164,63
126187,63
126210,64
126233,66
126256,67
126279,68
126302,69
126325,69
126348,69
126371,70
126394,70
126417,71
126440,71
126463,70
126486,71
126509,71
126532,71
126555,71
126578,71
126601,71
126624,71
126647,71
126670,71
126693,71
126716,71
126739,71
126761,71
126784,71
126807,71
126830,71
126853,71
126876,71
126899,71
126922,69
126945,69
126968,69
126991,69
127014,69
127037,69
127060,69
127083,69
127106,69
127129,69
127152,69
127175,69
127198,69
127221,69
127244,-1
127267,-1
127290,-1
127313,-1
127336,-1
127359,-1
127382,-1
127405,-1
127428,-1
127451,-1
127474,-1
127497,-1
127520,-1
127543,-1
127566,-1
127589,-1
127612,-1
127635,-1
127658,58
127681,59
127704,59
127727,58
127750,73
127773,74
127796,58
127819,58
127842,-1
127865,-1
127888,74
127911,74
127934,74
127957,74
127980,74
128003,63
128026,63
128049,63
128072,65
128095,67
128118,68
128141,68
128164,68
128187,69
128210,69
128233,57
128256,57
128279,69
128302,69
128325,69
128348,69
128371,69
128394,69
128417,69
128440,69
128463,69
128486,69
128509,69
128532,64
128555,64
128578,65
128601,65
128624,66
128647,66
128670,66
128693,67
128716,67
128739,68
128762,68
128785,69
128808,68
128831,68
128854,68
128877,69
128900,69
128923,70
128946,69
128969,68
128992,68
129015,69
129038,50
129061,69
129084,68
129107,67
129130,68
129153,50
129176,69
129199,68
129222,68
129245,69
129268,81
129291,69
129314,69
129337,69
129360,68
129383,68
129406,68
129429,68
129452,67
129475,67
129498,52
129521,84
129544,75
129567,68
129590,44
129613,54
129636,67
129659,67
129682,67
129705,67
129728,66
129751,66
129774,66
129797,65
129820,65
129843,66
129866,68
129889,67
129912,65
129935,66
129958,67
129981,66
130004,66
130027,66
130050,66
130073,66
130096,65
130119,66
130141,66
130164,-1
130187,-1
130210,-1
130233,67
130256,67
130279,66
130302,66
130325,66
130348,66
130371,66
130394,66
130417,65
130440,65
130463,64
130486,64
130509,64
130532,64
130555,75
130578,65
130601,64
130624,66
130647,-1
130670,-1
130693,67
130716,67
130739,67
130762,67
130785,67
130808,67
130831,67
130854,67
130877,66
130900,-1
130923,63
130946,63
130969,63
130992,63
131015,62
131038,62
131061,62
131084,62
131107,62
131130,62
131153,62
131176,62
131199,62
131222,62
131245,-1
131268,-1
131291,74
131314,84
131337,65
131360,65
131383,65
131406,64
131429,64
131452,64
131475,64
131498,64
131521,64
131544,64
131567,64
131590,65
131613,65
131636,66
131659,66
131682,66
131705,66
131728,66
131751,66
131774,66
131797,66
131820,66
131843,66
131866,66
131889,66
131912,66
131935,66
131958,66
131981,67
132004,66
132027,66
132050,66
132073,66
132096,66
132119,66
132142,67
132165,66
132188,65
132211,65
132234,65
132257,66
132280,66
132303,54
132326,54
132349,53
132372,72
132395,70
132418,70
132441,70
132464,67
132487,66
132510,69
132533,69
132556,69
132579,76
132602,69
132625,71
132648,66
132671,56
132694,81
132717,84
132740,84
132763,84
132786,72
132809,84
132832,-1
132855,-1
132878,-1
132901,-1
132924,-1
132947,-1
132970,-1
132993,-1
133016,-1
133039,-1
133062,-1
133085,-1
133108,-1
133131,-1
133154,-1
133177,-1
133200,-1
133223,-1
133246,-1
133269,-1
133292,-1
133315,-1
133338,-1
133361,-1
133384,-1
133407,-1
133430,-1
133453,61
133476,73
133499,73
133521,74
133544,75
133567,75
133590,64
133613,65
133636,67
133659,68
133682,69
133705,69
133728,70
133751,70
133774,70
133797,70
133820,71
133843,71
133866,71
133889,71
133912,71
133935,71
133958,71
133981,71
134004,71
134027,71
134050,71
134073,71
134096,71
134119,71
134142,71
134165,71
134188,71
134211,71
134234,71
134257,71
134280,71
134303,70
134326,69
134349,69
134372,69
134395,69
134418,69
134441,69
134464,69
134487,69
134510,69
134533,69
134556,69
134579,69
134602,68
134625,68
134648,75
134671,-1
134694,-1
134717,-1
134740,-1
134763,-1
134786,-1
134809,-1
134832,-1
134855,-1
134878,-1
134901,-1
134924,-1
134947,-1
134970,-1
134993,-1
135016,-1
135039,-1
135062,-1
135085,59
135108,58
135131,58
135154,59
135177,-1
135200,49
135223,61
135246,73
135269,71
135292,74
135315,74
135338,74
135361,74
135384,63
135407,63
135430,64
135453,65
135476,67
135499,68
135522,68
135545,68
135568,69
135591,69
135614,69
135637,69
135660,69
135683,69
135706,69
135729,69
135752,69
135775,69
135798,69
135821,69
135844,69
135867,69
135890,69
135913,69
135936,57
135959,57
135982,69
136005,69
136028,69
136051,69
136074,69
136097,69
136120,69
136143,68
136166,68
136189,67
136212,67
136235,67
136258,67
136281,67
136304,67
136327,67
136350,78
136373,66
136396,66
136419,78
136442,78
136465,79
136488,80
136511,81
136534,48
136557,49
136580,83
136603,57
136626,68
136649,69
136672,69
136695,69
136718,68
136741,68
136764,68
136787,68
136810,68
136833,68
136856,68
136879,68
136901,68
136924,68
136947,68
136970,64
136993,66
137016,67
137039,67
137062,67
137085,66
137108,67
137131,67
137154,67
137177,66
137200,66
137223,65
137246,65
137269,64
137292,62
137315,64
137338,66
137361,66
137384,66
137407,78
137430,66
137453,66
137476,66
137499,66
137522,66
137545,65
137568,65
137591,64
137614,64
137637,65
137660,66
137683,66
137706,65
137729,65
137752,65
137775,64
137798,64
137821,64
137844,64
137867,64
137890,64
137913,63
137936,63
137959,63
137982,62
138005,62
138028,63
138051,62
138074,61
138097,61
138120,61
138143,62
138166,62
138189,62
138212,62
138235,62
138258,62
138281,-1
138304,-1
138327,-1
138350,-1
138373,-1
138396,-1
138419,-1
138442,-1
138465,77
138488,65
138511,64
138534,64
138557,64
138580,64
138603,64
138626,64
138649,64
138672,64
138695,64
138718,64
138741,64
138764,64
138787,64
138810,64
138833,64
138856,66
138879,66
138902,66
138925,66
138948,66
138971,66
138994,66
139017,66
139040,66
139063,66
139086,66
139109,66
139132,66
139155,-1
139178,66
139201,66
139224,66
139247,66
139270,66
139293,66
139316,66
139339,66
139362,65
139385,65
139408,65
139431,65
139454,64
139477,64
139500,64
139523,66
139546,66
139569,66
139592,66
139615,66
139638,67
139661,66
139684,66
139707,66
139730,66
139753,66
139776,65
139799,64
139822,64
139845,64
139868,64
139891,64
139914,63
139937,63
139960,64
139983,64
140006,65
140029,65
140052,64
140075,63
140098,63
140121,63
140144,64
140167,65
140190,65
140213,65
140236,64
140259,63
140281,63
140304,63
140327,65
140350,65
140373,65
140396,52
140419,66
140442,56
140465,67
140488,65
140511,65
140534,64
140557,67
140580,84
140603,71
140626,79
140649,76
140672,80
140695,52
140718,47
140741,59
140764,-1
140787,73
140810,60
140833,62
140856,62
140879,61
140902,62
140925,63
140948,63
140971,64
140994,65
141017,66
141040,68
141063,69
141086,69
141109,69
141132,70
141155,70
141178,70
141201,71
141224,70
141247,71
141270,71
141293,71
141316,71
141339,71
141362,71
141385,71
141408,71
141431,71
141454,71
141477,71
141500,71
141523,71
141546,71
141569,71
141592,71
141615,71
141638,71
141661,70
141684,69
141707,69
141730,69
141753,69
141776,69
141799,69
141822,69
141845,69
141868,69
141891,69
141914,69
141937,69
141960,69
141983,69
142006,-1
142029,-1
142052,-1
142075,-1
142098,-1
142121,-1
142144,-1
142167,-1
142190,-1
142213,-1
142236,-1
142259,-1
142282,-1
142305,-1
142328,-1
142351,-1
142374,-1
142397,-1
142420,70
142443,59
142466,59
142489,58
142512,58
142535,58
142558,59
142581,73
142604,73
142627,61
142650,74
142673,74
142696,62
142719,74
142742,63
142765,63
142788,63
142811,63
142834,65
142857,67
142880,68
142903,68
142926,68
142949,69
142972,69
142995,69
143018,69
143041,69
143064,69
143087,69
143110,69
143133,69
143156,69
143179,69
143202,57
143225,69
143248,69
143271,69
143294,69
143317,68
143340,65
143363,65
143386,66
143409,66
143432,66
143455,67
143478,67
143501,68
143524,68
143547,69
143570,68
143593,68
143616,68
143639,69
143661,69
143684,70
143707,69
143730,68
143753,68
143776,69
143799,50
143822,50
143845,68
143868,67
143891,67
143914,80
143937,50
143960,69
143983,68
144006,69
144029,69
144052,69
144075,69
144098,69
144121,68
144144,68
144167,68
144190,68
144213,67
144236,67
144259,64
144282,68
144305,75
144328,64
144351,69
144374,50
144397,67
144420,67
144443,67
144466,67
144489,67
144512,66
144535,66
144558,65
144581,65
144604,62
144627,62
144650,67
144673,66
144696,67
144719,67
144742,67
144765,66
144788,66
144811,66
144834,66
144857,66
144880,66
144903,66
144926,-1
144949,-1
144972,-1
144995,66
145018,67
145041,66
145064,66
145087,66
145110,66
145133,66
145156,66
145179,66
145202,65
145225,65
145248,64
145271,64
145294,64
145317,64
145340,63
145363,64
145386,-1
145409,-1
145432,-1
145455,-1
145478,67
145501,67
145524,67
145547,67
145570,67
145593,67
145616,67
145639,-1
145662,-1
145685,63
145708,63
145731,63
145754,63
145777,63
145800,62
145823,62
145846,62
145869,62
145892,62
145915,62
145938,62
145961,62
145984,62
146007,-1
146030,-1
146053,-1
146076,68
146099,66
146122,65
146145,65
146168,64
146191,64
146214,64
146237,64
146260,64
146283,64
146306,64
146329,64
146352,65
146375,65
146398,66
146421,66
146444,66
146467,66
146490,66
146513,66
146536,66
146559,66
146582,66
146605,66
146628,66
146651,66
146674,66
146697,66
146720,66
146743,67
146766,66
146789,66
146812,66
146835,66
146858,66
146881,66
146904,66
146927,66
146950,66
146973,65
146996,65
147019,66
147041,66
147064,55
147087,54
147110,54
147133,53
147156,54
147179,72
147202,72
147225,70
147248,46
147271,70
147294,69
147317,70
147340,67
147363,55
147386,54
147409,54
147432,54
147455,84
147478,84
147501,84
147524,68
147547,84
147570,74
147593,74
147616,74
147639,66
147662,66
147685,67
147708,67
147731,46
147754,54
147777,72
147800,53
147823,72
147846,53
147869,54
147892,54
147915,66
147938,-1
147961,-1
147984,-1
148007,-1
148030,-1
148053,-1
148076,-1
148099,-1
148122,-1
148145,-1
148168,-1
148191,-1
148214,-1
148237,-1
148260,-1
148283,72
148306,66
148329,54
148352,67
148375,-1
148398,-1
148421,-1
148444,-1
148467,-1
148490,-1
148513,-1
148536,-1
148559,-1
148582,-1
148605,-1
148628,-1
148651,71
148674,69
148697,54
148720,72
148743,-1
148766,-1
148789,-1
148812,-1
148835,54
148858,56
148881,45
148904,59
148927,59
148950,58
148973,57
148996,58
149019,56
149042,56
149065,-1
149088,-1
149111,71
149134,59
149157,53
149180,56
149203,40
149226,79
149249,-1
149272,-1
149295,73
149318,69
149341,42
149364,72
149387,73
149410,71
149433,45
149456,61
149479,63
149502,64
149525,64
149548,65
149571,62
149594,63
149617,64
149640,64
149663,63
149686,73
149709,71
149732,70
149755,69
149778,69
149801,70
149824,-1
149847,-1
149870,-1
149893,51
149916,61
149939,80
149962,-1
149985,-1
150008,-1
150031,-1
150054,-1
150077,-1
150100,-1
150123,-1
150146,-1
150169,-1
150192,-1
150215,-1
150238,-1
150261,-1
150284,-1
150307,-1
150330,-1
150353,-1
150376,-1
150399,-1
150421,-1
150444,-1
150467,-1
150490,54
150513,72
150536,52
150559,66
150582,-1
150605,-1
150628,-1
150651,83
150674,72
150697,58
150720,60
150743,60
150766,60
150789,60
150812,59
150835,59
150858,47
150881,62
150904,53
150927,60
150950,72
150973,59
150996,60
151019,53
151042,45
151065,52
151088,52
151111,41
151134,83
151157,69
151180,75
151203,62
151226,45
151249,58
151272,62
151295,62
151318,62
151341,61
151364,60
151387,60
151410,59
151433,59
151456,70
151479,58
151502,58
151525,58
151548,71
151571,42
151594,-1
151617,-1
151640,-1
151663,-1
151686,-1
151709,-1
151732,-1
151755,-1
151778,-1
151801,-1
151824,-1
151847,-1
151870,-1
151893,-1
151916,-1
151939,-1
151962,-1
151985,-1
152008,-1
152031,-1
152054,-1
152077,-1
152100,-1
152123,-1
152146,-1
152169,-1
152192,-1
152215,-1
152238,-1
152261,-1
152284,-1
152307,-1
152330,-1
152353,-1
152376,72
152399,69
152422,-1
152445,-1
152468,-1
152491,-1
152514,59
152537,53
152560,61
152583,62
152606,60
152629,48
152652,47
152675,71
152698,81
152721,81
152744,51
152767,70
152790,62
152813,61
152836,61
152859,41
152882,41
152905,47
152928,59
152951,45
152974,68
152997,51
153020,70
153043,50
153066,51
153089,44
153112,59
153135,62
153158,62
153181,62
153204,62
153227,62
153250,61
153273,71
153296,71
153319,71
153342,72
153365,72
153388,50
153411,57
153434,73
153457,-1
153480,-1
153503,-1
153526,-1
153549,-1
153572,-1
153595,-1
153618,-1
153641,-1
153664,-1
153687,-1
153710,-1
153733,-1
153756,-1
153779,-1
153801,-1
153824,-1
153847,-1
153870,-1
153893,-1
153916,-1
153939,-1
153962,-1
153985,-1
154008,-1
154031,-1
154054,-1
154077,-1
154100,-1
154123,-1
154146,-1
154169,-1
154192,-1
154215,-1
154238,-1
154261,-1
154284,-1
154307,-1
154330,-1
154353,-1
154376,-1
154399,54
154422,54
154445,54
154468,54
154491,54
154514,54
154537,54
154560,54
154583,81
154606,71
154629,53
154652,54
154675,54
154698,54
154721,54
154744,54
154767,54
154790,54
154813,54
154836,54
154859,54
154882,54
154905,54
154928,54
154951,-1
154974,-1
154997,52
155020,52
155043,52
155066,52
155089,52
155112,52
155135,52
155158,52
155181,52
155204,52
155227,52
155250,52
155273,52
155296,52
155319,52
155342,52
155365,52
155388,52
155411,54
155434,54
155457,54
155480,54
155503,54
155526,54
155549,54
155572,54
155595,54
155618,54
155641,54
155664,54
155687,54
155710,54
155733,-1
155756,-1
155779,-1
155802,-1
155825,-1
155848,-1
155871,-1
155894,-1
155917,-1
155940,-1
155963,-1
155986,-1
156009,-1
156032,-1
156055,-1
156078,-1
156101,-1
156124,-1
156147,-1
156170,-1
156193,-1
156216,-1
156239,-1
156262,-1
156285,-1
156308,-1
156331,-1
156354,-1
156377,-1
156400,-1
156423,-1
156446,-1
156469,70
156492,58
156515,59
156538,60
156561,60
156584,60
156607,59
156630,58
156653,58
156676,57
156699,54
156722,57
156745,60
156768,63
156791,63
156814,62
156837,63
156860,42
156883,61
156906,63
156929,63
156952,63
156975,62
156998,61
157021,61
157044,60
157067,59
157090,71
157113,58
157136,58
157159,58
157181,80
157204,80
157227,79
157250,-1
157273,-1
157296,-1
157319,-1
157342,-1
157365,-1
157388,-1
157411,-1
157434,-1
157457,-1
157480,-1
157503,-1
157526,-1
157549,-1
157572,-1
157595,-1
157618,-1
157641,-1
157664,-1
157687,-1
157710,-1
157733,-1
157756,-1
157779,-1
157802,-1
157825,-1
157848,-1
157871,-1
157894,-1
157917,-1
157940,-1
157963,-1
157986,-1
158009,-1
158032,-1
158055,-1
158078,-1
158101,-1
158124,-1
158147,-1
158170,-1
158193,-1
158216,-1
158239,-1
158262,61
158285,63
158308,74
158331,62
158354,61
158377,60
158400,52
158423,78
158446,59
158469,58
158492,52
158515,56
158538,59
158561,59
158584,59
158607,83
158630,71
158653,62
158676,78
158699,54
158722,55
158745,54
158768,63
158791,63
158814,62
158837,62
158860,61
158883,61
158906,60
158929,60
158952,60
158975,59
158998,59
159021,59
159044,59
159067,58
159090,57
159113,-1
159136,79
159159,-1
159182,-1
159205,-1
159228,-1
159251,-1
159274,-1
159297,-1
159320,-1
159343,-1
159366,-1
159389,-1
159412,-1
159435,-1
159458,-1
159481,-1
159504,-1
159527,-1
159550,-1
159573,-1
159596,-1
159619,-1
159642,-1
159665,-1
159688,-1
159711,-1
159734,-1
159757,-1
159780,-1
159803,-1
159826,-1
159849,-1
159872,-1
159895,-1
159918,-1
159941,62
159964,62
159987,61
160010,61
160033,61
160056,60
160079,59
160102,45
160125,54
160148,55
160171,60
160194,61
160217,61
160240,60
160263,47
160286,46
160309,59
160332,59
160355,57
160378,58
160401,58
160424,56
160447,58
160470,59
160493,61
160516,62
160539,61
160561,61
160584,61
160607,72
160630,71
160653,58
160676,58
160699,58
160722,57
160745,63
160768,57
160791,72
160814,-1
160837,-1
160860,-1
160883,-1
160906,-1
160929,-1
160952,-1
160975,-1
160998,-1
161021,-1
161044,-1
161067,-1
161090,-1
161113,-1
161136,-1
161159,-1
161182,-1
161205,-1
161228,-1
161251,-1
161274,-1
161297,-1
161320,-1
161343,-1
161366,-1
161389,-1
161412,-1
161435,-1
161458,-1
161481,-1
161504,-1
161527,-1
161550,-1
161573,-1
161596,-1
161619,-1
161642,-1
161665,-1
161688,-1
161711,-1
161734,-1
161757,-1
161780,-1
161803,54
161826,54
161849,54
161872,54
161895,54
161918,42
161941,42
161964,54
161987,54
162010,54
162033,54
162056,54
162079,54
162102,54
162125,54
162148,54
162171,54
162194,54
162217,74
162240,74
162263,-1
162286,-1
162309,-1
162332,-1
162355,-1
162378,72
162401,69
162424,69
162447,-1
162470,-1
162493,-1
162516,-1
162539,-1
162562,-1
162585,-1
162608,-1
162631,-1
162654,-1
162677,-1
162700,-1
162723,-1
162746,67
162769,48
162792,55
162815,55
162838,55
162861,54
162884,54
162907,55
162930,56
162953,55
162976,54
162999,54
163022,54
163045,54
163068,54
163091,55
163114,-1
163137,-1
163160,-1
163183,-1
163206,-1
163229,-1
163252,-1
163275,-1
163298,-1
163321,-1
163344,-1
163367,-1
163390,-1
163413,-1
163436,-1
163459,-1
163482,-1
163505,-1
163528,-1
163551,-1
163574,-1
163597,-1
163620,-1
163643,-1
163666,-1
163689,-1
163712,-1
163735,-1
163758,-1
163781,-1
163804,70
163827,59
163850,60
163873,60
163896,84
163919,84
163941,59
163964,59
163987,59
164010,59
164033,56
164056,44
164079,39
164102,57
164125,58
164148,57
164171,58
164194,57
164217,53
164240,54
164263,55
164286,54
164309,61
164332,52
164355,64
164378,69
164401,62
164424,61
164447,60
164470,59
164493,59
164516,58
164539,58
164562,57
164585,57
164608,56
164631,81
164654,81
164677,-1
164700,-1
164723,-1
164746,-1
164769,-1
164792,-1
164815,-1
164838,-1
164861,-1
164884,-1
164907,-1
164930,-1
164953,-1
164976,-1
164999,-1
165022,-1
165045,-1
165068,-1
165091,-1
165114,-1
165137,-1
165160,-1
165183,-1
165206,-1
165229,-1
165252,-1
165275,-1
165298,-1
165321,-1
165344,-1
165367,-1
165390,-1
165413,-1
165436,-1
165459,-1
165482,59
165505,71
165528,60
165551,59
165574,60
165597,57
165620,39
165643,49
165666,-1
165689,48
165712,66
165735,62
165758,62
165781,62
165804,54
165827,60
165850,72
165873,75
165896,48
165919,59
165942,59
165965,50
165988,66
166011,-1
166034,-1
166057,-1
166080,62
166103,74
166126,62
166149,43
166172,80
166195,62
166218,62
166241,62
166264,62
166287,62
166310,61
166333,61
166356,60
166379,60
166402,60
166425,59
166448,59
166471,59
166494,58
166517,57
166540,81
166563,-1
166586,-1
166609,-1
166632,-1
166655,-1
166678,-1
166701,-1
166724,-1
166747,-1
166770,-1
166793,-1
166816,-1
166839,-1
166862,-1
166885,-1
166908,-1
166931,-1
166954,-1
166977,-1
167000,-1
167023,-1
167046,-1
167069,-1
167092,-1
167115,-1
167138,-1
167161,-1
167184,-1
167207,-1
167230,-1
167253,-1
167276,-1
167299,-1
167321,60
167344,48
167367,53
167390,53
167413,53
167436,59
167459,40
167482,51
167505,51
167528,52
167551,57
167574,60
167597,61
167620,62
167643,64
167666,42
167689,51
167712,52
167735,52
167758,61
167781,71
167804,60
167827,61
167850,62
167873,62
167896,62
167919,62
167942,42
167965,61
167988,49
168011,61
168034,48
168057,72
168080,72
168103,59
168126,59
168149,58
168172,60
168195,81
168218,81
168241,81
168264,-1
168287,-1
168310,-1
168333,-1
168356,-1
168379,-1
168402,-1
168425,-1
168448,-1
168471,-1
168494,-1
168517,-1
168540,-1
168563,-1
168586,-1
168609,-1
168632,-1
168655,-1
168678,-1
168701,-1
168724,-1
168747,-1
168770,-1
168793,-1
168816,-1
168839,-1
168862,-1
168885,-1
168908,-1
168931,-1
168954,-1
168977,-1
169000,-1
169023,-1
169046,-1
169069,-1
169092,-1
169115,-1
169138,-1
169161,-1
169184,62
169207,63
169230,62
169253,62
169276,54
169299,54
169322,61
169345,47
169368,54
169391,54
169414,61
169437,62
169460,63
169483,64
169506,65
169529,42
169552,50
169575,50
169598,61
169621,62
169644,62
169667,61
169690,61
169713,62
169736,63
169759,63
169782,63
169805,63
169828,62
169851,62
169874,61
169897,61
169920,60
169943,40
169966,52
169989,52
170012,52
170035,52
170058,52
170081,52
170104,52
170127,52
170150,54
170173,54
170196,54
170219,54
170242,54
170265,54
170288,54
170311,54
170334,54
170357,54
170380,54
170403,54
170426,54
170449,54
170472,54
170495,54
170518,-1
170541,60
170564,60
170587,59
170610,59
170633,59
170656,59
170679,58
170701,58
170724,55
170747,55
170770,59
170793,60
170816,59
170839,59
170862,59
170885,58
170908,58
170931,57
170954,55
170977,-1
171000,60
171023,60
171046,60
171069,71
171092,47
171115,54
171138,54
171161,54
171184,54
171207,54
171230,54
171253,54
171276,54
171299,54
171322,54
171345,54
171368,54
171391,47
171414,42
171437,70
171460,58
171483,58
171506,58
171529,58
171552,59
171575,60
171598,60
171621,60
171644,60
171667,60
171690,52
171713,52
171736,52
171759,52
171782,52
171805,52
171828,52
171851,52
171874,52
171897,52
171920,52
171943,77
171966,54
171989,54
172012,54
172035,54
172058,54
172081,54
172104,54
172127,54
172150,54
172173,54
172196,74
172219,73
172242,61
172265,61
172288,61
172311,58
172334,48
172357,40
172380,52
172403,62
172426,61
172449,61
172472,61
172495,61
172518,61
172541,61
172564,60
172587,59
172610,60
172633,62
172656,61
172679,61
172702,61
172725,61
172748,61
172771,60
172794,60
172817,59
172840,62
172863,62
172886,61
172909,61
172932,61
172955,42
172978,42
173001,42
173024,58
173047,55
173070,54
173093,61
173116,62
173139,63
173162,42
173185,54
173208,54
173231,54
173254,54
173277,54
173300,54
173323,54
173346,61
173369,61
173392,61
173415,62
173438,62
173461,62
173484,62
173507,62
173530,62
173553,61
173576,61
173599,61
173622,49
173645,61
173668,52
173691,52
173714,52
173737,52
173760,52
173783,52
173806,52
173829,52
173852,54
173875,54
173898,54
173921,54
173944,54
173967,54
173990,54
174013,54
174036,54
174059,54
174081,54
174104,54
174127,54
174150,53
174173,-1
174196,-1
174219,-1
174242,-1
174265,-1
174288,-1
174311,-1
174334,-1
174357,-1
174380,-1
174403,-1
174426,-1
174449,-1
174472,-1
174495,63
174518,63
174541,61
174564,61
174587,60
174610,60
174633,60
174656,57
174679,56
174702,45
174725,63
174748,62
174771,62
174794,54
174817,54
174840,54
174863,54
174886,54
174909,54
174932,54
174955,47
174978,47
175001,65
175024,66
175047,54
175070,54
175093,66
175116,47
175139,48
175162,48
175185,60
175208,60
175231,59
175254,60
175277,60
175300,61
175323,60
175346,60
175369,72
175392,52
175415,52
175438,78
175461,58
175484,52
175507,52
175530,52
175553,52
175576,52
175599,52
175622,52
175645,52
175668,54
175691,54
175714,54
175737,54
175760,54
175783,54
175806,54
175829,54
175852,54
175875,54
175898,54
175921,54
175944,54
175967,52
175990,52
176013,52
176036,52
176059,52
176082,52
176105,52
176128,52
176151,52
176174,52
176197,52
176220,52
176243,52
176266,-1
176289,-1
176312,-1
176335,-1
176358,-1
176381,-1
176404,-1
176427,-1
176450,-1
176473,-1
176496,-1
176519,-1
176542,-1
176565,72
176588,73
176611,52
176634,52
176657,52
176680,71
176703,40
176726,52
176749,54
176772,54
176795,54
176818,-1
176841,54
176864,54
176887,54
176910,54
176933,54
176956,54
176979,54
177002,54
177025,54
177048,54
177071,-1
177094,-1
177117,74
177140,75
177163,54
177186,42
177209,78
177232,52
177255,52
177278,52
177301,52
177324,52
177347,52
177370,52
177393,52
177416,52
177439,52
177461,52
177484,52
177507,52
177530,52
177553,52
177576,52
177599,52
177622,52
177645,52
177668,52
177691,52
177714,52
177737,73
177760,75
177783,79
177806,58
177829,58
177852,58
177875,58
177898,58
177921,59
177944,59
177967,59
177990,59
178013,59
178036,59
178059,59
178082,59
178105,60
178128,61
178151,63
178174,63
178197,64
178220,64
178243,63
178266,63
178289,64
178312,64
178335,65
178358,65
178381,66
178404,65
178427,65
178450,66
178473,66
178496,66
178519,66
178542,65
178565,65
178588,65
178611,66
178634,66
178657,65
178680,64
178703,64
178726,64
178749,64
178772,64
178795,64
178818,63
178841,62
178864,61
178887,61
178910,61
178933,59
178956,60
178979,59
179002,61
179025,62
179048,62
179071,63
179094,62
179117,62
179140,62
179163,62
179186,62
179209,62
179232,62
179255,62
179278,62
179301,61
179324,60
179347,59
179370,59
179393,59
179416,59
179439,59
179462,59
179485,59
179508,59
179531,59
179554,59
179577,59
179600,59
179623,59
179646,59
179669,59
179692,59
179715,59
179738,59
179761,59
179784,60
179807,60
179830,60
179853,59
179876,59
179899,47
179922,-1
179945,59
179968,-1
179991,-1
180014,61
180037,-1
180060,-1
180083,-1
180106,-1
180129,-1
180152,-1
180175,-1
180198,-1
180221,-1
180244,-1
180267,-1
180290,-1
180313,-1
180336,-1
180359,-1
180382,-1
180405,-1
180428,-1
180451,-1
180474,-1
180497,-1
180520,-1
180543,-1
180566,-1
180589,-1
180612,-1
180635,-1
180658,-1
180681,-1
180704,-1
180727,-1
180750,-1
180773,-1
180796,-1
180819,-1
180841,-1
180864,-1
180887,-1
180910,-1
180933,-1
180956,-1
180979,-1
181002,-1
181025,-1
181048,-1
181071,-1
181094,-1
181117,-1
181140,-1
181163,-1
181186,-1
181209,-1
181232,-1
181255,-1
181278,-1
181301,-1
181324,-1
181347,-1
181370,67
181393,71
181416,72
181439,49
181462,78
181485,79
181508,58
181531,59
181554,58
181577,58
181600,58
181623,59
181646,59
181669,59
181692,59
181715,59
181738,59
181761,59
181784,59
181807,60
181830,61
181853,63
181876,63
181899,64
181922,63
181945,63
181968,64
181991,64
182014,64
182037,65
182060,66
182083,66
182106,65
182129,66
182152,66
182175,66
182198,66
182221,66
182244,65
182267,65
182290,66
182313,66
182336,66
182359,65
182382,64
182405,64
182428,64
182451,64
182474,64
182497,63
182520,63
182543,62
182566,61
182589,61
182612,61
182635,59
182658,49
182681,59
182704,62
182727,63
182750,62
182773,63
182796,62
182819,62
182842,62
182865,62
182888,62
182911,62
182934,62
182957,62
182980,61
183003,60
183026,59
183049,59
183072,59
183095,59
183118,59
183141,59
183164,59
183187,59
183210,59
183233,59
183256,59
183279,59
183302,59
183325,59
183348,59
183371,59
183394,58
183417,59
183440,59
183463,59
183486,60
183509,59
183532,59
183555,59
183578,59
183601,79
183624,59
183647,59
183670,-1
183693,-1
183716,59
183739,-1
183762,-1
183785,-1
183808,-1
183831,-1
183854,-1
183877,-1
183900,-1
183923,-1
183946,-1
183969,-1
183992,-1
184015,-1
184038,-1
184061,-1
184084,-1
184107,-1
184130,-1
184153,-1
184176,-1
184199,-1
184221,-1
184244,-1
184267,-1
184290,-1
184313,-1
184336,-1
184359,-1
184382,-1
184405,-1
184428,-1
184451,-1
184474,-1
184497,-1
184520,-1
184543,-1
184566,-1
184589,-1
184612,-1
184635,-1
184658,-1
184681,-1
184704,-1
184727,-1
184750,-1
184773,-1
184796,-1
184819,-1
184842,-1
184865,-1
184888,-1
184911,-1
184934,-1
184957,-1
184980,-1
185003,-1
185026,-1
185049,-1
185072,68
185095,41
185118,73
185141,75
185164,79
185187,78
185210,58
185233,58
185256,58
185279,58
185302,58
185325,59
185348,59
185371,59
185394,59
185417,59
185440,59
185463,59
185486,60
185509,60
185532,62
185555,63
185578,64
185601,64
185624,63
185647,63
185670,64
185693,64
185716,65
185739,65
185762,66
185785,66
185808,65
185831,66
185854,66
185877,66
185900,66
185923,65
185946,65
185969,65
185992,66
186015,66
186038,65
186061,64
186084,64
186107,64
186130,64
186153,64
186176,64
186199,63
186222,62
186245,62
186268,61
186291,61
186314,63
186337,60
186360,60
186383,61
186406,62
186429,62
186452,62
186475,63
186498,62
186521,62
186544,62
186567,62
186590,62
186613,62
186636,62
186659,62
186682,61
186705,60
186728,59
186751,59
186774,59
186797,59
186820,59
186843,59
186866,59
186889,59
186912,59
186935,59
186958,59
186981,59
187004,59
187027,59
187050,59
187073,59
187096,59
187119,59
187142,59
187165,59
187188,60
187211,59
187234,59
187257,59
187280,59
187303,-1
187326,-1
187349,-1
187372,-1
187395,-1
187418,-1
187441,-1
187464,-1
187487,-1
187510,-1
187533,-1
187556,-1
187579,-1
187601,-1
187624,-1
187647,-1
187670,-1
187693,-1
187716,-1
187739,-1
187762,-1
187785,-1
187808,-1
187831,-1
187854,-1
187877,-1
187900,-1
187923,-1
187946,-1
187969,-1
187992,-1
188015,-1
188038,-1
188061,-1
188084,-1
188107,-1
188130,-1
188153,-1
188176,-1
188199,-1
188222,-1
188245,-1
188268,-1
188291,-1
188314,-1
188337,-1
188360,-1
188383,-1
188406,-1
188429,-1
188452,-1
188475,-1
188498,-1
188521,-1
188544,-1
188567,-1
188590,-1
188613,-1
188636,-1
188659,-1
188682,-1
188705,-1
188728,-1
188751,-1
188774,-1
188797,72
188820,72
188843,58
188866,58
188889,58
188912,58
188935,59
188958,59
188981,59
189004,59
189027,59
189050,59
189073,59
189096,59
189119,59
189142,59
189165,59
189188,59
189211,60
189234,60
189257,62
189280,63
189303,64
189326,64
189349,64
189372,64
189395,64
189418,64
189441,65
189464,65
189487,66
189510,66
189533,66
189556,66
189579,66
189602,66
189625,66
189648,65
189671,65
189694,64
189717,64
189740,64
189763,64
189786,64
189809,64
189832,64
189855,64
189878,63
189901,61
189924,61
189947,62
189970,62
189993,62
190016,60
190039,64
190062,64
190085,64
190108,64
190131,66
190154,69
190177,69
190200,69
190223,69
190246,69
190269,69
190292,69
190315,69
190338,69
190361,68
190384,67
190407,67
190430,66
190453,66
190476,66
190499,66
190522,66
190545,66
190568,66
190591,66
190614,66
190637,66
190660,66
190683,66
190706,66
190729,66
190752,66
190775,66
190798,66
190821,66
190844,66
190867,66
190890,66
190913,66
190936,66
190959,66
190981,66
191004,65
191027,65
191050,65
191073,66
191096,65
191119,65
191142,64
191165,64
191188,64
191211,64
191234,64
191257,65
191280,65
191303,66
191326,67
191349,66
191372,67
191395,67
191418,68
191441,69
191464,70
191487,71
191510,71
191533,70
191556,66
191579,65
191602,64
191625,64
191648,64
191671,64
191694,64
191717,64
191740,82
191763,61
191786,61
191809,62
191832,62
191855,60
191878,60
191901,59
191924,82
191947,59
191970,61
191993,62
192016,63
192039,62
192062,62
192085,62
192108,62
192131,62
192154,62
192177,62
192200,62
192223,62
192246,62
192269,62
192292,61
192315,61
192338,61
192361,60
192384,60
192407,78
192430,78
192453,59
192476,59
192499,59
192522,59
192545,59
192568,60
192591,60
192614,57
192637,56
192660,55
192683,80
192706,80
192729,57
192752,80
192775,80
192798,61
192821,69
192844,55
192867,56
192890,70
192913,60
192936,62
192959,63
192982,64
193005,64
193028,64
193051,64
193074,64
193097,64
193120,64
193143,64
193166,65
193189,84
193212,66
193235,66
193258,66
193281,66
193304,66
193327,66
193350,65
193373,65
193396,64
193419,64
193442,64
193465,64
193488,64
193511,84
193534,84
193557,84
193580,84
193603,47
193626,61
193649,61
193672,61
193695,72
193718,73
193741,55
193764,72
193787,54
193810,54
193833,57
193856,74
193879,62
193902,62
193925,62
193948,62
193971,62
193994,62
194017,62
194040,62
194063,61
194086,73
194109,59
194132,60
194155,60
194178,60
194201,60
194224,60
194247,60
194270,60
194293,61
194316,62
194339,62
194361,61
194384,61
194407,62
194430,63
194453,62
194476,61
194499,61
194522,61
194545,62
194568,62
194591,63
194614,62
194637,62
194660,57
194683,57
194706,57
194729,59
194752,62
194775,63
194798,63
194821,63
194844,64
194867,64
194890,64
194913,64
194936,64
194959,64
194982,65
195005,66
195028,66
195051,66
195074,66
195097,66
195120,66
195143,66
195166,66
195189,62
195212,64
195235,64
195258,64
195281,64
195304,64
195327,64
195350,64
195373,64
195396,64
195419,63
195442,63
195465,62
195488,61
195511,61
195534,61
195557,61
195580,61
195603,61
195626,61
195649,61
195672,61
195695,62
195718,62
195741,62
195764,62
195787,62
195810,62
195833,62
195856,62
195879,62
195902,61
195925,61
195948,60
195971,60
195994,59
196017,59
196040,59
196063,59
196086,59
196109,59
196132,59
196155,59
196178,59
196201,59
196224,59
196247,84
196270,62
196293,84
196316,84
196339,83
196362,75
196385,-1
196408,-1
196431,-1
196454,-1
196477,-1
196500,-1
196523,-1
196546,-1
196569,-1
196592,-1
196615,-1
196638,-1
196661,-1
196684,-1
196707,-1
196730,-1
196753,-1
196776,-1
196799,-1
196822,-1
196845,-1
196868,-1
196891,-1
196914,-1
196937,-1
196960,-1
196983,-1
197006,-1
197029,-1
197052,-1
197075,63
197098,63
197121,63
197144,64
197167,64
197190,65
197213,66
197236,66
197259,65
197282,65
197305,64
197328,64
197351,64
197374,64
197397,63
197420,64
197443,64
197466,65
197489,65
197512,65
197535,63
197558,63
197581,64
197604,65
197627,65
197650,64
197673,63
197696,63
197719,69
197741,68
197764,67
197787,65
197810,63
197833,62
197856,63
197879,65
197902,65
197925,65
197948,-1
197971,-1
197994,-1
198017,-1
198040,-1
198063,-1
198086,-1
198109,-1
198132,-1
198155,-1
198178,-1
198201,-1
198224,-1
198247,-1
198270,-1
198293,82
198316,72
198339,82
198362,52
198385,83
198408,58
198431,73
198454,62
198477,63
198500,63
198523,64
198546,65
198569,65
198592,64
198615,64
198638,64
198661,63
198684,65
198707,66
198730,66
198753,66
198776,66
198799,66
198822,66
198845,66
198868,65
198891,64
198914,63
198937,64
198960,64
198983,63
199006,62
199029,63
199052,-1
199075,-1
199098,-1
199121,60
199144,63
199167,62
199190,62
199213,62
199236,62
199259,62
199282,62
199305,62
199328,62
199351,62
199374,63
199397,63
199420,63
199443,63
199466,63
199489,62
199512,63
199535,62
199558,62
199581,62
199604,62
199627,61
199650,61
199673,61
199696,61
199719,60
199742,60
199765,60
199788,59
199811,59
199834,59
199857,59
199880,59
199903,59
199926,59
199949,59
199972,59
199995,59
200018,59
200041,60
200064,60
200087,60
200110,59
200133,59
200156,79
200179,59
200202,59
200225,59
200248,-1
200271,-1
200294,-1
200317,-1
200340,-1
200363,-1
200386,-1
200409,-1
200432,-1
200455,-1
200478,-1
200501,-1
200524,-1
200547,-1
200570,-1
200593,66
200616,67
200639,67
200662,67
200685,68
200708,68
200731,69
200754,69
200777,70
200800,69
200823,69
200846,69
200869,69
200892,69
200915,69
200938,69
200961,69
200984,69
201007,69
201030,66
201053,66
201076,66
201099,66
201121,66
201144,66
201167,68
201190,69
201213,69
201236,69
201259,70
201282,70
201305,69
201328,69
201351,69
201374,69
201397,69
201420,68
201443,66
201466,64
201489,64
201512,64
201535,64
201558,64
201581,64
201604,64
201627,64
201650,65
201673,66
201696,66
201719,66
201742,65
201765,66
201788,66
201811,67
201834,67
201857,65
201880,65
201903,65
201926,66
201949,67
201972,66
201995,65
202018,64
202041,66
202064,66
202087,65
202110,64
202133,62
202156,62
202179,64
202202,67
202225,-1
202248,-1
202271,-1
202294,-1
202317,-1
202340,-1
202363,-1
202386,-1
202409,-1
202432,-1
202455,-1
202478,-1
202501,-1
202524,64
202547,56
202570,-1
202593,73
202616,64
202639,64
202662,64
202685,64
202708,64
202731,64
202754,63
202777,62
202800,62
202823,62
202846,62
202869,62
202892,62
202915,62
202938,63
202961,66
202984,69
203007,70
203030,70
203053,70
203076,69
203099,65
203122,65
203145,64
203168,64
203191,64
203214,64
203237,64
203260,64
203283,64
203306,63
203329,63
203352,63
203375,63
203398,63
203421,63
203444,63
203467,58
203490,64
203513,64
203536,64
203559,64
203582,64
203605,64
203628,63
203651,64
203674,64
203697,64
203720,64
203743,62
203766,61
203789,62
203812,62
203835,62
203858,62
203881,62
203904,62
203927,62
203950,62
203973,63
203996,64
204019,64
204042,64
204065,63
204088,64
204111,64
204134,64
204157,64
204180,64
204203,62
204226,62
204249,62
204272,62
204295,62
204318,62
204341,62
204364,61
204387,57
204410,57
204433,62
204456,-1
204479,-1
204501,-1
204524,-1
204547,62
204570,62
204593,-1
204616,-1
204639,-1
204662,62
204685,61
204708,62
204731,62
204754,62
204777,61
204800,62
204823,62
204846,62
204869,62
204892,62
204915,65
204938,65
204961,64
204984,64
205007,65
205030,64
205053,59
205076,65
205099,52
205122,78
205145,66
205168,66
205191,66
205214,66
205237,66
205260,64
205283,64
205306,62
205329,61
205352,63
205375,65
205398,64
205421,64
205444,64
205467,64
205490,64
205513,64
205536,63
205559,83
205582,83
205605,82
205628,82
205651,62
205674,62
205697,62
205720,62
205743,62
205766,62
205789,62
205812,62
205835,62
205858,62
205881,80
205904,49
205927,81
205950,70
205973,80
205996,81
206019,70
206042,83
206065,-1
206088,-1
206111,64
206134,64
206157,63
206180,63
206203,63
206226,62
206249,62
206272,62
206295,81
206318,81
206341,61
206364,61
206387,61
206410,60
206433,60
206456,59
206479,59
206502,59
206525,59
206548,59
206571,59
206594,59
206617,59
206640,59
206663,59
206686,59
206709,60
206732,47
206755,59
206778,78
206801,79
206824,-1
206847,-1
206870,-1
206893,-1
206916,-1
206939,-1
206962,-1
206985,-1
207008,-1
207031,-1
207054,-1
207077,-1
207100,-1
207123,58
207146,59
207169,-1
207192,-1
207215,-1
207238,-1
207261,-1
207284,73
207307,73
207330,73
207353,74
207376,63
207399,75
207422,64
207445,64
207468,65
207491,67
207514,68
207537,69
207560,69
207583,58
207606,70
207629,70
207652,71
207675,71
207698,71
207721,71
207744,71
207767,71
207790,71
207813,71
207836,71
207859,71
207881,71
207904,71
207927,71
207950,71
207973,71
207996,71
208019,71
208042,71
208065,71
208088,71
208111,71
208134,70
208157,70
208180,69
208203,69
208226,69
208249,69
208272,69
208295,69
208318,69
208341,69
208364,69
208387,69
208410,69
208433,69
208456,68
208479,75
208502,75
208525,-1
208548,-1
208571,-1
208594,-1
208617,-1
208640,-1
208663,-1
208686,-1
208709,-1
208732,-1
208755,-1
208778,-1
208801,-1
208824,-1
208847,-1
208870,-1
208893,-1
208916,-1
208939,59
208962,58
208985,59
209008,59
209031,-1
209054,-1
209077,-1
209100,74
209123,-1
209146,74
209169,74
209192,74
209215,63
209238,63
209261,63
209284,53
209307,66
209330,67
209353,68
209376,68
209399,68
209422,69
209445,69
209468,69
209491,69
209514,69
209537,69
209560,69
209583,69
209606,69
209629,69
209652,69
209675,69
209698,69
209721,69
209744,69
209767,69
209790,69
209813,69
209836,69
209859,57
209882,69
209905,69
209928,69
209951,69
209974,69
209997,68
210020,67
210043,67
210066,67
210089,67
210112,67
210135,67
210158,67
210181,67
210204,66
210227,78
210250,66
210273,78
210296,79
210319,79
210342,80
210365,54
210388,81
210411,83
210434,57
210457,56
210480,69
210503,69
210526,69
210549,69
210572,68
210595,68
210618,68
210641,68
210664,68
210687,68
210710,68
210733,68
210756,69
210779,68
210802,68
210825,65
210848,67
210871,67
210894,67
210917,66
210940,66
210963,67
210986,67
211009,67
211032,66
211055,65
211078,65
211101,64
211124,63
211147,63
211170,66
211193,66
211216,66
211239,66
211261,66
211284,66
211307,66
211330,66
211353,66
211376,66
211399,65
211422,65
211445,64
211468,64
211491,65
211514,66
211537,66
211560,66
211583,65
211606,65
211629,64
211652,64
211675,64
211698,64
211721,64
211744,63
211767,63
211790,63
211813,62
211836,62
211859,62
211882,62
211905,61
211928,61
211951,61
211974,62
211997,62
212020,62
212043,62
212066,62
212089,62
212112,62
212135,-1
212158,-1
212181,-1
212204,-1
212227,-1
212250,-1
212273,-1
212296,-1
212319,65
212342,65
212365,64
212388,64
212411,64
212434,64
212457,64
212480,64
212503,64
212526,64
212549,64
212572,64
212595,64
212618,64
212641,64
212664,64
212687,64
212710,66
212733,66
212756,66
212779,66
212802,66
212825,66
212848,66
212871,66
212894,66
212917,66
212940,66
212963,66
212986,66
213009,65
213032,66
213055,66
213078,66
213101,66
213124,66
213147,66
213170,66
213193,66
213216,65
213239,65
213262,65
213285,64
213308,64
213331,64
213354,66
213377,66
213400,66
213423,66
213446,66
213469,66
213492,67
213515,66
213538,66
213561,66
213584,66
213607,66
213630,65
213653,64
213676,64
213699,64
213722,64
213745,64
213768,63
213791,63
213814,64
213837,65
213860,65
213883,65
213906,64
213929,63
213952,63
213975,63
213998,64
214021,65
214044,65
214067,64
214090,63
214113,63
214136,63
214159,65
214182,65
214205,65
214228,52
214251,52
214274,66
214297,66
214320,66
214343,65
214366,65
214389,65
214412,68
214435,54
214458,54
214481,48
214504,77
214527,82
214550,78
214573,73
214596,54
214619,-1
214641,60
214664,61
214687,74
214710,62
214733,62
214756,63
214779,63
214802,64
214825,64
214848,66
214871,68
214894,68
214917,69
214940,69
214963,69
214986,70
215009,70
215032,71
215055,71
215078,71
215101,71
215124,71
215147,71
215170,71
215193,71
215216,71
215239,71
215262,71
215285,71
215308,71
215331,71
215354,71
215377,71
215400,71
215423,71
215446,71
215469,71
215492,71
215515,71
215538,70
215561,69
215584,69
215607,69
215630,69
215653,69
215676,69
215699,69
215722,69
215745,69
215768,69
215791,69
215814,69
215837,69
215860,69
215883,69
215906,69
215929,-1
215952,-1
215975,-1
215998,-1
216021,-1
216044,-1
216067,-1
216090,-1
216113,-1
216136,-1
216159,-1
216182,-1
216205,-1
216228,-1
216251,-1
216274,59
216297,59
216320,59
216343,58
216366,58
216389,58
216412,59
216435,73
216458,74
216481,74
216504,74
216527,74
216550,74
216573,74
216596,74
216619,63
216642,63
216665,64
216688,66
216711,67
216734,68
216757,68
216780,68
216803,69
216826,69
216849,69
216872,57
216895,69
216918,69
216941,69
216964,69
216987,69
217010,69
217033,69
217056,69
217079,69
217102,69
217125,57
217148,64
217171,64
217194,65
217217,66
217240,66
217263,66
217286,66
217309,67
217332,67
217355,68
217378,68
217401,69
217424,68
217447,68
217470,68
217493,69
217516,69
217539,70
217562,69
217585,68
217608,68
217631,69
217654,50
217677,69
217700,68
217723,67
217746,68
217769,80
217792,69
217815,69
217838,69
217861,69
217884,81
217907,69
217930,69
217953,69
217976,68
217999,68
218021,68
218044,68
218067,67
218090,54
218113,52
218136,68
218159,75
218182,69
218205,84
218228,69
218251,67
218274,67
218297,67
218320,67
218343,67
218366,66
218389,66
218412,65
218435,66
218458,66
218481,79
218504,67
218527,-1
218550,-1
218573,67
218596,66
218619,66
218642,66
218665,66
218688,66
218711,65
218734,66
218757,66
218780,66
218803,-1
218826,-1
218849,67
218872,67
218895,66
218918,66
218941,66
218964,66
218987,66
219010,66
219033,65
219056,65
219079,64
219102,64
219125,64
219148,64
219171,75
219194,66
219217,65
219240,65
219263,65
219286,65
219309,64
219332,67
219355,67
219378,67
219401,67
219424,67
219447,67
219470,67
219493,-1
219516,-1
219539,63
219562,63
219585,63
219608,63
219631,62
219654,62
219677,62
219700,62
219723,62
219746,62
219769,62
219792,62
219815,62
219838,62
219861,-1
219884,-1
219907,74
219930,84
219953,65
219976,65
219999,65
220022,64
220045,64
220068,64
220091,64
220114,64
220137,64
220160,64
220183,64
220206,65
220229,65
220252,66
220275,66
220298,66
220321,66
220344,66
220367,66
220390,66
220413,66
220436,66
220459,66
220482,66
220505,66
220528,66
220551,66
220574,66
220597,67
220620,66
220643,66
220666,66
220689,66
220712,66
220735,66
220758,67
220781,66
220804,65
220827,65
220850,65
220873,66
220896,66
220919,54
220942,54
220965,53
220988,53
221011,70
221034,70
221057,70
221080,66
221103,70
221126,69
221149,68
221172,62
221195,68
221218,81
221241,66
221264,60
221287,64
221310,77
221333,80
221356,84
221379,84
221401,47
221424,62
221447,-1
221470,-1
221493,-1
221516,-1
221539,-1
221562,-1
221585,-1
221608,-1
221631,-1
221654,-1
221677,-1
221700,-1
221723,-1
221746,-1
221769,-1
221792,-1
221815,-1
221838,-1
221861,-1
221884,-1
221907,73
221930,-1
221953,-1
221976,-1
221999,-1
222022,74
222045,74
222068,73
222091,73
222114,73
222137,74
222160,75
222183,75
222206,76
222229,66
222252,67
222275,68
222298,69
222321,69
222344,70
222367,70
222390,70
222413,70
222436,71
222459,71
222482,71
222505,71
222528,71
222551,71
222574,71
222597,71
222620,71
222643,71
222666,71
222689,71
222712,71
222735,71
222758,71
222781,71
222804,71
222827,71
222850,71
222873,71
222896,70
222919,70
222942,69
222965,69
222988,69
223011,69
223034,69
223057,69
223080,69
223103,69
223126,69
223149,69
223172,69
223195,69
223218,68
223241,68
223264,74
223287,-1
223310,-1
223333,-1
223356,-1
223379,-1
223402,-1
223425,-1
223448,-1
223471,-1
223494,-1
223517,-1
223540,-1
223563,-1
223586,-1
223609,-1
223632,72
223655,59
223678,59
223701,59
223724,59
223747,-1
223770,-1
223793,68
223816,49
223839,-1
223862,-1
223885,-1
223908,74
223931,74
223954,74
223977,74
224000,63
224023,63
224046,63
224069,66
224092,67
224115,68
224138,68
224161,68
224184,69
224207,69
224230,69
224253,69
224276,69
224299,69
224322,69
224345,69
224368,69
224391,69
224414,69
224437,69
224460,69
224483,69
224506,69
224529,69
224552,57
224575,57
224598,69
224621,69
224644,69
224667,69
224690,69
224713,69
224736,69
224759,69
224781,68
224804,67
224827,68
224850,67
224873,67
224896,67
224919,79
224942,67
224965,78
224988,66
225011,78
225034,78
225057,78
225080,80
225103,80
225126,81
225149,48
225172,83
225195,83
225218,57
225241,68
225264,69
225287,69
225310,69
225333,68
225356,68
225379,68
225402,68
225425,68
225448,68
225471,68
225494,59
225517,69
225540,68
225563,68
225586,64
225609,66
225632,67
225655,67
225678,67
225701,66
225724,67
225747,67
225770,67
225793,66
225816,66
225839,65
225862,65
225885,63
225908,62
225931,-1
225954,66
225977,66
226000,66
226023,66
226046,66
226069,66
226092,66
226115,66
226138,66
226161,65
226184,65
226207,64
226230,64
226253,65
226276,65
226299,65
226322,66
226345,66
226368,65
226391,64
226414,64
226437,64
226460,64
226483,64
226506,64
226529,63
226552,63
226575,63
226598,62
226621,63
226644,62
226667,62
226690,62
226713,61
226736,62
226759,62
226782,62
226805,62
226828,62
226851,62
226874,62
226897,62
226920,-1
226943,-1
226966,78
226989,-1
227012,-1
227035,-1
227058,-1
227081,77
227104,65
227127,64
227150,64
227173,64
227196,64
227219,64
227242,64
227265,64
227288,64
227311,64
227334,64
227357,64
227380,64
227403,64
227426,64
227449,66
227472,66
227495,66
227518,66
227541,66
227564,66
227587,66
227610,66
227633,66
227656,66
227679,66
227702,66
227725,66
227748,66
227771,49
227794,66
227817,66
227840,66
227863,66
227886,66
227909,66
227932,66
227955,66
227978,65
228001,65
228024,65
228047,65
228070,64
228093,66
228116,65
228139,66
228161,66
228184,66
228207,66
228230,66
228253,67
228276,66
228299,66
228322,66
228345,66
228368,66
228391,65
228414,64
228437,64
228460,64
228483,64
228506,64
228529,63
228552,63
228575,64
228598,64
228621,65
228644,65
228667,64
228690,63
228713,63
228736,63
228759,64
228782,65
228805,65
228828,65
228851,64
228874,63
228897,63
228920,64
228943,65
228966,65
228989,65
229012,53
229035,66
229058,66
229081,67
229104,66
229127,65
229150,65
229173,45
229196,61
229219,55
229242,57
229265,66
229288,51
229311,52
229334,49
229357,58
229380,-1
229403,-1
229426,74
229449,74
229472,61
229495,62
229518,62
229541,63
229564,63
229587,64
229610,65
229633,66
229656,68
229679,69
229702,69
229725,69
229748,70
229771,70
229794,70
229817,71
229840,70
229863,71
229886,71
229909,71
229932,71
229955,71
229978,71
230001,71
230024,71
230047,71
230070,71
230093,71
230116,71
230139,71
230162,71
230185,71
230208,71
230231,71
230254,71
230277,71
230300,70
230323,69
230346,69
230369,69
230392,69
230415,69
230438,69
230461,69
230484,69
230507,69
230530,69
230553,69
230576,69
230599,69
230622,69
230645,-1
230668,-1
230691,-1
230714,-1
230737,-1
230760,-1
230783,-1
230806,-1
230829,-1
230852,-1
230875,-1
230898,-1
230921,-1
230944,-1
230967,-1
230990,-1
231013,-1
231036,58
231059,59
231082,59
231105,58
231128,66
231151,74
231174,58
231197,59
231220,-1
231243,-1
231266,-1
231289,74
231312,74
231335,74
231358,74
231381,63
231404,63
231427,63
231450,65
231473,67
231496,68
231519,68
231541,68
231564,68
231587,69
231610,69
231633,57
231656,69
231679,69
231702,69
231725,69
231748,69
231771,69
231794,69
231817,69
231840,69
231863,69
231886,69
231909,69
231932,68
231955,65
231978,65
232001,66
232024,66
232047,66
232070,67
232093,67
232116,68
232139,68
232162,69
232185,68
232208,68
232231,68
232254,69
232277,69
232300,70
232323,69
232346,68
232369,68
232392,69
232415,50
232438,50
232461,68
232484,67
232507,68
232530,79
232553,50
232576,69
232599,68
232622,69
232645,81
232668,69
232691,69
232714,69
232737,68
232760,68
232783,68
232806,68
232829,67
232852,67
232875,64
232898,63
232921,75
232944,68
232967,63
232990,50
233013,67
233036,67
233059,67
233082,67
233105,67
233128,66
233151,66
233174,65
233197,65
233220,63
233243,56
233266,67
233289,67
233312,68
233335,67
233358,67
233381,66
233404,66
233427,66
233450,66
233473,65
233496,66
233519,66
233542,-1
233565,-1
233588,-1
233611,-1
233634,67
233657,66
233680,66
233703,66
233726,66
233749,66
233772,66
233795,66
233818,65
233841,65
233864,64
233887,64
233910,64
233933,64
233956,66
233979,66
234002,-1
234025,-1
234048,64
234071,67
234094,67
234117,67
234140,67
234163,67
234186,67
234209,67
234232,67
234255,79
234278,-1
234301,63
234324,63
234347,63
234370,63
234393,63
234416,62
234439,62
234462,62
234485,62
234508,62
234531,62
234554,62
234577,62
234600,62
234623,62
234646,-1
234669,63
234692,68
234715,66
234738,65
234761,65
234784,64
234807,64
234830,64
234853,64
234876,64
234899,64
234921,64
234944,64
234967,65
234990,65
235013,66
235036,66
235059,66
235082,66
235105,66
235128,66
235151,66
235174,66
235197,66
235220,66
235243,66
235266,66
235289,66
235312,66
235335,66
235358,67
235381,66
235404,66
235427,66
235450,66
235473,66
235496,66
235519,66
235542,66
235565,66
235588,65
235611,65
235634,66
235657,66
235680,55
235703,54
235726,53
235749,53
235772,68
235795,69
235818,70
235841,66
235864,66
235887,68
235910,69
235933,69
235956,78
235979,81
236002,68
236025,69
236048,68
236071,75
236094,80
236117,84
236140,84
236163,84
236186,84
236209,-1
236232,-1
236255,-1
236278,-1
236301,-1
236324,-1
236347,-1
236370,-1
236393,-1
236416,-1
236439,-1
236462,-1
236485,-1
236508,-1
236531,-1
236554,-1
236577,-1
236600,-1
236623,-1
236646,-1
236669,-1
236692,-1
236715,-1
236738,-1
236761,-1
236784,-1
236807,-1
236830,-1
236853,-1
236876,-1
236899,-1
236922,-1
236945,-1
236968,-1
236991,-1
237014,-1
237037,-1
237060,-1
237083,-1
237106,-1
237129,-1
237152,-1
237175,-1
237198,-1
237221,-1
237244,-1
237267,-1
237290,-1
237313,-1
237336,-1
237359,-1
237382,-1
237405,-1
237428,-1
237451,-1
237474,-1
237497,-1
237520,-1
237543,-1
237566,-1
237589,-1
237612,-1
237635,-1
237658,-1
237681,-1
237704,-1
237727,-1
237750,-1
237773,-1
237796,-1
237819,-1
237842,-1
237865,-1
237888,-1
237911,-1
237934,-1
237957,-1
237980,-1
238003,-1
238026,-1
238049,-1
238072,-1
238095,-1
238118,-1
238141,-1
238164,-1
238187,-1
238210,-1
238233,-1
238256,-1
238279,-1
238301,-1
238324,-1
238347,-1
238370,-1
238393,-1
238416,-1
238439,-1
238462,-1
238485,-1
238508,-1
238531,-1
238554,-1
238577,-1
238600,-1
238623,-1
238646,-1
238669,-1
238692,-1
238715,-1
238738,-1
238761,-1
238784,-1
238807,-1
238830,-1
238853,-1
238876,-1
238899,-1
238922,-1
238945,-1
238968,-1
238991,-1
239014,-1
239037,-1
239060,-1
239083,-1
239106,-1
239129,-1
239152,-1
239175,-1
239198,-1
239221,-1
239244,-1
239267,-1
239290,-1
239313,-1
239336,-1
239359,-1
239382,-1
239405,-1
239428,-1
239451,-1
239474,-1
239497,-1
239520,-1
239543,-1
239566,-1
239589,-1
239612,-1
239635,-1
239658,-1
239681,-1
239704,-1
239727,-1
239750,-1
239773,-1
239796,-1
239819,-1
239842,-1
239865,-1
239888,-1
239911,-1
239934,-1
239957,-1
239980,-1
240003,-1
240026,-1
240049,-1
240072,-1
240095,-1
240118,-1
240141,-1
240164,-1
240187,-1
240210,-1
240233,-1
240256,-1
240279,-1
240302,-1
240325,-1
240348,-1
240371,-1
240394,-1
240417,-1
240440,-1
240463,-1
240486,-1
240509,-1
240532,-1
240555,-1
240578,-1
240601,-1
240624,-1
240647,-1
240670,-1
240693,-1
240716,-1
240739,-1
240762,-1
240785,-1
240808,-1
240831,-1
240854,-1
240877,-1
240900,-1
240923,-1
240946,-1
240969,-1
240992,-1
241015,-1
241038,-1
241061,-1
241084,-1
241107,-1
241130,-1
241153,-1
241176,-1
241199,-1
241222,-1
241245,-1
241268,-1
241291,-1
241314,-1
241337,-1
241360,-1
241383,-1
241406,-1
241429,-1
241452,-1
241475,-1
241498,-1
241521,-1
241544,-1
241567,-1
241590,-1
241613,-1
241636,-1
241659,-1
241681,-1
241704,-1
241727,-1
241750,-1
241773,-1
241796,-1
241819,-1
241842,-1
241865,-1
241888,-1
241911,-1
241934,-1
241957,-1
241980,-1
242003,-1
242026,-1
242049,-1
242072,-1
242095,-1
242118,-1
242141,-1
242164,-1
242187,-1
242210,-1
242233,-1
242256,-1
242279,-1
242302,-1
242325,-1
242348,-1
242371,-1
242394,-1
242417,-1
242440,-1
242463,-1
242486,-1
242509,-1
242532,-1
242555,-1
242578,-1
242601,-1
242624,-1
242647,-1
242670,-1
242693,-1
242716,-1
242739,-1
242762,-1
242785,-1
242808,-1
242831,-1
242854,-1
242877,-1
242900,-1
242923,-1
242946,-1
242969,-1
242992,-1
243015,-1
243038,-1
243061,-1
243084,-1
243107,-1
243130,-1
243153,-1
243176,-1
243199,-1
243222,-1
243245,-1
243268,-1
243291,-1
243314,-1
243337,-1
243360,-1
243383,-1
243406,-1
243429,-1
243452,-1
243475,-1
243498,-1
243521,-1
243544,-1
243567,-1
243590,-1
243613,-1
243636,-1
243659,-1
243682,-1
243705,-1
243728,-1
243751,-1
243774,-1
243797,-1
243820,-1
243843,-1
243866,-1
243889,-1
243912,-1
243935,-1
243958,-1
243981,-1
244004,-1
244027,-1
244050,-1
244073,-1
244096,-1
244119,-1
244142,-1
244165,-1
244188,-1
244211,-1
244234,-1
244257,-1
244280,-1
244303,-1
244326,-1
244349,-1
244372,-1
244395,-1
244418,-1
244441,-1
244464,-1
244487,-1
244510,-1
244533,-1
244556,-1
244579,-1
244602,-1
244625,-1
244648,-1
244671,-1
244694,-1
244717,-1
244740,-1
244763,-1
244786,-1
244809,-1
244832,-1
244855,-1
244878,-1
244901,-1
244924,-1
244947,-1
244970,-1
244993,-1
245016,-1
245039,-1
245061,-1
245084,-1
245107,-1
245130,-1
245153,-1
245176,-1
245199,-1
245222,-1
245245,-1
245268,-1
245291,-1
245314,-1
245337,-1
245360,-1
245383,-1
245406,-1
245429,-1
245452,-1
245475,-1
245498,-1
245521,-1
245544,-1
245567,-1
245590,-1
245613,-1
245636,-1
245659,-1
245682,-1
245705,-1
245728,-1
245751,-1
245774,-1
245797,-1
245820,-1
245843,-1
245866,-1
245889,-1
245912,-1
245935,-1
245958,-1
245981,-1
246004,-1
246027,-1
246050,-1
246073,-1
246096,-1
246119,-1
246142,-1
246165,-1
246188,-1
246211,-1
246234,-1
246257,-1
246280,-1
246303,-1
246326,-1
246349,-1
246372,-1
246395,-1
246418,-1
246441,-1
246464,-1
246487,-1
246510,-1
246533,-1
246556,-1
246579,-1
246602,-1
246625,-1
246648,-1
246671,-1
246694,-1
246717,-1
246740,-1
246763,-1
246786,-1
246809,-1
246832,-1
246855,-1
246878,-1
246901,-1
246924,-1
246947,-1
246970,-1
246993,-1
247016,-1
247039,-1
247062,-1
247085,-1
247108,-1
247131,-1
247154,-1
247177,-1
247200,-1
247223,-1
247246,-1
247269,-1
247292,-1
247315,-1
247338,-1
247361,-1
247384,-1
247407,-1
247430,-1
247453,-1
247476,-1
247499,-1
247522,-1
247545,-1
247568,-1
247591,-1
247614,-1
247637,-1
247660,-1
247683,-1
247706,-1
247729,-1
247752,-1
247775,-1
247798,-1
247821,-1
247844,-1
247867,-1
247890,-1
247913,-1
247936,-1
247959,-1
247982,-1
248005,-1
248028,-1
248051,-1
248074,-1
248097,-1
248120,-1
248143,-1
248166,-1
248189,-1
248212,-1
248235,-1
248258,-1
248281,-1
248304,-1
248327,-1
248350,-1
248373,-1
248396,-1
248419,-1
248441,-1
248464,-1
248487,-1
248510,-1
248533,-1
248556,-1
248579,-1
248602,-1
248625,-1
248648,-1
248671,-1
248694,-1
248717,-1
248740,-1
248763,-1
248786,-1
248809,-1
248832,-1
248855,-1
248878,-1
248901,-1
248924,-1
248947,-1
248970,-1
248993,-1
249016,-1
249039,-1
249062,-1
249085,-1
249108,-1
249131,-1
249154,-1
249177,-1
249200,-1
249223,-1
249246,-1
249269,-1
249292,-1
249315,-1
249338,-1
249361,-1
249384,-1
249407,-1
249430,-1
249453,-1
249476,-1
249499,-1
249522,-1
249545,-1
249568,-1
249591,-1
249614,-1
249637,-1
249660,-1
249683,-1
249706,-1
249729,-1
249752,-1
249775,-1
249798,-1
249821,-1
249844,-1
249867,-1
249890,-1
249913,-1
249936,-1
249959,-1
249982,-1
250005,-1
250028,-1
250051,-1
250074,-1
250097,-1
250120,-1
250143,-1
250166,-1
250189,-1
250212,-1
250235,-1
250258,-1
250281,-1
250304,-1
250327,-1
250350,-1
250373,-1
250396,-1
250419,-1
250442,-1
250465,-1
250488,-1
250511,-1
250534,-1
250557,-1
250580,-1
250603,-1
250626,-1
250649,-1
250672,-1
250695,-1
250718,-1
250741,-1
250764,-1
250787,-1
250810,-1
250833,-1
250856,-1
250879,-1
250902,-1
250925,-1
250948,-1
250971,-1
250994,-1
251017,-1
251040,-1
251063,-1
251086,-1
251109,-1
251132,-1
251155,-1
251178,-1
251201,-1
251224,-1
251247,-1
251270,-1
251293,-1
251316,-1
251339,-1
251362,-1
251385,-1
251408,-1
251431,-1
251454,-1
251477,-1
251500,-1
251523,-1
251546,-1
251569,-1
251592,-1
251615,-1
251638,-1
251661,-1
251684,-1
251707,-1
251730,-1
251753,-1
251776,-1
251799,-1
251821,-1
251844,-1
251867,-1
251890,-1
251913,-1
251936,-1
251959,-1
251982,-1
252005,-1
252028,-1
252051,-1
252074,-1
252097,-1
252120,-1
252143,-1
252166,-1
252189,-1
252212,-1
252235,-1
252258,-1
252281,-1
252304,-1
252327,-1
252350,-1
252373,-1
252396,-1
252419,-1
252442,-1
252465,-1
252488,-1
252511,-1
252534,-1
252557,-1
252580,-1
252603,-1
252626,-1
252649,-1
252672,-1
252695,-1
252718,-1
252741,-1
252764,-1
252787,-1
252810,-1
252833,-1
252856,-1
252879,-1
252902,-1
252925,-1
252948,-1
252971,-1
252994,-1
253017,-1
253040,-1
253063,-1
253086,-1
253109,-1
253132,-1
253155,-1
253178,-1
253201,-1
253224,-1
253247,-1
253270,-1
253293,-1
253316,-1
253339,-1
253362,-1
253385,-1
253408,-1
253431,-1
253454,-1
253477,-1
253500,-1
253523,-1
253546,-1
253569,-1
253592,-1
253615,-1
253638,-1
253661,-1
253684,-1
253707,-1
253730,-1
253753,-1
253776,-1
253799,-1
253822,-1
253845,-1
253868,-1
253891,-1
253914,-1
253937,-1
253960,-1
253983,-1
254006,-1
254029,-1
254052,-1
254075,-1
254098,-1
254121,-1
254144,-1
254167,-1
254190,-1
254213,-1
254236,-1
254259,-1
254282,-1
254305,-1
254328,-1
254351,-1
254374,-1
254397,-1
254420,-1
254443,-1
254466,-1
254489,-1
254512,-1
254535,-1
254558,-1
254581,-1
254604,-1
254627,-1
254650,-1
254673,-1
254696,-1
254719,-1
254742,-1
254765,-1
254788,-1
254811,-1
254834,-1
254857,-1
254880,-1
254903,-1
254926,-1
254949,-1
254972,-1
254995,-1
255018,-1
255041,-1
255064,-1
255087,-1
255110,-1
255133,-1
255156,-1
255179,-1
255201,-1
255224,-1
255247,-1
255270,-1
255293,-1
255316,-1
255339,-1
255362,-1
255385,-1
255408,-1
255431,-1
255454,-1
255477,-1
255500,-1
255523,-1
255546,-1
255569,-1
255592,-1
255615,-1
255638,-1
255661,-1
255684,-1
255707,-1
255730,-1
255753,-1
255776,-1
255799,-1
255822,-1
255845,-1
255868,-1
255891,-1
255914,-1
255937,-1
255960,-1
255983,-1
256006,-1
256029,-1
256052,-1
256075,-1
256098,-1
256121,-1
256144,-1
256167,-1
256190,-1
256213,-1
256236,-1
256259,-1
256282,-1
256305,-1
256328,-1
256351,-1
256374,-1
256397,-1
256420,-1
256443,-1
256466,-1
256489,-1
256512,-1
256535,-1
256558,-1
256581,-1
256604,-1
256627,-1
256650,-1
256673,-1
256696,-1
256719,-1
256742,-1
256765,-1
256788,-1
256811,-1
256834,-1
256857,-1
256880,-1
256903,-1
256926,-1
256949,-1
256972,-1
256995,-1
257018,-1
257041,-1
257064,-1
257087,-1
257110,-1
257133,-1
257156,-1
257179,-1
257202,-1
257225,-1
257248,-1
257271,-1
257294,-1
257317,-1
257340,-1
257363,-1
257386,-1
257409,-1
257432,-1
257455,-1
257478,-1
257501,-1
257524,-1
257547,-1
257570,-1
257593,-1
257616,-1
257639,-1
257662,-1
257685,-1
257708,-1
257731,-1
257754,-1
257777,-1
257800,-1
257823,-1
257846,-1
257869,-1
257892,-1
257915,-1
257938,-1
257961,-1
257984,-1
258007,-1
258030,-1
258053,-1
258076,-1
258099,-1
258122,-1
258145,-1
258168,-1
258191,-1
258214,-1
258237,-1
258260,-1
258283,-1
258306,-1
258329,-1
258352,-1
258375,-1
258398,-1
258421,-1
258444,-1
258467,-1
258490,-1
258513,-1
258536,-1
258559,-1
258581,-1
258604,-1
258627,-1
258650,-1
258673,-1
258696,-1
258719,-1
258742,-1
258765,-1
258788,-1
258811,-1
258834,-1
258857,-1
258880,-1
258903,-1
258926,-1
258949,-1
258972,-1
258995,-1
259018,-1
259041,-1
259064,-1
259087,-1
259110,-1
259133,-1
259156,-1
259179,-1
259202,-1
259225,-1
259248,-1
259271,-1
259294,-1
259317,-1
259340,-1
259363,-1
259386,-1
259409,-1
259432,-1
259455,-1
259478,-1
259501,-1
259524,-1
259547,-1
259570,-1
259593,-1
259616,-1
259639,-1
259662,-1
259685,-1
259708,-1
259731,-1
259754,-1
259777,-1
259800,-1
259823,-1
259846,-1
259869,-1
259892,-1
259915,-1
259938,-1
259961,-1
259984,-1
260007,-1
260030,-1
260053,-1
260076,-1
260099,-1
260122,-1
260145,-1
260168,-1
260191,-1
260214,-1
260237,-1
260260,-1
260283,-1
260306,-1
260329,-1
260352,-1
260375,-1
260398,-1
260421,-1
260444,-1
260467,-1
260490,-1
260513,-1
260536,-1
260559,-1
260582,-1
260605,-1
260628,-1
260651,-1
260674,-1
260697,-1
260720,-1
260743,-1
260766,-1
260789,-1
260812,-1
260835,-1
260858,-1
260881,-1
260904,-1
260927,-1
260950,-1
260973,-1
260996,-1
261019,-1
261042,-1
261065,-1
261088,-1
261111,-1
261134,-1
261157,-1
261180,-1
261203,-1
261226,-1
261249,-1
261272,-1
261295,-1
261318,-1
261341,-1
261364,-1
261387,-1
261410,-1
261433,-1
261456,-1
261479,-1
261502,-1
261525,-1
261548,-1
261571,-1
261594,-1
261617,-1
261640,-1
261663,-1
261686,-1
261709,-1
261732,-1
261755,-1
261778,-1
261801,-1
261824,-1
261847,-1
261870,-1
261893,-1
261916,-1
261939,-1
261961,-1
261984,-1
262007,-1
262030,-1
262053,-1
262076,-1
262099,-1
262122,-1
262145,-1
262168,-1
262191,-1
262214,-1
262237,-1
262260,-1
262283,-1
262306,-1
262329,-1
262352,-1
262375,-1
262398,-1
262421,-1
262444,-1
262467,-1
262490,-1
262513,-1
262536,-1
262559,-1
262582,-1
262605,-1
262628,-1
262651,-1
262674,-1
262697,-1
262720,-1
262743,-1
262766,-1
262789,-1
262812,-1
262835,-1
262858,-1
262881,-1
262904,-1
262927,-1
262950,-1
262973,-1
262996,-1
263019,-1
263042,-1
263065,-1
263088,-1
263111,-1
263134,-1
263157,-1
263180,-1
263203,-1
263226,-1
263249,-1
263272,-1
263295,-1
263318,-1
263341,-1
263364,-1
263387,-1
263410,-1
263433,-1
263456,-1
263479,-1
263502,-1
263525,-1
263548,-1
263571,-1
263594,-1
263617,-1
263640,-1
263663,-1
263686,-1
263709,-1
263732,-1
263755,-1
263778,-1
263801,-1
263824,-1
263847,-1
263870,-1
263893,-1
263916,-1
263939,-1
263962,-1
263985,-1
264008,-1
264031,-1
264054,-1
264077,-1
264100,-1
264123,-1
264146,-1
264169,-1
264192,-1
264215,-1
264238,-1
264261,-1
264284,-1
264307,-1
264330,-1
264353,-1
264376,-1
264399,-1
264422,-1
264445,-1
264468,-1
264491,-1
264514,-1
264537,-1
264560,-1
264583,-1
264606,-1
264629,-1
264652,-1
264675,-1
264698,-1
264721,-1
264744,-1
264767,-1
264790,-1
264813,-1
264836,-1
264859,-1
264882,-1
264905,-1
264928,-1
264951,-1
264974,-1
264997,-1
265020,-1
265043,-1
265066,-1
265089,-1
265112,-1
265135,-1
265158,-1
265181,-1
265204,-1
265227,-1
265250,-1
265273,-1
265296,-1
265319,-1
265341,-1
265364,-1
265387,-1
265410,-1
265433,-1
265456,-1
265479,-1
265502,-1
265525,-1
265548,-1
265571,-1
265594,-1
265617,-1
265640,-1
265663,-1
265686,-1
265709,-1
265732,-1
265755,-1
265778,-1
265801,-1
265824,-1
265847,-1
265870,-1
265893,-1
265916,-1
265939,-1
265962,-1
265985,-1
266008,-1
266031,-1
266054,-1
266077,-1
266100,-1
266123,-1
266146,-1
266169,-1
266192,-1
266215,-1
266238,-1
266261,-1
266284,-1
266307,-1
266330,-1
266353,-1
266376,-1
266399,-1
266422,-1
266445,-1
266468,-1
266491,-1
266514,-1
266537,-1
266560,-1
266583,-1
266606,-1
266629,-1
266652,-1
266675,-1
266698,-1
266721,-1
266744,-1
266767,-1
266790,-1
266813,-1
266836,-1
266859,-1
266882,-1
266905,-1
266928,-1
266951,-1
266974,-1
266997,-1
267020,-1
267043,-1
267066,-1
267089,-1
267112,-1
267135,-1
267158,-1
267181,-1
267204,-1
267227,-1
267250,-1
267273,-1
267296,-1
267319,-1
267342,-1
267365,-1
267388,-1
267411,-1
267434,-1
267457,-1
267480,-1
267503,-1
267526,-1
267549,-1
267572,-1
267595,-1
267618,-1
267641,-1
267664,-1
267687,-1
267710,-1
267733,-1
267756,-1
267779,-1
267802,-1
267825,-1
267848,-1
267871,-1
267894,-1
267917,-1
267940,-1
267963,-1
267986,-1
268009,-1
268032,-1
268055,-1
268078,-1
268101,-1
268124,-1
268147,-1
268170,-1
268193,-1
268216,-1
268239,-1
268262,-1
268285,-1
268308,-1
268331,-1
268354,-1
268377,-1
268400,-1
268423,-1
268446,-1
268469,-1
268492,-1
268515,-1
268538,-1
268561,-1
268584,-1
268607,-1
268630,-1
268653,-1
268676,-1
268699,-1
268721,-1
268744,-1
268767,-1
268790,-1
268813,-1
268836,-1
268859,-1
268882,-1
268905,-1
268928,-1
268951,-1
268974,-1
268997,-1
269020,-1
269043,-1
269066,-1
269089,-1
269112,-1
269135,-1
269158,-1
269181,-1
269204,-1
269227,-1
269250,-1
269273,-1
269296,-1
269319,-1
269342,-1
269365,-1
269388,-1
269411,-1
269434,-1
269457,-1
269480,-1
269503,-1
269526,-1
269549,-1
269572,-1
269595,-1
269618,-1
269641,-1
269664,-1
269687,-1
269710,-1
269733,-1
269756,-1
269779,-1
269802,-1
269825,-1
269848,-1
269871,-1
269894,-1
269917,-1
269940,-1
269963,-1
269986,-1
270009,-1
270032,-1
270055,-1
270078,-1
270101,-1
270124,-1
270147,-1
270170,-1
270193,-1
270216,-1
270239,-1
270262,-1
270285,-1
270308,-1
270331,-1
270354,-1
270377,-1
270400,-1
270423,-1
270446,-1
270469,-1
270492,-1
270515,-1
270538,-1
270561,-1
270584,-1
270607,-1
270630,-1
270653,-1
270676,-1
270699,-1
270722,-1
270745,-1
270768,-1
270791,-1
270814,-1
270837,-1
270860,-1
270883,-1
270906,-1
270929,-1
270952,-1
270975,-1
270998,-1
271021,-1
271044,-1
271067,-1
271090,-1
271113,-1
271136,-1
271159,-1
271182,-1
271205,-1
271228,-1
271251,-1
271274,-1
271297,-1
271320,-1
271343,-1
271366,-1
271389,-1
271412,-1
271435,-1
271458,-1
271481,-1
271504,-1
271527,-1
271550,-1
271573,-1
271596,-1
271619,-1
271642,-1
271665,-1
271688,-1
271711,-1
271734,-1
271757,-1
271780,-1
271803,-1
271826,-1
271849,-1
271872,-1
271895,-1
271918,-1
271941,-1
271964,-1
271987,-1
272010,-1
272033,-1
272056,-1
272079,-1
272101,-1
272124,-1
272147,-1
272170,-1
272193,-1
272216,-1
272239,-1
272262,-1
272285,-1
272308,-1
272331,-1
272354,-1
272377,-1
272400,-1
272423,-1
272446,-1
272469,-1
272492,-1
272515,-1
272538,-1
272561,-1
272584,-1
272607,-1
272630,-1
272653,-1
272676,-1
272699,-1
272722,-1
272745,-1
272768,-1
272791,-1
272814,-1
272837,-1
272860,-1
272883,-1
272906,-1
272929,-1
272952,-1
272975,-1
272998,-1
273021,-1
273044,-1
273067,-1
273090,-1
273113,-1
273136,-1
273159,-1
273182,-1
273205,-1
273228,-1
273251,-1
273274,-1
273297,-1
273320,-1
273343,-1
273366,-1
273389,-1
273412,-1
273435,-1
273458,-1
273481,-1
273504,-1
273527,-1
273550,-1
273573,-1
273596,-1
273619,-1
273642,-1
273665,-1
273688,-1
273711,-1
273734,-1
273757,-1
273780,-1
273803,-1
273826,-1
273849,-1
273872,-1
273895,-1
273918,-1
273941,-1
273964,-1
273987,-1
274010,-1
274033,-1
274056,-1
274079,-1
274102,-1
274125,-1
274148,-1
274171,-1
274194,-1
274217,-1
274240,-1
274263,-1
274286,-1
274309,-1
274332,-1
274355,-1
274378,-1
274401,-1
274424,-1
274447,-1
274470,-1
274493,-1
274516,-1
274539,-1
274562,-1
274585,-1
274608,-1
274631,-1
274654,-1
274677,-1
274700,-1
274723,-1
274746,-1
274769,-1
274792,-1
274815,-1
274838,-1
274861,-1
274884,-1
274907,-1
274930,-1
274953,-1
274976,-1
274999,-1
275022,-1
275045,-1
275068,-1
275091,-1
275114,-1
275137,-1
275160,-1
275183,-1
275206,-1
275229,-1
275252,-1
275275,-1
275298,-1
275321,-1
275344,-1
275367,-1
275390,-1
275413,-1
275436,-1
275459,-1
275481,-1
275504,-1
275527,-1
275550,-1
275573,-1
275596,-1
275619,-1
275642,-1
275665,-1
275688,-1
275711,-1
275734,-1
275757,-1
275780,-1
275803,-1
275826,-1
275849,-1
275872,-1
275895,-1
275918,-1
275941,-1
275964,-1
275987,-1
276010,-1
276033,-1
276056,-1
276079,-1
276102,-1
276125,-1
276148,-1
276171,-1
276194,-1
276217,-1
276240,-1
276263,-1
276286,-1
276309,-1
276332,-1
276355,-1
276378,-1
276401,-1
276424,-1
276447,-1
276470,-1
276493,-1
276516,-1
276539,-1
276562,-1
276585,-1
276608,-1
276631,-1
276654,-1
276677,-1
276700,-1
276723,-1
276746,-1
276769,-1
276792,-1
276815,-1
276838,-1
276861,-1
276884,-1
276907,-1
276930,-1
276953,-1
276976,-1
276999,-1
277022,-1
277045,-1
277068,-1
277091,-1
277114,-1
277137,-1
277160,-1
277183,-1
277206,-1
277229,-1
277252,-1
277275,-1
277298,-1
277321,-1
277344,-1
277367,-1
277390,-1
277413,-1
277436,-1
277459,-1
277482,-1
277505,-1
277528,-1
277551,-1
277574,-1
277597,-1
277620,-1
277643,-1
277666,-1
277689,-1
277712,-1
277735,-1
277758,-1
277781,-1
277804,-1
277827,-1
277850,-1
277873,-1
277896,-1
277919,-1
277942,-1
277965,-1
277988,-1
278011,-1
278034,-1
278057,-1
278080,-1
278103,-1
278126,-1
278149,-1
278172,-1
278195,-1
278218,-1
278241,-1
278264,-1
278287,-1
278310,-1
278333,-1
278356,-1
278379,-1
278402,-1
278425,-1
278448,-1
278471,-1
278494,-1
278517,-1
278540,-1
278563,-1
278586,-1
278609,-1
278632,-1
278655,-1
278678,-1
278701,-1
278724,-1
278747,-1
278770,-1
278793,-1
278816,-1
278839,-1
278861,-1
278884,-1
278907,-1
278930,-1
278953,-1
278976,-1
278999,-1
279022,-1
279045,-1
279068,-1
279091,-1
279114,-1
279137,-1
279160,-1
279183,-1
279206,-1
279229,-1
279252,-1
279275,-1
279298,-1
279321,-1
279344,-1
279367,-1
279390,-1
279413,-1
279436,-1
279459,-1
279482,-1
279505,-1
279528,-1
279551,-1
279574,-1
279597,-1
279620,-1
279643,-1
279666,-1
279689,-1
279712,-1
279735,-1
279758,-1
279781,-1
279804,-1
279827,-1
279850,-1
279873,-1
279896,-1
279919,-1
279942,-1
279965,-1
279988,-1
280011,-1
280034,-1
280057,-1
280080,-1
280103,-1
280126,-1
280149,-1
280172,-1
280195,-1
280218,-1
280241,-1
280264,-1
280287,-1
280310,-1
280333,-1
280356,-1
280379,-1
280402,-1
280425,-1
280448,-1
280471,-1
280494,-1
280517,-1
280540,-1
280563,-1
280586,-1
280609,-1
280632,-1
280655,-1
280678,-1
280701,-1
280724,-1
280747,-1
280770,-1
280793,-1
280816,-1
280839,-1
280862,-1
280885,-1
280908,-1
280931,-1
280954,-1
280977,-1
281000,-1
281023,-1
281046,-1
281069,-1
281092,-1
281115,-1
281138,-1
281161,-1
281184,-1
281207,-1
281230,-1
281253,-1
281276,-1
281299,-1
281322,-1
281345,-1
281368,-1
281391,-1
281414,-1
281437,-1
281460,-1
281483,-1
281506,-1
281529,-1
281552,-1
281575,-1
281598,-1
281621,-1
281644,-1
281667,-1
281690,-1
281713,-1
281736,-1
281759,-1
281782,-1
281805,-1
281828,-1
281851,-1
281874,-1
281897,-1
281920,-1
281943,-1
281966,-1
281989,-1
282012,-1
282035,-1
282058,-1
282081,-1
282104,-1
282127,-1
282150,-1
282173,-1
282196,-1
282219,-1
282241,-1
282264,-1
282287,-1
282310,-1
282333,-1
282356,-1
282379,-1
282402,-1
282425,-1
282448,-1
282471,-1
282494,-1
282517,-1
282540,-1
282563,-1
282586,-1
282609,-1
282632,-1
282655,-1
282678,-1
282701,-1
282724,-1
282747,-1
282770,-1
282793,-1
282816,-1
282839,-1
282862,-1
282885,-1
282908,-1
282931,-1
282954,-1
282977,-1
283000,-1
283023,-1
283046,-1
283069,-1
283092,-1
283115,-1
283138,-1
283161,-1
283184,-1
283207,-1
283230,-1
283253,-1
283276,-1
283299,-1
283322,-1
283345,-1
283368,-1
283391,-1
283414,-1
283437,-1
283460,-1
283483,-1
283506,-1
283529,-1
283552,-1
283575,-1
283598,-1
283621,-1
283644,-1
283667,-1
283690,-1
283713,-1
283736,-1
283759,-1
283782,-1
283805,-1
283828,-1
283851,-1
283874,-1
283897,-1
283920,-1
283943,-1
283966,-1
283989,-1
284012,-1
284035,-1
284058,-1
284081,-1
284104,-1
284127,-1
284150,-1
284173,-1
284196,-1
284219,-1
284242,-1
284265,-1
284288,-1
284311,-1
284334,-1
