0,-1
23,-1
46,-1
69,-1
92,-1
115,-1
138,-1
161,-1
184,-1
207,-1
230,-1
253,-1
276,-1
299,-1
322,-1
345,-1
368,-1
391,-1
414,-1
437,-1
460,-1
483,-1
506,-1
529,-1
552,-1
575,-1
598,-1
621,-1
644,-1
667,-1
690,-1
713,-1
736,-1
759,-1
782,-1
805,-1
828,-1
851,-1
874,-1
897,-1
920,-1
943,-1
966,-1
989,-1
1012,-1
1035,-1
1058,-1
1081,-1
1104,-1
1127,-1
1150,-1
1173,-1
1196,-1
1219,-1
1242,-1
1265,-1
1288,-1
1311,-1
1334,-1
1357,-1
1380,-1
1403,-1
1426,56
1449,56
1472,55
1495,57
1518,58
1541,59
1564,63
1587,67
1610,68
1633,67
1656,67
1679,67
1701,68
1724,69
1747,69
1770,69
1793,69
1816,69
1839,68
1862,69
1885,52
1908,65
1931,56
1954,69
1977,84
2000,67
2023,67
2046,67
2069,67
2092,67
2115,67
2138,67
2161,67
2184,67
2207,66
2230,67
2253,67
2276,-1
2299,81
2322,65
2345,65
2368,64
2391,64
2414,65
2437,66
2460,66
2483,66
2506,66
2529,66
2552,66
2575,65
2598,66
2621,78
2644,79
2667,45
2690,84
2713,54
2736,64
2759,65
2782,64
2805,64
2828,64
2851,64
2874,64
2897,64
2920,64
2943,64
2966,64
2989,64
3012,64
3035,64
3058,64
3081,64
3104,64
3127,64
3150,64
3173,64
3196,64
3219,64
3242,64
3265,64
3288,64
3311,64
3334,64
3357,64
3380,64
3403,64
3426,64
3449,64
3472,64
3495,64
3518,64
3541,64
3564,63
3587,63
3610,84
3633,58
3656,63
3679,77
3702,57
3725,57
3748,57
3771,57
3794,57
3817,57
3840,57
3863,57
3886,57
3909,57
3932,57
3955,57
3978,57
4001,57
4024,57
4047,57
4070,57
4093,57
4116,57
4139,57
4162,57
4185,57
4208,57
4231,57
4254,57
4277,57
4300,57
4323,57
4346,57
4369,57
4392,57
4415,57
4438,57
4461,57
4484,57
4507,58
4530,58
4553,57
4576,57
4599,57
4622,57
4645,58
4668,58
4691,57
4714,57
4737,57
4760,57
4783,57
4806,58
4829,57
4852,57
4875,57
4898,56
4921,57
4944,57
4967,-1
4990,57
5013,57
5036,-1
5059,-1
5081,-1
5104,45
5127,84
5150,79
5173,84
5196,58
5219,84
5242,82
5265,-1
5288,-1
5311,-1
5334,-1
5357,-1
5380,-1
5403,77
5426,60
5449,65
5472,64
5495,64
5518,64
5541,64
5564,65
5587,66
5610,66
5633,66
5656,66
5679,66
5702,66
5725,66
5748,66
5771,66
5794,66
5817,66
5840,66
5863,66
5886,66
5909,66
5932,66
5955,66
5978,66
6001,66
6024,66
6047,66
6070,66
6093,66
6116,66
6139,66
6162,66
6185,66
6208,66
6231,66
6254,66
6277,66
6300,66
6323,66
6346,66
6369,66
6392,66
6415,66
6438,66
6461,66
6484,66
6507,66
6530,66
6553,66
6576,66
6599,66
6622,66
6645,66
6668,66
6691,66
6714,66
6737,66
6760,66
6783,66
6806,66
6829,66
6852,66
6875,66
6898,68
6921,66
6944,68
6967,79
6990,66
7013,66
7036,66
7059,-1
7082,-1
7105,66
7128,66
7151,-1
7174,-1
7197,-1
7220,66
7243,-1
7266,-1
7289,-1
7312,-1
7335,-1
7358,-1
7381,-1
7404,-1
7427,-1
7450,-1
7473,76
7496,76
7519,75
7542,75
7565,47
7588,45
7611,60
7634,60
7657,59
7680,57
7703,57
7726,57
7749,-1
7772,-1
7795,-1
7818,63
7841,62
7864,62
7887,62
7910,61
7933,61
7956,62
7979,62
8002,62
8025,61
8048,61
8071,61
8094,62
8117,62
8140,61
8163,60
8186,63
8209,64
8232,64
8255,64
8278,64
8301,65
8324,63
8347,62
8370,76
8393,83
8416,78
8439,63
8461,-1
8484,-1
8507,-1
8530,63
8553,64
8576,64
8599,64
8622,64
8645,65
8668,66
8691,66
8714,66
8737,66
8760,66
8783,66
8806,66
8829,66
8852,65
8875,65
8898,67
8921,67
8944,67
8967,67
8990,67
9013,65
9036,64
9059,57
9082,62
9105,80
9128,83
9151,71
9174,65
9197,-1
9220,67
9243,65
9266,64
9289,64
9312,64
9335,65
9358,66
9381,66
9404,66
9427,66
9450,66
9473,66
9496,78
9519,65
9542,59
9565,44
9588,59
9611,48
9634,59
9657,59
9680,59
9703,59
9726,59
9749,59
9772,59
9795,59
9818,59
9841,59
9864,58
9887,58
9910,59
9933,62
9956,62
9979,62
10002,61
10025,61
10048,61
10071,62
10094,62
10117,62
10140,61
10163,61
10186,62
10209,62
10232,62
10255,62
10278,61
10301,61
10324,62
10347,62
10370,62
10393,62
10416,62
10439,62
10462,62
10485,-1
10508,56
10531,76
10554,76
10577,72
10600,58
10623,62
10646,62
10669,62
10692,62
10715,62
10738,63
10761,64
10784,64
10807,64
10830,64
10853,64
10876,64
10899,64
10922,64
10945,65
10968,67
10991,65
11014,-1
11037,-1
11060,-1
11083,-1
11106,-1
11129,-1
11152,-1
11175,-1
11198,-1
11221,-1
11244,-1
11267,-1
11290,-1
11313,-1
11336,-1
11359,-1
11382,-1
11405,-1
11428,-1
11451,-1
11474,-1
11497,-1
11520,-1
11543,-1
11566,-1
11589,-1
11612,-1
11635,-1
11658,-1
11681,-1
11704,-1
11727,-1
11750,-1
11773,-1
11796,-1
11819,-1
11841,-1
11864,-1
11887,-1
11910,-1
11933,-1
11956,-1
11979,-1
12002,-1
12025,-1
12048,-1
12071,-1
12094,-1
12117,-1
12140,-1
12163,-1
12186,-1
12209,-1
12232,-1
12255,-1
12278,59
12301,72
12324,56
12347,57
12370,58
12393,58
12416,57
12439,84
12462,50
12485,84
12508,55
12531,56
12554,57
12577,58
12600,60
12623,62
12646,66
12669,67
12692,67
12715,67
12738,67
12761,68
12784,69
12807,69
12830,69
12853,69
12876,69
12899,69
12922,63
12945,61
12968,69
12991,84
13014,66
13037,67
13060,68
13083,67
13106,67
13129,67
13152,67
13175,67
13198,65
13221,64
13244,47
13267,46
13290,65
13313,52
13336,54
13359,65
13382,65
13405,65
13428,64
13451,65
13474,66
13497,66
13520,66
13543,66
13566,66
13589,66
13612,66
13635,77
13658,66
13681,65
13704,65
13727,65
13750,64
13773,64
13796,64
13819,64
13842,64
13865,64
13888,64
13911,64
13934,64
13957,64
13980,64
14003,64
14026,64
14049,64
14072,64
14095,64
14118,64
14141,64
14164,64
14187,64
14210,64
14233,64
14256,64
14279,64
14302,64
14325,64
14348,64
14371,64
14394,64
14417,64
14440,64
14463,64
14486,64
14509,64
14532,64
14555,48
14578,58
14601,-1
14624,64
14647,76
14670,64
14693,76
14716,64
14739,58
14762,57
14785,57
14808,57
14831,56
14854,-1
14877,-1
14900,-1
14923,-1
14946,-1
14969,-1
14992,-1
15015,-1
15038,-1
15061,-1
15084,-1
15107,56
15130,57
15153,57
15176,57
15199,57
15221,57
15244,57
15267,57
15290,57
15313,57
15336,57
15359,57
15382,57
15405,57
15428,57
15451,57
15474,57
15497,57
15520,57
15543,-1
15566,-1
15589,-1
15612,-1
15635,-1
15658,-1
15681,-1
15704,-1
15727,-1
15750,58
15773,56
15796,57
15819,57
15842,57
15865,57
15888,57
15911,57
15934,57
15957,57
15980,57
16003,57
16026,57
16049,57
16072,57
16095,57
16118,57
16141,59
16164,59
16187,59
16210,59
16233,59
16256,58
16279,77
16302,54
16325,57
16348,83
16371,59
16394,-1
16417,-1
16440,57
16463,59
16486,64
16509,64
16532,64
16555,64
16578,64
16601,65
16624,66
16647,66
16670,66
16693,66
16716,66
16739,66
16762,66
16785,66
16808,65
16831,64
16854,64
16877,64
16900,65
16923,66
16946,66
16969,66
16992,66
17015,66
17038,66
17061,66
17084,66
17107,66
17130,66
17153,66
17176,66
17199,66
17222,66
17245,66
17268,66
17291,66
17314,66
17337,66
17360,66
17383,66
17406,66
17429,66
17452,66
17475,66
17498,66
17521,66
17544,66
17567,66
17590,66
17613,66
17636,66
17659,66
17682,66
17705,66
17728,66
17751,66
17774,66
17797,65
17820,66
17843,66
17866,66
17889,66
17912,66
17935,66
17958,66
17981,67
18004,66
18027,66
18050,65
18073,66
18096,-1
18119,-1
18142,-1
18165,-1
18188,-1
18211,-1
18234,-1
18257,-1
18280,-1
18303,-1
18326,-1
18349,-1
18372,-1
18395,-1
18418,-1
18441,-1
18464,-1
18487,-1
18510,-1
18533,-1
18556,-1
18579,-1
18601,-1
18624,-1
18647,-1
18670,-1
18693,-1
18716,-1
18739,-1
18762,-1
18785,-1
18808,-1
18831,-1
18854,-1
18877,-1
18900,-1
18923,-1
18946,-1
18969,-1
18992,-1
19015,-1
19038,-1
19061,-1
19084,-1
19107,-1
19130,84
19153,51
19176,50
19199,57
19222,60
19245,61
19268,61
19291,60
19314,60
19337,62
19360,62
19383,66
19406,-1
19429,-1
19452,61
19475,-1
19498,-1
19521,60
19544,63
19567,64
19590,64
19613,64
19636,64
19659,64
19682,65
19705,66
19728,66
19751,66
19774,66
19797,66
19820,66
19843,66
19866,63
19889,49
19912,50
19935,65
19958,67
19981,67
20004,66
20027,67
20050,67
20073,67
20096,66
20119,65
20142,66
20165,66
20188,66
20211,66
20234,65
20257,64
20280,64
20303,64
20326,64
20349,65
20372,66
20395,66
20418,66
20441,66
20464,66
20487,66
20510,78
20533,65
20556,50
20579,58
20602,59
20625,60
20648,60
20671,60
20694,59
20717,59
20740,59
20763,59
20786,59
20809,59
20832,59
20855,59
20878,59
20901,59
20924,60
20947,61
20970,61
20993,62
21016,61
21039,61
21062,61
21085,62
21108,62
21131,62
21154,61
21177,61
21200,61
21223,62
21246,62
21269,62
21292,62
21315,61
21338,61
21361,62
21384,62
21407,62
21430,62
21453,61
21476,60
21499,84
21522,53
21545,42
21568,84
21591,72
21614,-1
21637,-1
21660,62
21683,62
21706,62
21729,62
21752,63
21775,64
21798,64
21821,64
21844,64
21867,64
21890,64
21913,64
21936,64
21959,64
21981,64
22004,64
22027,64
22050,66
22073,67
22096,65
22119,63
22142,48
22165,64
22188,64
22211,-1
22234,-1
22257,-1
22280,-1
22303,-1
22326,-1
22349,-1
22372,-1
22395,-1
22418,-1
22441,-1
22464,-1
22487,-1
22510,-1
22533,-1
22556,-1
22579,-1
22602,-1
22625,-1
22648,-1
22671,-1
22694,-1
22717,-1
22740,-1
22763,-1
22786,-1
22809,-1
22832,-1
22855,-1
22878,-1
22901,-1
22924,-1
22947,-1
22970,-1
22993,80
23016,67
23039,67
23062,67
23085,67
23108,68
23131,69
23154,69
23177,69
23200,69
23223,69
23246,69
23269,69
23292,69
23315,69
23338,69
23361,69
23384,69
23407,69
23430,69
23453,69
23476,69
23499,69
23522,69
23545,69
23568,69
23591,69
23614,69
23637,69
23660,69
23683,69
23706,69
23729,69
23752,69
23775,69
23798,69
23821,69
23844,69
23867,69
23890,69
23913,69
23936,64
23959,62
23982,58
24005,58
24028,68
24051,69
24074,84
24097,-1
24120,-1
24143,-1
24166,-1
24189,-1
24212,-1
24235,-1
24258,-1
24281,55
24304,52
24327,52
24350,57
24373,64
24396,69
24419,70
24442,70
24465,69
24488,70
24511,69
24534,63
24557,46
24580,84
24603,49
24626,69
24649,57
24672,84
24695,48
24718,65
24741,68
24764,69
24787,69
24810,69
24833,70
24856,70
24879,71
24902,71
24925,71
24948,71
24971,71
24994,71
25017,71
25040,71
25063,72
25086,72
25109,72
25132,71
25155,71
25178,71
25201,71
25224,71
25247,71
25270,71
25293,71
25316,71
25339,71
25361,71
25384,71
25407,71
25430,71
25453,71
25476,71
25499,71
25522,71
25545,71
25568,71
25591,71
25614,71
25637,67
25660,64
25683,59
25706,57
25729,63
25752,67
25775,69
25798,69
25821,69
25844,69
25867,69
25890,69
25913,67
25936,67
25959,67
25982,67
26005,67
26028,67
26051,67
26074,67
26097,67
26120,67
26143,67
26166,67
26189,67
26212,67
26235,67
26258,66
26281,66
26304,66
26327,66
26350,66
26373,66
26396,66
26419,66
26442,66
26465,66
26488,66
26511,66
26534,66
26557,66
26580,66
26603,66
26626,66
26649,66
26672,66
26695,66
26718,66
26741,66
26764,66
26787,66
26810,66
26833,57
26856,66
26879,-1
26902,-1
26925,80
26948,79
26971,-1
26994,-1
27017,-1
27040,-1
27063,-1
27086,-1
27109,67
27132,67
27155,66
27178,64
27201,64
27224,64
27247,65
27270,66
27293,66
27316,66
27339,66
27362,66
27385,66
27408,63
27431,60
27454,58
27477,55
27500,83
27523,60
27546,64
27569,64
27592,64
27615,64
27638,65
27661,66
27684,66
27707,66
27730,66
27753,66
27776,66
27799,66
27822,67
27845,67
27868,67
27891,66
27914,66
27937,66
27960,66
27983,66
28006,66
28029,66
28052,66
28075,66
28098,66
28121,66
28144,66
28167,66
28190,66
28213,66
28236,66
28259,66
28282,66
28305,60
28328,54
28351,56
28374,64
28397,44
28420,53
28443,69
28466,51
28489,65
28512,64
28535,66
28558,65
28581,65
28604,66
28627,66
28650,67
28673,67
28696,67
28719,67
28741,66
28764,65
28787,64
28810,64
28833,64
28856,64
28879,64
28902,64
28925,64
28948,64
28971,64
28994,64
29017,64
29040,64
29063,64
29086,64
29109,64
29132,64
29155,64
29178,64
29201,64
29224,64
29247,64
29270,64
29293,64
29316,64
29339,64
29362,64
29385,64
29408,64
29431,64
29454,63
29477,63
29500,63
29523,64
29546,64
29569,64
29592,64
29615,64
29638,64
29661,64
29684,64
29707,64
29730,64
29753,64
29776,41
29799,39
29822,57
29845,58
29868,60
29891,62
29914,62
29937,62
29960,61
29983,62
30006,62
30029,61
30052,60
30075,58
30098,58
30121,58
30144,58
30167,58
30190,58
30213,58
30236,58
30259,58
30282,58
30305,58
30328,58
30351,58
30374,58
30397,58
30420,58
30443,58
30466,58
30489,58
30512,58
30535,58
30558,58
30581,58
30604,58
30627,58
30650,58
30673,58
30696,58
30719,58
30742,58
30765,58
30788,58
30811,58
30834,58
30857,58
30880,58
30903,58
30926,58
30949,58
30972,58
30995,59
31018,61
31041,62
31064,62
31087,62
31110,62
31133,63
31156,63
31179,64
31202,64
31225,64
31248,64
31271,64
31294,64
31317,64
31340,64
31363,64
31386,64
31409,64
31432,64
31455,64
31478,64
31501,64
31524,64
31547,64
31570,64
31593,64
31616,64
31639,64
31662,64
31685,65
31708,65
31731,65
31754,65
31777,65
31800,66
31823,66
31846,66
31869,66
31892,66
31915,66
31938,66
31961,66
31984,65
32007,66
32030,66
32053,66
32076,66
32099,66
32121,66
32144,66
32167,66
32190,66
32213,66
32236,-1
32259,-1
32282,-1
32305,-1
32328,-1
32351,-1
32374,-1
32397,-1
32420,-1
32443,-1
32466,-1
32489,-1
32512,-1
32535,-1
32558,-1
32581,-1
32604,-1
32627,61
32650,61
32673,61
32696,61
32719,61
32742,62
32765,62
32788,62
32811,61
32834,61
32857,62
32880,62
32903,61
32926,60
32949,60
32972,60
32995,62
33018,63
33041,64
33064,64
33087,64
33110,64
33133,64
33156,64
33179,64
33202,64
33225,64
33248,64
33271,64
33294,64
33317,64
33340,64
33363,64
33386,64
33409,64
33432,64
33455,65
33478,66
33501,66
33524,66
33547,66
33570,66
33593,66
33616,66
33639,65
33662,61
33685,59
33708,63
33731,66
33754,67
33777,67
33800,67
33823,67
33846,67
33869,67
33892,67
33915,62
33938,60
33961,81
33984,84
34007,54
34030,67
34053,56
34076,65
34099,67
34122,67
34145,67
34168,68
34191,69
34214,69
34237,69
34260,69
34283,69
34306,67
34329,65
34352,69
34375,82
34398,82
34421,82
34444,83
34467,83
34490,62
34513,62
34536,62
34559,61
34582,61
34605,62
34628,62
34651,62
34674,62
34697,61
34720,61
34743,61
34766,62
34789,62
34812,62
34835,62
34858,61
34881,61
34904,62
34927,62
34950,62
34973,62
34996,61
35019,61
35042,62
35065,62
35088,61
35111,61
35134,-1
35157,81
35180,62
35203,62
35226,61
35249,61
35272,60
35295,82
35318,62
35341,-1
35364,-1
35387,-1
35410,-1
35433,63
35456,62
35479,62
35501,62
35524,62
35547,62
35570,61
35593,45
35616,-1
35639,-1
35662,-1
35685,-1
35708,-1
35731,-1
35754,61
35777,60
35800,59
35823,59
35846,59
35869,60
35892,60
35915,59
35938,62
35961,82
35984,77
36007,59
36030,66
36053,63
36076,58
36099,77
36122,77
36145,62
36168,64
36191,64
36214,64
36237,65
36260,66
36283,66
36306,66
36329,66
36352,66
36375,66
36398,66
36421,66
36444,66
36467,66
36490,66
36513,67
36536,67
36559,67
36582,67
36605,67
36628,67
36651,67
36674,67
36697,67
36720,67
36743,67
36766,67
36789,67
36812,67
36835,67
36858,67
36881,68
36904,69
36927,69
36950,69
36973,69
36996,69
37019,66
37042,78
37065,48
37088,66
37111,71
37134,75
37157,83
37180,63
37203,61
37226,61
37249,61
37272,61
37295,61
37318,61
37341,62
37364,62
37387,62
37410,62
37433,62
37456,62
37479,61
37502,62
37525,62
37548,62
37571,62
37594,62
37617,61
37640,61
37663,62
37686,62
37709,62
37732,61
37755,61
37778,63
37801,62
37824,62
37847,61
37870,62
37893,62
37916,81
37939,80
37962,81
37985,80
38008,79
38031,80
38054,81
38077,-1
38100,-1
38123,54
38146,55
38169,58
38192,63
38215,64
38238,64
38261,64
38284,65
38307,66
38330,66
38353,65
38376,65
38399,64
38422,64
38445,64
38468,64
38491,64
38514,63
38537,62
38560,62
38583,62
38606,62
38629,62
38652,63
38675,64
38698,64
38721,64
38744,64
38767,64
38790,64
38813,64
38836,64
38859,64
38881,64
38904,64
38927,64
38950,64
38973,64
38996,64
39019,64
39042,64
39065,64
39088,64
39111,64
39134,64
39157,64
39180,64
39203,64
39226,64
39249,64
39272,64
39295,64
39318,64
39341,64
39364,64
39387,64
39410,64
39433,64
39456,64
39479,64
39502,64
39525,64
39548,64
39571,64
39594,64
39617,64
39640,64
39663,64
39686,64
39709,64
39732,64
39755,64
39778,64
39801,64
39824,64
39847,64
39870,64
39893,64
39916,64
39939,64
39962,64
39985,64
40008,64
40031,64
40054,64
40077,64
40100,64
40123,64
40146,64
40169,64
40192,64
40215,64
40238,64
40261,64
40284,64
40307,64
40330,64
40353,64
40376,64
40399,64
40422,64
40445,64
40468,64
40491,64
40514,64
40537,64
40560,64
40583,64
40606,64
40629,64
40652,64
40675,64
40698,64
40721,64
40744,64
40767,64
40790,64
40813,64
40836,64
40859,64
40882,64
40905,64
40928,64
40951,64
40974,64
40997,64
41020,64
41043,64
41066,64
41089,64
41112,64
41135,62
41158,62
41181,62
41204,62
41227,62
41250,62
41273,62
41296,61
41319,63
41342,64
41365,64
41388,64
41411,64
41434,65
41457,65
41480,66
41503,66
41526,66
41549,66
41572,66
41595,66
41618,66
41641,66
41664,65
41687,67
41710,66
41733,64
41756,47
41779,82
41802,66
41825,66
41848,66
41871,66
41894,66
41917,66
41940,66
41963,66
41986,-1
42009,-1
42032,-1
42055,-1
42078,-1
42101,-1
42124,-1
42147,-1
42170,-1
42193,-1
42216,-1
42239,-1
42261,-1
42284,-1
42307,-1
42330,-1
42353,-1
42376,-1
42399,-1
42422,-1
42445,-1
42468,-1
42491,-1
42514,-1
42537,-1
42560,84
42583,48
42606,56
42629,54
42652,59
42675,75
42698,71
42721,73
42744,73
42767,71
42790,45
42813,45
42836,46
42859,55
42882,55
42905,54
42928,53
42951,52
42974,55
42997,58
43020,59
43043,60
43066,60
43089,60
43112,61
43135,62
43158,62
43181,62
43204,62
43227,62
43250,62
43273,62
43296,62
43319,60
43342,60
43365,64
43388,64
43411,64
43434,64
43457,64
43480,64
43503,64
43526,64
43549,64
43572,64
43595,64
43618,64
43641,64
43664,64
43687,64
43710,64
43733,64
43756,64
43779,66
43802,66
43825,66
43848,66
43871,66
43894,66
43917,66
43940,64
43963,60
43986,58
44009,45
44032,64
44055,67
44078,67
44101,67
44124,67
44147,67
44170,64
44193,60
44216,55
44239,81
44262,67
44285,81
44308,49
44331,60
44354,65
44377,64
44400,66
44423,67
44446,67
44469,67
44492,67
44515,68
44538,69
44561,69
44584,69
44607,69
44630,69
44653,69
44676,69
44699,69
44722,69
44745,69
44768,69
44791,69
44814,69
44837,69
44860,69
44883,69
44906,69
44929,69
44952,69
44975,69
44998,69
45021,69
45044,69
45067,81
45090,69
45113,69
45136,69
45159,69
45182,69
45205,69
45228,69
45251,69
45274,69
45297,69
45320,69
45343,68
45366,68
45389,65
45412,53
45435,66
45458,66
45481,66
45504,66
45527,66
45550,66
45573,66
45596,66
45619,66
45641,66
45664,66
45687,66
45710,66
45733,66
45756,67
45779,67
45802,68
45825,67
45848,67
45871,67
45894,68
45917,69
45940,69
45963,69
45986,69
46009,69
46032,69
46055,69
46078,69
46101,69
46124,69
46147,69
46170,69
46193,69
46216,69
46239,69
46262,69
46285,69
46308,69
46331,69
46354,69
46377,65
46400,59
46423,57
46446,69
46469,69
46492,69
46515,51
46538,57
46561,69
46584,69
46607,69
46630,69
46653,84
46676,69
46699,79
46722,-1
46745,-1
46768,-1
46791,76
46814,66
46837,67
46860,67
46883,66
46906,67
46929,67
46952,67
46975,63
46998,60
47021,84
47044,84
47067,81
47090,57
47113,40
47136,69
47159,71
47182,70
47205,68
47228,68
47251,68
47274,68
47297,68
47320,69
47343,69
47366,69
47389,69
47412,69
47435,69
47458,69
47481,69
47504,69
47527,69
47550,69
47573,69
47596,69
47619,69
47642,69
47665,69
47688,69
47711,69
47734,67
47757,63
47780,59
47803,58
47826,58
47849,60
47872,66
47895,66
47918,65
47941,66
47964,66
47987,64
48010,64
48033,64
48056,62
48079,62
48102,62
48125,63
48148,66
48171,72
48194,70
48217,70
48240,70
48263,70
48286,70
48309,71
48332,71
48355,71
48378,71
48401,71
48424,71
48447,71
48470,71
48493,71
48516,71
48539,71
48562,71
48585,71
48608,71
48631,71
48654,71
48677,71
48700,71
48723,71
48746,71
48769,69
48792,69
48815,83
48838,82
48861,71
48884,70
48907,71
48930,71
48953,71
48976,71
48999,71
49021,71
49044,71
49067,71
49090,71
49113,80
49136,-1
49159,-1
49182,-1
49205,-1
49228,-1
49251,-1
49274,44
49297,80
49320,72
49343,67
49366,70
49389,-1
49412,-1
49435,-1
49458,-1
49481,-1
49504,-1
49527,-1
49550,-1
49573,75
49596,69
49619,70
49642,69
49665,69
49688,70
49711,70
49734,70
49757,71
49780,71
49803,71
49826,71
49849,71
49872,71
49895,71
49918,71
49941,71
49964,71
49987,71
50010,71
50033,71
50056,71
50079,71
50102,71
50125,71
50148,71
50171,71
50194,71
50217,71
50240,71
50263,71
50286,71
50309,71
50332,71
50355,71
50378,71
50401,71
50424,71
50447,71
50470,71
50493,71
50516,71
50539,71
50562,71
50585,71
50608,71
50631,71
50654,71
50677,71
50700,71
50723,71
50746,71
50769,71
50792,71
50815,71
50838,71
50861,71
50884,71
50907,71
50930,71
50953,72
50976,72
50999,71
51022,71
51045,71
51068,71
51091,71
51114,71
51137,71
51160,71
51183,62
51206,61
51229,64
51252,64
51275,71
51298,69
51321,72
51344,72
51367,52
51390,71
51413,71
51436,52
51459,71
51482,70
51505,61
51528,52
51551,60
51574,69
51597,45
51620,45
51643,68
51666,70
51689,69
51712,69
51735,70
51758,70
51781,71
51804,70
51827,61
51850,68
51873,71
51896,66
51919,65
51942,55
51965,59
51988,67
52011,68
52034,69
52057,69
52080,69
52103,69
52126,69
52149,69
52172,68
52195,64
52218,62
52241,61
52264,61
52287,63
52310,67
52333,71
52356,71
52379,71
52401,71
52424,71
52447,71
52470,71
52493,70
52516,68
52539,65
52562,64
52585,64
52608,66
52631,67
52654,69
52677,70
52700,70
52723,70
52746,70
52769,70
52792,71
52815,72
52838,72
52861,72
52884,72
52907,72
52930,72
52953,72
52976,72
52999,72
53022,72
53045,72
53068,71
53091,72
53114,72
53137,72
53160,72
53183,72
53206,72
53229,72
53252,72
53275,72
53298,72
53321,72
53344,71
53367,72
53390,72
53413,72
53436,72
53459,73
53482,73
53505,74
53528,74
53551,74
53574,74
53597,74
53620,74
53643,73
53666,68
53689,66
53712,74
53735,74
53758,52
53781,84
53804,62
53827,69
53850,74
53873,73
53896,74
53919,74
53942,74
53965,-1
53988,-1
54011,-1
54034,-1
54057,69
54080,69
54103,69
54126,69
54149,70
54172,70
54195,71
54218,71
54241,71
54264,71
54287,71
54310,71
54333,71
54356,71
54379,71
54402,71
54425,71
54448,71
54471,71
54494,71
54517,71
54540,71
54563,71
54586,71
54609,71
54632,71
54655,71
54678,70
54701,70
54724,69
54747,69
54770,69
54793,69
54816,69
54839,69
54862,69
54885,69
54908,70
54931,70
54954,70
54977,69
55000,69
55023,69
55046,69
55069,70
55092,70
55115,70
55138,70
55161,70
55184,71
55207,71
55230,71
55253,71
55276,71
55299,71
55322,71
55345,71
55368,71
55391,71
55414,71
55437,71
55460,70
55483,69
55506,69
55529,69
55552,69
55575,69
55598,67
55621,67
55644,67
55667,67
55690,67
55713,67
55736,67
55759,67
55781,67
55804,67
55827,67
55850,67
55873,67
55896,67
55919,67
55942,67
55965,67
55988,67
56011,67
56034,67
56057,67
56080,67
56103,67
56126,67
56149,67
56172,67
56195,67
56218,67
56241,67
56264,67
56287,67
56310,67
56333,67
56356,67
56379,67
56402,67
56425,67
56448,67
56471,67
56494,67
56517,67
56540,67
56563,79
56586,68
56609,66
56632,67
56655,67
56678,67
56701,67
56724,67
56747,-1
56770,67
56793,-1
56816,67
56839,67
56862,-1
56885,-1
56908,-1
56931,67
56954,79
56977,-1
57000,-1
57023,-1
57046,-1
57069,-1
57092,-1
57115,-1
57138,60
57161,60
57184,61
57207,61
57230,61
57253,60
57276,61
57299,61
57322,61
57345,61
57368,61
57391,62
57414,62
57437,62
57460,62
57483,62
57506,62
57529,62
57552,62
57575,62
57598,62
57621,62
57644,62
57667,62
57690,62
57713,62
57736,62
57759,62
57782,61
57805,59
57828,58
57851,57
57874,64
57897,64
57920,63
57943,63
57966,64
57989,65
58012,64
58035,64
58058,63
58081,62
58104,61
58127,61
58150,62
58173,63
58196,65
58219,67
58242,67
58265,67
58288,67
58311,68
58334,69
58357,69
58380,57
58403,57
58426,57
58449,57
58472,57
58495,69
58518,69
58541,68
58564,68
58587,67
58610,67
58633,67
58656,67
58679,67
58702,67
58725,66
58748,66
58771,66
58794,66
58817,66
58840,66
58863,66
58886,66
58909,66
58932,66
58955,66
58978,66
59001,66
59024,66
59047,65
59070,64
59093,64
59116,64
59139,64
59161,64
59184,64
59207,64
59230,64
59253,64
59276,64
59299,64
59322,64
59345,64
59368,64
59391,64
59414,64
59437,64
59460,64
59483,64
59506,63
59529,63
59552,76
59575,65
59598,64
59621,64
59644,64
59667,64
59690,64
59713,75
59736,64
59759,64
59782,-1
59805,64
59828,57
59851,58
59874,63
59897,63
59920,64
59943,67
59966,68
59989,69
60012,69
60035,69
60058,70
60081,70
60104,71
60127,71
60150,71
60173,71
60196,71
60219,71
60242,71
60265,71
60288,84
60311,81
60334,84
60357,68
60380,84
60403,83
60426,81
60449,67
60472,69
60495,69
60518,69
60541,69
60564,69
60587,69
60610,69
60633,69
60656,69
60679,69
60702,69
60725,69
60748,69
60771,64
60794,84
60817,76
60840,69
60863,69
60886,69
60909,69
60932,69
60955,64
60978,66
61001,66
61024,67
61047,66
61070,66
61093,67
61116,67
61139,67
61162,67
61185,67
61208,67
61231,67
61254,67
61277,64
61300,68
61323,63
61346,81
61369,66
61392,-1
61415,84
61438,72
61461,63
61484,65
61507,64
61530,64
61553,65
61576,66
61599,66
61622,66
61645,66
61668,66
61691,66
61714,66
61737,64
61760,64
61783,64
61806,64
61829,64
61852,64
61875,64
61898,62
61921,61
61944,60
61967,61
61990,62
62013,62
62036,62
62059,62
62082,63
62105,76
62128,64
62151,64
62174,64
62197,64
62220,64
62243,64
62266,64
62289,64
62312,64
62335,64
62358,64
62381,63
62404,64
62427,64
62450,64
62473,64
62496,64
62519,64
62541,64
62564,64
62587,61
62610,-1
62633,-1
62656,63
62679,64
62702,64
62725,64
62748,64
62771,65
62794,66
62817,66
62840,66
62863,66
62886,66
62909,66
62932,66
62955,67
62978,64
63001,84
63024,-1
63047,-1
63070,81
63093,84
63116,84
63139,66
63162,47
63185,66
63208,-1
63231,-1
63254,-1
63277,-1
63300,-1
63323,-1
63346,-1
63369,-1
63392,62
63415,62
63438,62
63461,62
63484,62
63507,62
63530,62
63553,62
63576,62
63599,62
63622,62
63645,62
63668,62
63691,62
63714,62
63737,62
63760,62
63783,62
63806,62
63829,62
63852,62
63875,62
63898,62
63921,62
63944,62
63967,62
63990,62
64013,62
64036,61
64059,64
64082,74
64105,74
64128,75
64151,63
64174,58
64197,-1
64220,-1
64243,-1
64266,-1
64289,-1
64312,-1
64335,-1
64358,-1
64381,76
64404,75
64427,66
64450,62
64473,79
64496,81
64519,81
64542,74
64565,-1
64588,-1
64611,-1
64634,-1
64657,-1
64680,-1
64703,57
64726,45
64749,58
64772,58
64795,57
64818,55
64841,71
64864,74
64887,52
64910,79
64933,64
64956,67
64979,63
65002,62
65025,61
65048,43
65071,56
65094,53
65117,64
65140,64
65163,64
65186,65
65209,66
65232,66
65255,66
65278,66
65301,64
65324,64
65347,63
65370,79
65393,82
65416,79
65439,61
65462,47
65485,58
65508,59
65531,58
65554,58
65577,58
65600,64
65623,-1
65646,-1
65669,-1
65692,-1
65715,58
65738,-1
65761,-1
65784,69
65807,63
65830,62
65853,61
65876,61
65899,61
65921,62
65944,62
65967,62
65990,62
66013,62
66036,62
66059,62
66082,62
66105,62
66128,62
66151,62
66174,61
66197,62
66220,62
66243,62
66266,62
66289,62
66312,62
66335,62
66358,62
66381,62
66404,62
66427,62
66450,62
66473,64
66496,62
66519,62
66542,62
66565,61
66588,61
66611,61
66634,62
66657,62
66680,62
66703,62
66726,61
66749,61
66772,61
66795,62
66818,62
66841,62
66864,62
66887,61
66910,61
66933,62
66956,62
66979,62
67002,62
67025,62
67048,43
67071,79
67094,62
67117,63
67140,52
67163,64
67186,64
67209,64
67232,64
67255,64
67278,64
67301,64
67324,64
67347,64
67370,64
67393,64
67416,64
67439,52
67462,64
67485,64
67508,64
67531,64
67554,50
67577,50
67600,52
67623,63
67646,63
67669,63
67692,64
67715,64
67738,64
67761,64
67784,64
67807,64
67830,64
67853,64
67876,64
67899,64
67922,64
67945,64
67968,64
67991,64
68014,64
68037,64
68060,64
68083,64
68106,64
68129,64
68152,64
68175,64
68198,64
68221,57
68244,50
68267,50
68290,64
68313,64
68336,64
68359,64
68382,64
68405,64
68428,64
68451,65
68474,66
68497,45
68520,67
68543,45
68566,45
68589,45
68612,65
68635,45
68658,64
68681,64
68704,64
68727,45
68750,45
68773,45
68796,69
68819,45
68842,45
68865,73
68888,66
68911,67
68934,67
68957,67
68980,67
69003,68
69026,69
69049,69
69072,69
69095,69
69118,69
69141,69
69164,69
69187,69
69210,69
69233,69
69256,69
69279,69
69301,69
69324,69
69347,69
69370,69
69393,69
69416,69
69439,69
69462,69
69485,69
69508,69
69531,69
69554,69
69577,69
69600,69
69623,69
69646,69
69669,69
69692,69
69715,69
69738,69
69761,69
69784,69
69807,69
69830,69
69853,69
69876,69
69899,69
69922,69
69945,69
69968,69
69991,69
70014,69
70037,69
70060,69
70083,69
70106,69
70129,69
70152,69
70175,69
70198,69
70221,69
70244,69
70267,69
70290,69
70313,69
70336,69
70359,69
70382,69
70405,69
70428,69
70451,69
70474,69
70497,69
70520,69
70543,69
70566,69
70589,69
70612,69
70635,69
70658,69
70681,69
70704,69
70727,69
70750,70
70773,69
70796,64
70819,69
70842,70
70865,64
70888,69
70911,71
70934,48
70957,66
70980,66
71003,66
71026,66
71049,66
71072,66
71095,63
71118,65
71141,66
71164,66
71187,66
71210,66
71233,66
71256,66
71279,66
71302,66
71325,78
71348,66
71371,66
71394,66
71417,66
71440,66
71463,66
71486,65
71509,65
71532,59
71555,78
71578,66
71601,78
71624,65
71647,66
71670,67
71693,67
71716,67
71739,68
71762,69
71785,69
71808,69
71831,69
71854,69
71877,69
71900,69
71923,69
71946,69
71969,69
71992,69
72015,69
72038,69
72061,69
72084,69
72107,69
72130,69
72153,69
72176,69
72199,69
72222,66
72245,66
72268,66
72291,66
72314,66
72337,66
72360,67
72383,67
72406,67
72429,67
72452,67
72475,67
72498,67
72521,67
72544,67
72567,67
72590,67
72613,67
72636,67
72659,67
72681,67
72704,67
72727,67
72750,67
72773,66
72796,67
72819,67
72842,67
72865,67
72888,67
72911,66
72934,66
72957,66
72980,67
73003,67
73026,66
73049,66
73072,66
73095,66
73118,66
73141,66
73164,66
73187,66
73210,66
73233,66
73256,66
73279,66
73302,66
73325,66
73348,66
73371,67
73394,67
73417,66
73440,66
73463,66
73486,66
73509,66
73532,66
73555,66
73578,66
73601,66
73624,66
73647,66
73670,64
73693,64
73716,64
73739,64
73762,64
73785,64
73808,64
73831,64
73854,64
73877,64
73900,65
73923,65
73946,64
73969,64
73992,64
74015,64
74038,64
74061,63
74084,62
74107,62
74130,62
74153,62
74176,62
74199,62
74222,62
74245,62
74268,62
74291,62
74314,62
74337,62
74360,62
74383,63
74406,63
74429,62
74452,61
74475,62
74498,62
74521,62
74544,62
74567,62
74590,62
74613,60
74636,60
74659,59
74682,58
74705,50
74728,76
74751,54
74774,65
74797,77
74820,64
74843,64
74866,65
74889,66
74912,66
74935,66
74958,66
74981,66
75004,66
75027,66
75050,66
75073,66
75096,66
75119,78
75142,78
75165,66
75188,66
75211,68
75234,67
75257,66
75280,66
75303,66
75326,66
75349,54
75372,54
75395,78
75418,78
75441,66
75464,66
75487,66
75510,66
75533,66
75556,66
75579,65
75602,66
75625,66
75648,66
75671,66
75694,66
75717,54
75740,66
75763,57
75786,58
75809,58
75832,57
75855,54
75878,53
75901,50
75924,71
75947,71
75970,79
75993,82
76016,74
76039,74
76061,76
76084,82
76107,54
76130,65
76153,64
76176,64
76199,64
76222,65
76245,66
76268,66
76291,66
76314,66
76337,64
76360,65
76383,54
76406,79
76429,66
76452,64
76475,66
76498,58
76521,58
76544,59
76567,59
76590,59
76613,58
76636,58
76659,-1
76682,-1
76705,-1
76728,-1
76751,-1
76774,-1
76797,47
76820,62
76843,62
76866,62
76889,61
76912,61
76935,62
76958,62
76981,62
77004,62
77027,62
77050,62
77073,62
77096,62
77119,62
77142,61
77165,62
77188,62
77211,62
77234,60
77257,61
77280,62
77303,62
77326,-1
77349,62
77372,62
77395,62
77418,-1
77441,-1
77464,62
77487,-1
77510,62
77533,62
77556,62
77579,62
77602,61
77625,61
77648,61
77671,62
77694,62
77717,62
77740,62
77763,61
77786,61
77809,62
77832,62
77855,62
77878,62
77901,62
77924,61
77947,61
77970,62
77993,62
78016,62
78039,62
78062,62
78085,79
78108,61
78131,75
78154,61
78177,62
78200,62
78223,62
78246,62
78269,62
78292,62
78315,62
78338,62
78361,62
78384,62
78407,62
78430,62
78453,62
78476,61
78499,61
78522,62
78545,62
78568,64
78591,64
78614,64
78637,64
78660,64
78683,64
78706,64
78729,64
78752,64
78775,64
78798,64
78821,64
78844,64
78867,64
78890,64
78913,64
78936,64
78959,64
78982,64
79005,64
79028,64
79051,64
79074,64
79097,64
79120,64
79143,64
79166,-1
79189,-1
79212,-1
79235,-1
79258,65
79281,65
79304,65
79327,65
79350,-1
79373,-1
79396,-1
79419,-1
79441,-1
79464,-1
79487,-1
79510,-1
79533,-1
79556,68
79579,68
79602,69
79625,69
79648,69
79671,70
79694,71
79717,71
79740,70
79763,68
79786,67
79809,66
79832,66
79855,66
79878,66
79901,67
79924,67
79947,67
79970,67
79993,67
80016,67
80039,68
80062,68
80085,69
80108,69
80131,69
80154,69
80177,69
80200,69
80223,69
80246,69
80269,69
80292,69
80315,69
80338,69
80361,69
80384,69
80407,69
80430,69
80453,69
80476,69
80499,69
80522,69
80545,69
80568,69
80591,69
80614,69
80637,69
80660,69
80683,69
80706,69
80729,69
80752,69
80775,69
80798,69
80821,69
80844,69
80867,69
80890,69
80913,69
80936,69
80959,69
80982,69
81005,69
81028,69
81051,69
81074,69
81097,69
81120,69
81143,69
81166,69
81189,69
81212,69
81235,69
81258,69
81281,69
81304,69
81327,69
81350,69
81373,69
81396,69
81419,69
81442,69
81465,69
81488,69
81511,69
81534,69
81557,69
81580,69
81603,69
81626,69
81649,69
81672,69
81695,69
81718,69
81741,69
81764,69
81787,69
81810,68
81833,69
81856,83
81879,81
81902,68
81925,51
81948,84
81971,64
81994,66
82017,66
82040,66
82063,66
82086,66
82109,66
82132,63
82155,66
82178,66
82201,66
82224,66
82247,66
82270,66
82293,66
82316,66
82339,66
82362,66
82385,66
82408,66
82431,66
82454,66
82477,66
82500,66
82523,66
82546,59
82569,66
82592,57
82615,66
82638,66
82661,66
82684,67
82707,67
82730,67
82753,67
82776,69
82799,69
82821,69
82844,69
82867,69
82890,69
82913,69
82936,69
82959,69
82982,69
83005,69
83028,69
83051,69
83074,69
83097,69
83120,69
83143,69
83166,69
83189,69
83212,69
83235,69
83258,69
83281,66
83304,66
83327,66
83350,54
83373,66
83396,67
83419,67
83442,67
83465,67
83488,67
83511,67
83534,67
83557,67
83580,67
83603,67
83626,67
83649,67
83672,67
83695,67
83718,67
83741,67
83764,67
83787,67
83810,67
83833,67
83856,67
83879,67
83902,67
83925,66
83948,67
83971,67
83994,67
84017,67
84040,66
84063,66
84086,66
84109,66
84132,66
84155,66
84178,66
84201,66
84224,66
84247,66
84270,66
84293,66
84316,66
84339,66
84362,66
84385,66
84408,66
84431,66
84454,66
84477,66
84500,66
84523,66
84546,66
84569,66
84592,66
84615,66
84638,66
84661,66
84684,66
84707,66
84730,66
84753,64
84776,64
84799,64
84822,64
84845,64
84868,64
84891,64
84914,64
84937,65
84960,65
84983,65
85006,64
85029,64
85052,64
85075,64
85098,63
85121,62
85144,62
85167,62
85190,62
85213,62
85236,62
85259,62
85282,62
85305,62
85328,62
85351,61
85374,61
85397,62
85420,62
85443,62
85466,62
85489,62
85512,62
85535,62
85558,62
85581,62
85604,62
85627,62
85650,62
85673,62
85696,60
85719,61
85742,62
85765,61
85788,61
85811,56
85834,58
85857,58
85880,57
85903,57
85926,58
85949,59
85972,59
85995,59
86018,59
86041,59
86064,59
86087,59
86110,59
86133,46
86156,62
86179,60
86201,58
86224,56
86247,54
86270,66
86293,54
86316,66
86339,66
86362,66
86385,66
86408,66
86431,66
86454,66
86477,66
86500,66
86523,66
86546,66
86569,66
86592,66
86615,66
86638,63
86661,61
86684,59
86707,56
86730,55
86753,54
86776,-1
86799,-1
86822,-1
86845,-1
86868,-1
86891,-1
86914,-1
86937,-1
86960,-1
86983,-1
87006,-1
87029,-1
87052,-1
87075,-1
87098,-1
87121,-1
87144,-1
87167,-1
87190,-1
87213,-1
87236,-1
87259,-1
87282,-1
87305,-1
87328,-1
87351,-1
87374,-1
87397,-1
87420,-1
87443,-1
87466,-1
87489,59
87512,59
87535,60
87558,60
87581,60
87604,60
87627,61
87650,61
87673,62
87696,62
87719,62
87742,62
87765,62
87788,62
87811,62
87834,62
87857,62
87880,62
87903,62
87926,62
87949,62
87972,62
87995,62
88018,62
88041,62
88064,62
88087,62
88110,62
88133,62
88156,62
88179,62
88202,62
88225,62
88248,62
88271,62
88294,62
88317,62
88340,62
88363,62
88386,62
88409,61
88432,62
88455,64
88478,53
88501,63
88524,84
88547,-1
88570,-1
88593,-1
88616,-1
88639,-1
88662,-1
88685,-1
88708,-1
88731,-1
88754,-1
88777,62
88800,-1
88823,-1
88846,-1
88869,-1
88892,-1
88915,-1
88938,-1
88961,-1
88984,-1
89007,-1
89030,-1
89053,-1
89076,-1
89099,-1
89122,-1
89145,-1
89168,-1
89191,-1
89214,-1
89237,-1
89260,-1
89283,-1
89306,-1
89329,-1
89352,-1
89375,-1
89398,-1
89421,-1
89444,-1
89467,-1
89490,-1
89513,-1
89536,-1
89559,81
89581,57
89604,56
89627,57
89650,57
89673,57
89696,57
89719,56
89742,56
89765,57
89788,-1
89811,-1
89834,-1
89857,-1
89880,-1
89903,-1
89926,66
89949,67
89972,67
89995,67
90018,68
90041,69
90064,69
90087,69
90110,69
90133,69
90156,69
90179,68
90202,66
90225,62
90248,60
90271,62
90294,65
90317,67
90340,67
90363,67
90386,67
90409,67
90432,67
90455,65
90478,69
90501,67
90524,55
90547,67
90570,-1
90593,-1
90616,65
90639,65
90662,65
90685,64
90708,65
90731,66
90754,66
90777,66
90800,66
90823,66
90846,66
90869,65
90892,65
90915,65
90938,-1
90961,65
90984,65
91007,65
91030,64
91053,64
91076,64
91099,64
91122,64
91145,64
91168,64
91191,64
91214,64
91237,64
91260,64
91283,64
91306,64
91329,64
91352,64
91375,64
91398,64
91421,64
91444,64
91467,64
91490,64
91513,64
91536,64
91559,64
91582,64
91605,64
91628,64
91651,64
91674,64
91697,64
91720,64
91743,64
91766,64
91789,64
91812,64
91835,64
91858,76
91881,-1
91904,64
91927,64
91950,64
91973,52
91996,64
92019,70
92042,57
92065,57
92088,57
92111,57
92134,57
92157,57
92180,57
92203,57
92226,57
92249,57
92272,57
92295,57
92318,57
92341,57
92364,57
92387,57
92410,57
92433,57
92456,57
92479,57
92502,57
92525,57
92548,57
92571,57
92594,57
92617,57
92640,57
92663,57
92686,57
92709,57
92732,57
92755,57
92778,57
92801,58
92824,58
92847,57
92870,57
92893,57
92916,57
92939,57
92961,57
92984,57
93007,57
93030,56
93053,57
93076,57
93099,57
93122,57
93145,57
93168,57
93191,57
93214,-1
93237,-1
93260,-1
93283,-1
93306,-1
93329,65
93352,51
93375,60
93398,46
93421,59
93444,59
93467,58
93490,59
93513,60
93536,59
93559,-1
93582,-1
93605,-1
93628,-1
93651,59
93674,-1
93697,-1
93720,-1
93743,65
93766,65
93789,65
93812,64
93835,64
93858,65
93881,66
93904,66
93927,66
93950,66
93973,66
93996,66
94019,66
94042,66
94065,66
94088,65
94111,64
94134,64
94157,65
94180,66
94203,66
94226,66
94249,66
94272,66
94295,66
94318,66
94341,66
94364,66
94387,66
94410,66
94433,66
94456,66
94479,66
94502,66
94525,66
94548,66
94571,66
94594,66
94617,66
94640,66
94663,66
94686,66
94709,66
94732,66
94755,66
94778,66
94801,66
94824,66
94847,66
94870,66
94893,66
94916,66
94939,66
94962,66
94985,66
95008,66
95031,66
95054,66
95077,66
95100,66
95123,66
95146,66
95169,66
95192,66
95215,79
95238,71
95261,68
95284,66
95307,66
95330,66
95353,66
95376,66
95399,66
95422,66
95445,66
95468,66
95491,-1
95514,-1
95537,-1
95560,-1
95583,-1
95606,-1
95629,-1
95652,-1
95675,-1
95698,-1
95721,-1
95744,-1
95767,-1
95790,-1
95813,-1
95836,-1
95859,-1
95882,-1
95905,-1
95928,-1
95951,-1
95974,-1
95997,63
96020,71
96043,47
96066,48
96089,50
96112,50
96135,84
96158,61
96181,61
96204,61
96227,60
96250,61
96273,61
96296,62
96319,62
96341,62
96364,61
96387,61
96410,61
96433,62
96456,62
96479,63
96502,64
96525,64
96548,64
96571,64
96594,64
96617,65
96640,43
96663,81
96686,81
96709,73
96732,82
96755,81
96778,79
96801,56
96824,65
96847,64
96870,64
96893,64
96916,65
96939,66
96962,66
96985,66
97008,66
97031,66
97054,61
97077,47
97100,45
97123,65
97146,57
97169,65
97192,66
97215,67
97238,67
97261,66
97284,66
97307,67
97330,67
97353,67
97376,67
97399,67
97422,67
97445,66
97468,66
97491,65
97514,64
97537,64
97560,64
97583,65
97606,66
97629,66
97652,66
97675,66
97698,66
97721,65
97744,65
97767,-1
97790,66
97813,66
97836,66
97859,66
97882,76
97905,59
97928,59
97951,59
97974,59
97997,59
98020,59
98043,52
98066,64
98089,82
98112,82
98135,60
98158,66
98181,68
98204,62
98227,61
98250,62
98273,62
98296,62
98319,61
98342,61
98365,62
98388,62
98411,62
98434,62
98457,62
98480,61
98503,62
98526,62
98549,62
98572,62
98595,62
98618,61
98641,62
98664,62
98687,62
98710,62
98733,62
98756,62
98779,60
98802,58
98825,58
98848,58
98871,59
98894,62
98917,63
98940,75
98963,62
98986,62
99009,63
99032,64
99055,64
99078,64
99101,64
99124,64
99147,64
99170,64
99193,64
99216,64
99239,76
99262,76
99285,76
99308,75
99331,69
99354,68
99377,62
99400,45
99423,63
99446,81
99469,57
99492,64
99515,-1
99538,-1
99561,-1
99584,-1
99607,-1
99630,-1
99653,-1
99676,-1
99699,-1
99721,76
99744,76
99767,76
99790,76
99813,-1
99836,-1
99859,-1
99882,-1
99905,-1
99928,-1
99951,-1
99974,-1
99997,-1
100020,-1
100043,-1
100066,-1
100089,-1
100112,-1
100135,-1
100158,-1
100181,-1
100204,-1
100227,-1
100250,-1
100273,-1
100296,-1
100319,-1
100342,-1
100365,-1
100388,-1
100411,-1
100434,-1
100457,-1
100480,-1
100503,-1
100526,54
100549,52
100572,53
100595,55
100618,57
100641,57
100664,56
100687,57
100710,57
100733,57
100756,55
100779,-1
100802,-1
100825,-1
100848,-1
100871,-1
100894,-1
100917,-1
100940,55
100963,68
100986,68
101009,67
101032,67
101055,68
101078,69
101101,69
101124,69
101147,69
101170,69
101193,69
101216,68
101239,68
101262,68
101285,68
101308,68
101331,68
101354,67
101377,67
101400,67
101423,67
101446,67
101469,67
101492,67
101515,67
101538,67
101561,67
101584,67
101607,67
101630,67
101653,66
101676,65
101699,64
101722,64
101745,65
101768,66
101791,66
101814,66
101837,65
101860,64
101883,65
101906,65
101929,65
101952,77
101975,64
101998,64
102021,64
102044,64
102067,64
102090,64
102113,64
102136,64
102159,64
102182,64
102205,64
102228,64
102251,64
102274,64
102297,64
102320,64
102343,64
102366,64
102389,64
102412,64
102435,64
102458,64
102481,64
102504,64
102527,64
102550,64
102573,64
102596,64
102619,64
102642,64
102665,64
102688,64
102711,64
102734,64
102757,64
102780,64
102803,64
102826,64
102849,60
102872,57
102895,64
102918,57
102941,39
102964,62
102987,42
103010,66
103033,69
103056,69
103079,69
103101,70
103124,71
103147,71
103170,71
103193,71
103216,71
103239,68
103262,66
103285,62
103308,63
103331,77
103354,51
103377,83
103400,69
103423,70
103446,70
103469,69
103492,69
103515,69
103538,69
103561,69
103584,69
103607,69
103630,69
103653,69
103676,69
103699,69
103722,69
103745,69
103768,69
103791,69
103814,69
103837,69
103860,69
103883,69
103906,69
103929,69
103952,68
103975,57
103998,69
104021,69
104044,69
104067,53
104090,65
104113,65
104136,65
104159,65
104182,66
104205,66
104228,66
104251,66
104274,66
104297,66
104320,66
104343,66
104366,66
104389,66
104412,66
104435,66
104458,64
104481,64
104504,64
104527,64
104550,64
104573,64
104596,64
104619,64
104642,64
104665,64
104688,64
104711,64
104734,66
104757,78
104780,66
104803,66
104826,66
104849,66
104872,66
104895,66
104918,66
104941,66
104964,77
104987,64
105010,64
105033,64
105056,64
105079,63
105102,62
105125,62
105148,62
105171,62
105194,62
105217,62
105240,62
105263,62
105286,62
105309,62
105332,62
105355,62
105378,62
105401,62
105424,62
105447,62
105470,62
105493,62
105516,62
105539,62
105562,62
105585,62
105608,62
105631,62
105654,62
105677,62
105700,62
105723,62
105746,62
105769,62
105792,62
105815,62
105838,62
105861,62
105884,62
105907,62
105930,62
105953,62
105976,62
105999,62
106022,62
106045,62
106068,81
106091,82
106114,82
106137,-1
106160,-1
106183,-1
106206,-1
106229,-1
106252,-1
106275,-1
106298,-1
106321,-1
106344,-1
106367,-1
106390,-1
106413,-1
106436,-1
106459,-1
106481,-1
106504,79
106527,81
106550,80
106573,80
106596,79
106619,65
106642,80
106665,67
106688,-1
106711,-1
106734,-1
106757,-1
106780,-1
106803,60
106826,58
106849,58
106872,57
106895,57
106918,58
106941,58
106964,59
106987,58
107010,56
107033,56
107056,55
107079,54
107102,54
107125,54
107148,55
107171,60
107194,61
107217,61
107240,61
107263,61
107286,62
107309,62
107332,62
107355,62
107378,62
107401,62
107424,62
107447,62
107470,61
107493,61
107516,64
107539,64
107562,64
107585,64
107608,64
107631,64
107654,65
107677,63
107700,49
107723,78
107746,65
107769,74
107792,84
107815,84
107838,84
107861,62
107884,63
107907,64
107930,64
107953,64
107976,65
107999,66
108022,66
108045,66
108068,66
108091,66
108114,66
108137,66
108160,66
108183,66
108206,67
108229,67
108252,67
108275,67
108298,67
108321,67
108344,67
108367,67
108390,67
108413,67
108436,67
108459,67
108482,67
108505,67
108528,67
108551,67
108574,66
108597,67
108620,67
108643,68
108666,69
108689,69
108712,69
108735,69
108758,68
108781,67
108804,67
108827,77
108850,55
108873,82
108896,61
108919,63
108942,63
108965,64
108988,65
109011,66
109034,66
109057,66
109080,64
109103,54
109126,69
109149,64
109172,68
109195,82
109218,78
109241,77
109264,61
109287,61
109310,61
109333,61
109356,61
109379,62
109402,62
109425,62
109448,62
109471,62
109494,62
109517,62
109540,62
109563,62
109586,62
109609,62
109632,62
109655,62
109678,62
109701,62
109724,62
109747,62
109770,62
109793,62
109816,60
109839,58
109861,55
109884,52
109907,55
109930,61
109953,62
109976,74
109999,62
110022,63
110045,64
110068,64
110091,64
110114,64
110137,64
110160,64
110183,64
110206,64
110229,64
110252,64
110275,77
110298,64
110321,64
110344,64
110367,64
110390,64
110413,64
110436,64
110459,64
110482,64
110505,64
110528,64
110551,64
110574,64
110597,64
110620,64
110643,64
110666,64
110689,63
110712,63
110735,64
110758,64
110781,64
110804,65
110827,67
110850,67
110873,48
110896,48
110919,48
110942,48
110965,48
110988,65
111011,48
111034,66
111057,48
111080,48
111103,66
111126,66
111149,66
111172,55
111195,66
111218,66
111241,66
111264,67
111287,56
111310,63
111333,66
111356,67
111379,67
111402,67
111425,67
111448,68
111471,69
111494,69
111517,69
111540,69
111563,69
111586,69
111609,69
111632,69
111655,69
111678,69
111701,69
111724,69
111747,69
111770,69
111793,69
111816,68
111839,65
111862,63
111885,62
111908,62
111931,62
111954,64
111977,67
112000,67
112023,67
112046,67
112069,67
112092,68
112115,69
112138,69
112161,69
112184,69
112207,69
112230,69
112253,69
112276,69
112299,69
112322,69
112345,68
112368,67
112391,66
112414,65
112437,65
112460,65
112483,66
112506,66
112529,66
112552,67
112575,67
112598,68
112621,68
112644,69
112667,70
112690,71
112713,72
112736,72
112759,73
112782,73
112805,74
112828,74
112851,55
112874,68
112897,68
112920,68
112943,65
112966,68
112989,52
113012,70
113035,64
113058,67
113081,69
113104,69
113127,69
113150,69
113173,69
113196,70
113219,71
113241,71
113264,71
113287,71
113310,71
113333,71
113356,71
113379,71
113402,72
113425,72
113448,72
113471,71
113494,71
113517,71
113540,71
113563,71
113586,71
113609,71
113632,71
113655,71
113678,71
113701,71
113724,71
113747,71
113770,71
113793,71
113816,71
113839,71
113862,69
113885,50
113908,71
113931,70
113954,70
113977,71
114000,71
114023,71
114046,67
114069,69
114092,70
114115,69
114138,69
114161,69
114184,66
114207,-1
114230,-1
114253,-1
114276,69
114299,69
114322,69
114345,70
114368,63
114391,65
114414,67
114437,67
114460,67
114483,66
114506,67
114529,67
114552,66
114575,66
114598,66
114621,66
114644,66
114667,66
114690,66
114713,66
114736,66
114759,66
114782,66
114805,66
114828,66
114851,66
114874,66
114897,66
114920,66
114943,66
114966,66
114989,66
115012,66
115035,67
115058,51
115081,66
115104,66
115127,-1
115150,-1
115173,-1
115196,-1
115219,-1
115242,-1
115265,-1
115288,-1
115311,83
115334,48
115357,84
115380,79
115403,53
115426,60
115449,65
115472,67
115495,67
115518,67
115541,68
115564,69
115587,69
115610,69
115633,69
115656,69
115679,68
115702,69
115725,84
115748,78
115771,84
115794,84
115817,65
115840,66
115863,66
115886,67
115909,67
115932,67
115955,68
115978,69
116001,69
116024,69
116047,69
116070,69
116093,69
116116,69
116139,69
116162,69
116185,69
116208,69
116231,69
116254,69
116277,69
116300,69
116323,69
116346,69
116369,69
116392,69
116415,69
116438,69
116461,69
116484,69
116507,69
116530,69
116553,69
116576,69
116599,70
116621,66
116644,66
116667,66
116690,65
116713,65
116736,38
116759,64
116782,64
116805,68
116828,69
116851,50
116874,69
116897,70
116920,70
116943,71
116966,71
116989,71
117012,71
117035,71
117058,71
117081,65
117104,66
117127,66
117150,71
117173,66
117196,68
117219,64
117242,62
117265,63
117288,62
117311,63
117334,64
117357,63
117380,62
117403,62
117426,62
117449,62
117472,63
117495,63
117518,63
117541,63
117564,43
117587,62
117610,62
117633,62
117656,62
117679,62
117702,62
117725,62
117748,62
117771,62
117794,62
117817,62
117840,62
117863,62
117886,63
117909,-1
117932,68
117955,68
117978,67
118001,68
118024,66
118047,67
118070,67
118093,67
118116,66
118139,66
118162,54
118185,55
118208,63
118231,65
118254,65
118277,65
118300,65
118323,66
118346,66
118369,66
118392,66
118415,66
118438,66
118461,66
118484,70
118507,70
118530,68
118553,64
118576,65
118599,64
118622,64
118645,64
118668,65
118691,66
118714,66
118737,66
118760,66
118783,66
118806,66
118829,66
118852,66
118875,66
118898,67
118921,67
118944,67
118967,66
118990,66
119013,66
119036,66
119059,66
119082,66
119105,66
119128,66
119151,66
119174,65
119197,64
119220,64
119243,64
119266,64
119289,64
119312,64
119335,64
119358,64
119381,64
119404,64
119427,64
119450,64
119473,64
119496,64
119519,64
119542,64
119565,64
119588,64
119611,64
119634,64
119657,64
119680,64
119703,64
119726,64
119749,64
119772,65
119795,64
119818,64
119841,64
119864,64
119887,64
119910,64
119933,64
119956,64
119979,65
120001,66
120024,65
120047,52
120070,65
120093,64
120116,64
120139,64
120162,64
120185,64
120208,64
120231,64
120254,64
120277,64
120300,64
120323,65
120346,64
120369,63
120392,64
120415,64
120438,64
120461,64
120484,64
120507,64
120530,64
120553,64
120576,65
120599,63
120622,61
120645,61
120668,61
120691,61
120714,61
120737,61
120760,62
120783,62
120806,62
120829,62
120852,62
120875,62
120898,62
120921,62
120944,61
120967,63
120990,63
121013,62
121036,62
121059,62
121082,62
121105,62
121128,62
121151,62
121174,61
121197,61
121220,-1
121243,-1
121266,83
121289,83
121312,64
121335,64
121358,64
121381,64
121404,64
121427,64
121450,62
121473,58
121496,72
121519,64
121542,48
121565,62
121588,61
121611,63
121634,64
121657,64
121680,64
121703,64
121726,65
121749,66
121772,66
121795,66
121818,66
121841,66
121864,66
121887,66
121910,62
121933,60
121956,59
121979,60
122002,74
122025,68
122048,67
122071,67
122094,67
122117,67
122140,67
122163,67
122186,67
122209,67
122232,67
122255,67
122278,67
122301,67
122324,67
122347,67
122370,67
122393,79
122416,68
122439,69
122462,69
122485,69
122508,69
122531,69
122554,65
122577,74
122600,81
122623,64
122646,76
122669,79
122692,80
122715,62
122738,62
122761,62
122784,61
122807,61
122830,61
122853,61
122876,61
122899,62
122922,62
122945,62
122968,62
122991,62
123014,61
123037,61
123060,62
123083,62
123106,62
123129,61
123152,61
123175,62
123198,62
123221,63
123244,62
123267,81
123290,62
123313,50
123336,80
123359,84
123381,61
123404,61
123427,62
123450,-1
123473,-1
123496,-1
123519,78
123542,70
123565,54
123588,52
123611,79
123634,78
123657,80
123680,82
123703,80
123726,60
123749,61
123772,61
123795,61
123818,61
123841,62
123864,62
123887,62
123910,62
123933,62
123956,62
123979,62
124002,62
124025,60
124048,58
124071,64
124094,65
124117,64
124140,64
124163,64
124186,64
124209,64
124232,64
124255,64
124278,64
124301,63
124324,63
124347,64
124370,64
124393,64
124416,64
124439,64
124462,64
124485,65
124508,66
124531,66
124554,66
124577,66
124600,66
124623,66
124646,66
124669,66
124692,66
124715,65
124738,-1
124761,67
124784,67
124807,67
124830,67
124853,67
124876,67
124899,67
124922,67
124945,67
124968,66
124991,66
125014,67
125037,-1
125060,-1
125083,67
125106,66
125129,67
125152,67
125175,68
125198,69
125221,69
125244,69
125267,69
125290,69
125313,68
125336,66
125359,60
125382,57
125405,58
125428,61
125451,62
125474,62
125497,62
125520,61
125543,61
125566,61
125589,62
125612,62
125635,62
125658,62
125681,61
125704,61
125727,62
125750,62
125773,62
125796,62
125819,62
125842,61
125865,62
125888,62
125911,63
125934,62
125957,62
125980,62
126003,-1
126026,-1
126049,80
126072,-1
126095,-1
126118,-1
126141,-1
126164,-1
126187,-1
126210,-1
126233,-1
126256,-1
126279,-1
126302,-1
126325,61
126348,66
126371,81
126394,83
126417,72
126440,63
126463,67
126486,69
126509,70
126532,71
126555,71
126578,71
126601,70
126624,68
126647,67
126670,67
126693,67
126716,67
126739,67
126761,67
126784,67
126807,67
126830,67
126853,67
126876,67
126899,67
126922,68
126945,68
126968,69
126991,69
127014,69
127037,69
127060,69
127083,69
127106,69
127129,69
127152,69
127175,69
127198,69
127221,69
127244,69
127267,69
127290,69
127313,69
127336,69
127359,69
127382,69
127405,69
127428,69
127451,69
127474,69
127497,69
127520,69
127543,69
127566,69
127589,69
127612,69
127635,69
127658,69
127681,69
127704,69
127727,69
127750,69
127773,69
127796,69
127819,69
127842,69
127865,69
127888,69
127911,69
127934,69
127957,69
127980,69
128003,69
128026,69
128049,69
128072,69
128095,69
128118,69
128141,69
128164,69
128187,69
128210,69
128233,69
128256,69
128279,69
128302,69
128325,69
128348,69
128371,69
128394,69
128417,69
128440,69
128463,69
128486,69
128509,69
128532,69
128555,69
128578,69
128601,69
128624,70
128647,69
128670,68
128693,68
128716,66
128739,66
128762,38
128785,54
128808,68
128831,68
128854,66
128877,65
128900,80
128923,80
128946,81
128969,69
128992,69
129015,-1
129038,-1
129061,-1
129084,55
129107,60
129130,53
129153,84
129176,61
129199,62
129222,66
129245,69
129268,69
129291,69
129314,69
129337,69
129360,69
129383,69
129406,69
129429,69
129452,69
129475,69
129498,69
129521,69
129544,69
129567,69
129590,69
129613,70
129636,71
129659,71
129682,72
129705,72
129728,73
129751,73
129774,73
129797,74
129820,74
129843,74
129866,74
129889,74
129912,74
129935,74
129958,74
129981,74
130004,74
130027,74
130050,74
130073,74
130096,74
130119,74
130141,74
130164,74
130187,74
130210,74
130233,73
130256,74
130279,73
130302,72
130325,71
130348,71
130371,71
130394,71
130417,71
130440,71
130463,71
130486,72
130509,73
130532,73
130555,73
130578,73
130601,73
130624,73
130647,72
130670,71
130693,71
130716,71
130739,71
130762,71
130785,71
130808,71
130831,71
130854,71
130877,71
130900,71
130923,71
130946,71
130969,71
130992,71
131015,71
131038,71
131061,70
131084,69
131107,69
131130,69
131153,69
131176,69
131199,68
131222,52
131245,82
131268,61
131291,68
131314,62
131337,64
131360,64
131383,64
131406,64
131429,65
131452,78
131475,78
131498,78
131521,78
131544,78
131567,78
131590,78
131613,78
131636,66
131659,66
131682,68
131705,69
131728,69
131751,69
131774,69
131797,70
131820,71
131843,71
131866,71
131889,71
131912,71
131935,71
131958,59
131981,66
132004,78
132027,57
132050,67
132073,69
132096,69
132119,69
132142,69
132165,69
132188,69
132211,69
132234,69
132257,69
132280,69
132303,69
132326,69
132349,69
132372,69
132395,69
132418,69
132441,69
132464,69
132487,81
132510,69
132533,74
132556,81
132579,84
132602,82
132625,81
132648,69
132671,69
132694,82
132717,67
132740,70
132763,68
132786,67
132809,67
132832,67
132855,68
132878,69
132901,69
132924,69
132947,69
132970,69
132993,69
133016,69
133039,70
133062,70
133085,69
133108,69
133131,69
133154,69
133177,69
133200,69
133223,69
133246,69
133269,69
133292,66
133315,62
133338,60
133361,69
133384,68
133407,69
133430,70
133453,70
133476,69
133499,69
133521,69
133544,69
133567,69
133590,69
133613,69
133636,69
133659,69
133682,68
133705,66
133728,67
133751,66
133774,66
133797,66
133820,66
133843,66
133866,66
133889,66
133912,66
133935,66
133958,66
133981,66
134004,66
134027,66
134050,67
134073,67
134096,67
134119,67
134142,67
134165,68
134188,69
134211,69
134234,69
134257,69
134280,69
134303,69
134326,69
134349,69
134372,69
134395,69
134418,69
134441,69
134464,69
134487,69
134510,69
134533,69
134556,69
134579,69
134602,70
134625,50
134648,62
134671,62
134694,62
134717,50
134740,50
134763,61
134786,62
134809,61
134832,61
134855,61
134878,61
134901,61
134924,60
134947,59
134970,58
134993,57
135016,57
135039,57
135062,69
135085,69
135108,65
135131,66
135154,66
135177,65
135200,66
135223,67
135246,66
135269,63
135292,57
135315,57
135338,57
135361,57
135384,57
135407,57
135430,57
135453,64
135476,66
135499,67
135522,67
135545,67
135568,68
135591,69
135614,69
135637,69
135660,69
135683,69
135706,69
135729,69
135752,69
135775,69
135798,69
135821,69
135844,69
135867,69
135890,69
135913,69
135936,69
135959,69
135982,69
136005,68
136028,63
136051,60
136074,58
136097,58
136120,62
136143,67
136166,67
136189,66
136212,66
136235,67
136258,67
136281,45
136304,62
136327,58
136350,58
136373,60
136396,57
136419,84
136442,68
136465,70
136488,70
136511,69
136534,70
136557,70
136580,71
136603,71
136626,71
136649,71
136672,71
136695,71
136718,71
136741,71
136764,71
136787,71
136810,71
136833,71
136856,71
136879,71
136901,71
136924,71
136947,71
136970,71
136993,71
137016,71
137039,71
137062,71
137085,70
137108,69
137131,82
137154,52
137177,70
137200,60
137223,61
137246,61
137269,61
137292,61
137315,62
137338,62
137361,62
137384,62
137407,62
137430,62
137453,62
137476,62
137499,67
137522,50
137545,41
137568,50
137591,61
137614,61
137637,61
137660,61
137683,62
137706,58
137729,58
137752,55
137775,50
137798,50
137821,45
137844,73
137867,69
137890,70
137913,70
137936,69
137959,69
137982,70
138005,70
138028,59
138051,59
138074,59
138097,59
138120,71
138143,71
138166,71
138189,71
138212,71
138235,71
138258,71
138281,59
138304,71
138327,71
138350,71
138373,71
138396,71
138419,71
138442,71
138465,71
138488,71
138511,71
138534,71
138557,71
138580,71
138603,71
138626,71
138649,71
138672,71
138695,71
138718,71
138741,71
138764,71
138787,71
138810,71
138833,71
138856,71
138879,71
138902,71
138925,71
138948,71
138971,71
138994,71
139017,71
139040,71
139063,71
139086,71
139109,58
139132,57
139155,57
139178,57
139201,57
139224,71
139247,72
139270,71
139293,71
139316,71
139339,71
139362,71
139385,71
139408,57
139431,57
139454,57
139477,59
139500,59
139523,59
139546,58
139569,69
139592,72
139615,72
139638,71
139661,71
139684,71
139707,71
139730,71
139753,68
139776,52
139799,49
139822,60
139845,57
139868,69
139891,71
139914,67
139937,69
139960,69
139983,69
140006,70
140029,70
140052,70
140075,71
140098,82
140121,62
140144,44
140167,64
140190,65
140213,61
140236,51
140259,64
140281,67
140304,69
140327,69
140350,69
140373,69
140396,69
140419,69
140442,68
140465,66
140488,63
140511,61
140534,61
140557,63
140580,65
140603,71
140626,71
140649,71
140672,71
140695,71
140718,71
140741,71
140764,70
140787,68
140810,66
140833,64
140856,64
140879,65
140902,67
140925,69
140948,58
140971,58
140994,70
141017,58
141040,58
141063,58
141086,59
141109,72
141132,72
141155,72
141178,60
141201,72
141224,60
141247,72
141270,72
141293,72
141316,60
141339,72
141362,71
141385,72
141408,72
141431,72
141454,72
141477,72
141500,72
141523,72
141546,72
141569,60
141592,72
141615,72
141638,71
141661,72
141684,72
141707,72
141730,72
141753,73
141776,73
141799,74
141822,74
141845,74
141868,74
141891,74
141914,74
141937,68
141960,64
141983,54
142006,74
142029,62
142052,57
142075,59
142098,74
142121,74
142144,50
142167,62
142190,74
142213,74
142236,62
142259,-1
142282,-1
142305,62
142328,69
142351,50
142374,50
142397,69
142420,69
142443,69
142466,70
142489,70
142512,71
142535,71
142558,71
142581,71
142604,71
142627,71
142650,71
142673,71
142696,71
142719,52
142742,52
142765,52
142788,71
142811,71
142834,71
142857,71
142880,71
142903,71
142926,71
142949,71
142972,71
142995,70
143018,57
143041,70
143064,69
143087,69
143110,69
143133,69
143156,69
143179,57
143202,58
143225,58
143248,51
143271,57
143294,57
143317,57
143340,57
143363,70
143386,70
143409,70
143432,70
143455,70
143478,71
143501,71
143524,59
143547,71
143570,71
143593,71
143616,71
143639,71
143661,71
143684,71
143707,71
143730,71
143753,70
143776,69
143799,69
143822,69
143845,69
143868,69
143891,68
143914,67
143937,67
143960,67
143983,67
144006,67
144029,67
144052,67
144075,79
144098,67
144121,67
144144,67
144167,67
144190,67
144213,67
144236,67
144259,79
144282,67
144305,67
144328,67
144351,67
144374,67
144397,67
144420,67
144443,67
144466,67
144489,67
144512,67
144535,67
144558,67
144581,67
144604,67
144627,67
144650,67
144673,67
144696,67
144719,67
144742,67
144765,67
144788,67
144811,67
144834,67
144857,68
144880,66
144903,65
144926,67
144949,67
144972,67
144995,79
145018,67
145041,55
145064,59
145087,-1
145110,67
145133,79
145156,46
145179,66
145202,54
145225,59
145248,78
145271,-1
145294,79
145317,-1
145340,-1
145363,-1
145386,48
145409,58
145432,59
145455,60
145478,61
145501,62
145524,49
145547,49
145570,50
145593,50
145616,50
145639,50
145662,62
145685,62
145708,62
145731,62
145754,62
145777,62
145800,62
145823,62
145846,62
145869,62
145892,62
145915,62
145938,62
145961,62
145984,62
146007,62
146030,62
146053,61
146076,59
146099,58
146122,58
146145,64
146168,64
146191,64
146214,64
146237,64
146260,65
146283,64
146306,63
146329,63
146352,62
146375,50
146398,50
146421,50
146444,51
146467,63
146490,55
146513,67
146536,68
146559,68
146582,56
146605,69
146628,57
146651,57
146674,57
146697,57
146720,57
146743,57
146766,69
146789,57
146812,56
146835,68
146858,68
146881,67
146904,55
146927,67
146950,55
146973,67
146996,67
147019,66
147041,66
147064,66
147087,66
147110,66
147133,66
147156,66
147179,66
147202,66
147225,66
147248,66
147271,66
147294,66
147317,65
147340,64
147363,64
147386,52
147409,52
147432,52
147455,52
147478,52
147501,52
147524,76
147547,76
147570,76
147593,64
147616,64
147639,76
147662,76
147685,76
147708,76
147731,52
147754,52
147777,64
147800,64
147823,64
147846,64
147869,82
147892,60
147915,75
147938,64
147961,64
147984,76
148007,64
148030,64
148053,-1
148076,-1
148099,-1
148122,57
148145,57
148168,58
148191,61
148214,65
148237,69
148260,70
148283,69
148306,69
148329,70
148352,71
148375,71
148398,71
148421,71
148444,71
148467,71
148490,71
148513,71
148536,67
148559,71
148582,71
148605,64
148628,63
148651,84
148674,59
148697,75
148720,67
148743,69
148766,69
148789,69
148812,69
148835,69
148858,70
148881,70
148904,69
148927,69
148950,69
148973,69
148996,69
149019,69
149042,65
149065,59
149088,57
149111,50
149134,81
149157,81
149180,81
149203,70
149226,70
149249,65
149272,67
149295,67
149318,66
149341,66
149364,66
149387,67
149410,67
149433,67
149456,67
149479,67
149502,67
149525,67
149548,67
149571,67
149594,53
149617,40
149640,81
149663,84
149686,67
149709,-1
149732,-1
149755,58
149778,66
149801,66
149824,64
149847,64
149870,65
149893,66
149916,66
149939,66
149962,66
149985,66
150008,66
150031,66
150054,64
150077,64
150100,64
150123,64
150146,64
150169,64
150192,64
150215,62
150238,62
150261,61
150284,61
150307,61
150330,62
150353,62
150376,62
150399,62
150421,63
150444,64
150467,64
150490,64
150513,64
150536,64
150559,64
150582,64
150605,64
150628,64
150651,64
150674,64
150697,64
150720,64
150743,64
150766,64
150789,64
150812,64
150835,64
150858,63
150881,64
150904,-1
150927,-1
150950,48
150973,66
150996,64
151019,64
151042,64
151065,64
151088,66
151111,66
151134,66
151157,66
151180,66
151203,66
151226,67
151249,68
151272,63
151295,83
151318,70
151341,-1
151364,-1
151387,-1
151410,66
151433,66
151456,66
151479,-1
151502,-1
151525,-1
151548,-1
151571,-1
151594,-1
151617,-1
151640,62
151663,62
151686,62
151709,62
151732,62
151755,62
151778,62
151801,62
151824,62
151847,62
151870,62
151893,61
151916,62
151939,62
151962,62
151985,62
152008,62
152031,61
152054,62
152077,62
152100,62
152123,62
152146,62
152169,62
152192,62
152215,62
152238,62
152261,62
152284,62
152307,-1
152330,-1
152353,72
152376,74
152399,75
152422,75
152445,59
152468,59
152491,-1
152514,-1
152537,-1
152560,-1
152583,-1
152606,-1
152629,77
152652,84
152675,77
152698,-1
152721,-1
152744,69
152767,80
152790,80
152813,80
152836,81
152859,80
152882,-1
152905,-1
152928,-1
152951,-1
152974,54
152997,45
153020,58
153043,58
153066,58
153089,55
153112,80
153135,56
153158,53
153181,60
153204,50
153227,60
153250,82
153273,55
153296,43
153319,69
153342,60
153365,65
153388,64
153411,64
153434,63
153457,65
153480,66
153503,66
153526,66
153549,66
153572,63
153595,65
153618,63
153641,54
153664,47
153687,79
153710,46
153733,46
153756,58
153779,58
153801,58
153824,58
153847,59
153870,66
153893,-1
153916,-1
153939,-1
153962,-1
153985,-1
154008,-1
154031,-1
154054,84
154077,62
154100,62
154123,62
154146,61
154169,61
154192,62
154215,62
154238,62
154261,62
154284,62
154307,62
154330,62
154353,50
154376,62
154399,62
154422,62
154445,62
154468,62
154491,62
154514,62
154537,62
154560,62
154583,-1
154606,-1
154629,62
154652,62
154675,62
154698,62
154721,62
154744,63
154767,63
154790,62
154813,62
154836,62
154859,61
154882,61
154905,62
154928,62
154951,62
154974,62
154997,62
155020,61
155043,61
155066,62
155089,62
155112,62
155135,62
155158,61
155181,61
155204,61
155227,62
155250,62
155273,62
155296,62
155319,61
155342,79
155365,61
155388,63
155411,62
155434,62
155457,62
155480,63
155503,64
155526,64
155549,64
155572,64
155595,64
155618,64
155641,64
155664,64
155687,64
155710,52
155733,64
155756,64
155779,64
155802,64
155825,64
155848,64
155871,52
155894,64
155917,45
155940,64
155963,64
155986,64
156009,64
156032,64
156055,-1
156078,-1
156101,-1
156124,-1
156147,-1
156170,-1
156193,-1
156216,-1
156239,-1
156262,-1
156285,-1
156308,-1
156331,-1
156354,-1
156377,-1
156400,-1
156423,-1
156446,55
156469,79
156492,55
156515,71
156538,72
156561,77
156584,51
156607,77
156630,79
156653,83
156676,83
156699,83
156722,79
156745,82
156768,80
156791,84
156814,-1
156837,-1
156860,-1
156883,-1
156906,-1
156929,-1
156952,-1
156975,-1
156998,-1
157021,-1
157044,-1
157067,-1
157090,-1
157113,-1
157136,74
157159,66
157181,67
157204,67
157227,67
157250,67
157273,68
157296,68
157319,69
157342,69
157365,69
157388,69
157411,69
157434,69
157457,69
157480,69
157503,69
157526,69
157549,69
157572,69
157595,69
157618,69
157641,69
157664,69
157687,69
157710,69
157733,69
157756,69
157779,69
157802,69
157825,69
157848,69
157871,69
157894,69
157917,69
157940,69
157963,69
157986,69
158009,69
158032,69
158055,69
158078,69
158101,69
158124,69
158147,69
158170,69
158193,69
158216,69
158239,69
158262,69
158285,69
158308,69
158331,69
158354,69
158377,69
158400,69
158423,69
158446,69
158469,69
158492,69
158515,69
158538,69
158561,69
158584,69
158607,69
158630,69
158653,69
158676,69
158699,69
158722,69
158745,69
158768,69
158791,69
158814,69
158837,69
158860,69
158883,69
158906,69
158929,69
158952,69
158975,69
158998,69
159021,70
159044,69
159067,69
159090,61
159113,66
159136,68
159159,68
159182,71
159205,60
159228,65
159251,66
159274,66
159297,66
159320,66
159343,66
159366,65
159389,63
159412,66
159435,66
159458,66
159481,66
159504,66
159527,66
159550,66
159573,66
159596,66
159619,66
159642,66
159665,66
159688,66
159711,66
159734,66
159757,66
159780,65
159803,59
159826,66
159849,66
159872,78
159895,66
159918,65
159941,67
159964,67
159987,67
160010,68
160033,69
160056,69
160079,69
160102,69
160125,69
160148,69
160171,69
160194,69
160217,69
160240,69
160263,69
160286,69
160309,69
160332,69
160355,69
160378,69
160401,69
160424,69
160447,69
160470,69
160493,69
160516,69
160539,69
160561,69
160584,69
160607,69
160630,67
160653,67
160676,67
160699,67
160722,67
160745,67
160768,67
160791,67
160814,67
160837,67
160860,67
160883,67
160906,67
160929,67
160952,67
160975,67
160998,67
161021,67
161044,66
161067,67
161090,67
161113,67
161136,67
161159,67
161182,66
161205,66
161228,66
161251,66
161274,65
161297,66
161320,66
161343,66
161366,66
161389,66
161412,66
161435,66
161458,66
161481,66
161504,66
161527,66
161550,66
161573,66
161596,66
161619,66
161642,67
161665,67
161688,66
161711,66
161734,66
161757,66
161780,66
161803,66
161826,66
161849,66
161872,66
161895,66
161918,66
161941,66
161964,66
161987,64
162010,64
162033,64
162056,64
162079,64
162102,64
162125,64
162148,64
162171,65
162194,65
162217,64
162240,64
162263,64
162286,64
162309,64
162332,63
162355,62
162378,62
162401,62
162424,62
162447,62
162470,62
162493,62
162516,62
162539,62
162562,62
162585,62
162608,62
162631,62
162654,62
162677,63
162700,62
162723,61
162746,61
162769,62
162792,62
162815,62
162838,62
162861,62
162884,62
162907,47
162930,47
162953,47
162976,54
162999,54
163022,66
163045,66
163068,65
163091,64
163114,64
163137,65
163160,66
163183,66
163206,66
163229,66
163252,66
163275,66
163298,66
163321,66
163344,66
163367,66
163390,66
163413,66
163436,66
163459,66
163482,68
163505,67
163528,66
163551,66
163574,66
163597,66
163620,66
163643,66
163666,66
163689,54
163712,66
163735,-1
163758,65
163781,65
163804,65
163827,65
163850,65
163873,54
163896,66
163919,66
163941,64
163964,54
163987,54
164010,54
164033,59
164056,58
164079,58
164102,58
164125,75
164148,53
164171,75
164194,84
164217,82
164240,75
164263,62
164286,74
164309,60
164332,44
164355,77
164378,84
164401,65
164424,64
164447,64
164470,64
164493,65
164516,66
164539,66
164562,66
164585,66
164608,64
164631,65
164654,63
164677,79
164700,82
164723,79
164746,74
164769,60
164792,59
164815,59
164838,58
164861,58
164884,59
164907,-1
164930,-1
164953,-1
164976,-1
164999,-1
165022,-1
165045,-1
165068,-1
165091,62
165114,62
165137,62
165160,61
165183,61
165206,61
165229,62
165252,62
165275,62
165298,62
165321,61
165344,62
165367,62
165390,62
165413,62
165436,62
165459,62
165482,61
165505,62
165528,62
165551,62
165574,62
165597,62
165620,62
165643,62
165666,62
165689,62
165712,-1
165735,-1
165758,-1
165781,63
165804,63
165827,62
165850,62
165873,62
165896,61
165919,61
165942,62
165965,62
165988,62
166011,62
166034,62
166057,61
166080,61
166103,62
166126,62
166149,62
166172,62
166195,61
166218,61
166241,61
166264,62
166287,62
166310,62
166333,61
166356,75
166379,82
166402,82
166425,61
166448,62
166471,62
166494,-1
166517,62
166540,62
166563,61
166586,61
166609,-1
166632,61
166655,-1
166678,-1
166701,62
166724,62
166747,61
166770,61
166793,61
166816,-1
166839,-1
166862,-1
166885,-1
166908,-1
166931,-1
166954,-1
166977,-1
167000,-1
167023,66
167046,66
167069,66
167092,66
167115,66
167138,66
167161,66
167184,65
167207,65
167230,65
167253,52
167276,63
167299,66
167321,65
167344,65
167367,66
167390,66
167413,66
167436,66
167459,66
167482,66
167505,-1
167528,-1
167551,64
167574,64
167597,64
167620,-1
167643,66
167666,66
167689,65
167712,65
167735,65
167758,65
167781,66
167804,66
167827,67
167850,68
167873,69
167896,69
167919,69
167942,70
167965,71
167988,71
168011,70
168034,69
168057,67
168080,66
168103,66
168126,66
168149,66
168172,67
168195,67
168218,67
168241,67
168264,67
168287,67
168310,68
168333,68
168356,69
168379,69
168402,69
168425,69
168448,69
168471,69
168494,69
168517,69
168540,69
168563,69
168586,69
168609,69
168632,69
168655,69
168678,69
168701,69
168724,69
168747,69
168770,69
168793,69
168816,69
168839,69
168862,69
168885,69
168908,69
168931,69
168954,69
168977,69
169000,69
169023,69
169046,69
169069,69
169092,69
169115,69
169138,69
169161,69
169184,69
169207,69
169230,69
169253,69
169276,69
169299,69
169322,69
169345,69
169368,69
169391,69
169414,69
169437,69
169460,69
169483,69
169506,69
169529,69
169552,69
169575,69
169598,69
169621,69
169644,69
169667,69
169690,69
169713,69
169736,69
169759,69
169782,69
169805,69
169828,69
169851,69
169874,69
169897,69
169920,69
169943,69
169966,69
169989,69
170012,69
170035,69
170058,69
170081,64
170104,64
170127,64
170150,52
170173,64
170196,64
170219,63
170242,64
170265,66
170288,66
170311,66
170334,66
170357,66
170380,66
170403,66
170426,66
170449,66
170472,66
170495,66
170518,66
170541,66
170564,66
170587,66
170610,66
170633,66
170656,66
170679,66
170701,66
170724,66
170747,66
170770,66
170793,66
170816,60
170839,60
170862,79
170885,66
170908,78
170931,66
170954,66
170977,67
171000,67
171023,67
171046,68
171069,69
171092,69
171115,69
171138,69
171161,69
171184,69
171207,69
171230,69
171253,69
171276,69
171299,69
171322,69
171345,69
171368,69
171391,69
171414,69
171437,69
171460,69
171483,69
171506,69
171529,69
171552,69
171575,69
171598,69
171621,57
171644,57
171667,67
171690,67
171713,67
171736,67
171759,67
171782,67
171805,67
171828,67
171851,67
171874,67
171897,67
171920,67
171943,67
171966,67
171989,67
172012,67
172035,67
172058,67
172081,67
172104,67
172127,67
172150,67
172173,67
172196,66
172219,67
172242,67
172265,67
172288,67
172311,67
172334,66
172357,66
172380,66
172403,66
172426,66
172449,66
172472,66
172495,66
172518,66
172541,66
172564,66
172587,66
172610,66
172633,66
172656,66
172679,66
172702,66
172725,66
172748,66
172771,66
172794,66
172817,66
172840,66
172863,66
172886,66
172909,66
172932,66
172955,-1
172978,-1
173001,-1
173024,64
173047,64
173070,64
173093,64
173116,64
173139,64
173162,64
173185,64
173208,65
173231,65
173254,65
173277,64
173300,64
173323,64
173346,64
173369,62
173392,62
173415,62
173438,62
173461,62
173484,62
173507,62
173530,62
173553,62
173576,62
173599,62
173622,61
173645,61
173668,62
173691,62
173714,62
173737,62
173760,62
173783,62
173806,62
173829,62
173852,62
173875,62
173898,62
173921,62
173944,62
173967,62
173990,61
174013,62
174036,62
174059,62
174081,55
174104,57
174127,58
174150,57
174173,57
174196,57
174219,58
174242,59
174265,59
174288,59
174311,59
174334,59
174357,59
174380,59
174403,59
174426,60
174449,59
174472,58
174495,56
174518,55
174541,54
174564,-1
174587,-1
174610,-1
174633,-1
174656,-1
174679,-1
174702,-1
174725,-1
174748,-1
174771,-1
174794,-1
174817,-1
174840,-1
174863,-1
174886,-1
174909,-1
174932,-1
174955,-1
174978,-1
175001,-1
175024,-1
175047,-1
175070,-1
175093,-1
175116,-1
175139,-1
175162,-1
175185,50
175208,45
175231,59
175254,52
175277,51
175300,52
175323,52
175346,52
175369,51
175392,52
175415,52
175438,52
175461,52
175484,52
175507,52
175530,53
175553,52
175576,52
175599,52
175622,52
175645,52
175668,52
175691,52
175714,47
175737,51
175760,51
175783,52
175806,84
175829,52
175852,52
175875,52
175898,51
175921,52
175944,52
175967,51
175990,52
176013,51
176036,52
176059,52
176082,52
176105,52
176128,52
176151,53
176174,52
176197,51
176220,51
176243,50
176266,50
176289,49
176312,49
176335,49
176358,49
176381,49
176404,49
176427,48
176450,48
176473,48
176496,48
176519,48
176542,84
176565,84
176588,72
176611,50
176634,81
176657,45
176680,74
176703,83
176726,83
176749,83
176772,74
176795,84
176818,68
176841,-1
176864,-1
176887,-1
176910,-1
176933,-1
176956,-1
176979,-1
177002,-1
177025,-1
177048,-1
177071,-1
177094,-1
177117,-1
177140,-1
177163,-1
177186,-1
177209,-1
177232,-1
177255,-1
177278,-1
177301,-1
177324,-1
177347,70
177370,78
177393,78
177416,-1
177439,-1
177461,-1
177484,-1
177507,-1
177530,-1
177553,-1
177576,-1
177599,-1
177622,-1
177645,-1
177668,-1
177691,-1
177714,-1
177737,-1
177760,-1
177783,-1
177806,-1
177829,-1
177852,-1
177875,-1
177898,-1
177921,75
177944,63
177967,64
177990,48
178013,-1
178036,64
178059,-1
178082,-1
178105,-1
178128,-1
178151,-1
178174,-1
178197,-1
178220,47
178243,49
178266,61
178289,61
178312,79
178335,56
178358,56
178381,42
178404,54
178427,67
178450,66
178473,67
178496,66
178519,66
178542,66
178565,66
178588,66
178611,66
178634,66
178657,66
178680,66
178703,66
178726,66
178749,66
178772,66
178795,66
178818,66
178841,66
178864,66
178887,66
178910,66
178933,66
178956,66
178979,66
179002,53
179025,67
179048,67
179071,67
179094,66
179117,66
179140,54
179163,66
179186,66
179209,66
179232,66
179255,66
179278,66
179301,66
179324,66
179347,65
179370,65
179393,66
179416,66
179439,66
179462,65
179485,65
179508,65
179531,-1
179554,-1
179577,-1
179600,77
179623,45
179646,78
179669,68
179692,69
179715,69
179738,-1
179761,-1
179784,-1
179807,-1
179830,-1
179853,-1
179876,-1
179899,-1
179922,-1
179945,68
179968,65
179991,78
180014,68
180037,63
180060,79
180083,62
180106,80
180129,80
180152,80
180175,80
180198,-1
180221,-1
180244,-1
180267,-1
180290,-1
180313,-1
180336,-1
180359,-1
180382,-1
180405,-1
180428,-1
180451,-1
180474,-1
180497,-1
180520,-1
180543,-1
180566,-1
180589,-1
180612,-1
180635,-1
180658,76
180681,76
180704,63
180727,76
180750,81
180773,64
180796,48
180819,-1
180841,-1
180864,-1
180887,-1
180910,-1
180933,-1
180956,73
180979,55
181002,55
181025,55
181048,62
181071,79
181094,55
181117,74
181140,75
181163,56
181186,55
181209,71
181232,71
181255,-1
181278,73
181301,76
181324,76
181347,75
181370,75
181393,63
181416,75
181439,57
181462,58
181485,57
181508,57
181531,-1
181554,-1
181577,-1
181600,-1
181623,-1
181646,-1
181669,-1
181692,-1
181715,-1
181738,-1
181761,55
181784,52
181807,55
181830,60
181853,65
181876,55
181899,-1
181922,-1
181945,-1
181968,-1
181991,-1
182014,-1
182037,-1
182060,-1
182083,-1
182106,-1
182129,-1
182152,-1
182175,-1
182198,-1
182221,-1
182244,65
182267,66
182290,66
182313,66
182336,67
182359,69
182382,-1
182405,82
182428,-1
182451,82
182474,-1
182497,-1
182520,-1
182543,-1
182566,-1
182589,-1
182612,-1
182635,-1
182658,-1
182681,-1
182704,-1
182727,-1
182750,-1
182773,63
182796,63
182819,80
182842,62
182865,80
182888,62
182911,-1
182934,-1
182957,-1
182980,-1
183003,-1
183026,-1
183049,-1
183072,-1
183095,-1
183118,-1
183141,-1
183164,-1
183187,-1
183210,-1
183233,-1
183256,-1
183279,-1
183302,-1
183325,-1
183348,-1
183371,75
183394,75
183417,57
183440,75
183463,57
183486,76
183509,57
183532,75
183555,57
183578,57
183601,76
183624,-1
183647,-1
183670,-1
183693,-1
183716,73
183739,74
183762,74
183785,61
183808,80
183831,79
183854,56
183877,73
183900,75
183923,56
183946,55
183969,73
183992,-1
184015,-1
184038,-1
184061,76
184084,76
184107,76
184130,76
184153,64
184176,76
184199,76
184221,75
184244,57
184267,57
184290,57
184313,58
184336,67
184359,57
184382,-1
184405,-1
184428,-1
184451,-1
184474,-1
184497,-1
184520,-1
184543,-1
184566,-1
184589,-1
184612,-1
184635,-1
184658,-1
184681,-1
184704,-1
184727,-1
184750,-1
184773,-1
184796,-1
184819,-1
184842,-1
184865,-1
184888,-1
184911,-1
184934,-1
184957,54
184980,60
185003,84
185026,-1
185049,-1
185072,-1
185095,80
185118,74
185141,62
185164,62
185187,68
185210,63
185233,63
185256,62
185279,62
185302,57
185325,57
185348,-1
185371,-1
185394,-1
185417,-1
185440,80
185463,62
185486,63
185509,62
185532,55
185555,62
185578,74
185601,74
185624,74
185647,-1
185670,-1
185693,-1
185716,-1
185739,-1
185762,-1
185785,-1
185808,-1
185831,-1
185854,-1
185877,-1
185900,-1
185923,74
185946,74
185969,-1
185992,-1
186015,-1
186038,-1
186061,-1
186084,-1
186107,-1
186130,75
186153,75
186176,75
186199,75
186222,63
186245,63
186268,57
186291,71
186314,52
186337,52
186360,74
186383,-1
186406,-1
186429,-1
186452,-1
186475,80
186498,72
186521,70
186544,70
186567,69
186590,79
186613,56
186636,56
186659,75
186682,78
186705,55
186728,-1
186751,-1
186774,-1
186797,64
186820,76
186843,64
186866,64
186889,77
186912,78
186935,78
186958,79
186981,78
187004,64
187027,58
187050,77
187073,64
187096,-1
187119,64
187142,-1
187165,-1
187188,-1
187211,76
187234,77
187257,66
187280,66
187303,65
187326,65
187349,64
187372,65
187395,70
187418,69
187441,69
187464,-1
187487,-1
187510,-1
187533,-1
187556,-1
187579,65
187601,66
187624,66
187647,66
187670,77
187693,-1
187716,-1
187739,-1
187762,-1
187785,-1
187808,-1
187831,-1
187854,-1
187877,-1
187900,-1
187923,-1
187946,-1
187969,-1
187992,-1
188015,-1
188038,-1
188061,-1
188084,-1
188107,-1
188130,-1
188153,-1
188176,-1
188199,-1
188222,-1
188245,-1
188268,-1
188291,-1
188314,-1
188337,-1
188360,-1
188383,-1
188406,-1
188429,-1
188452,-1
188475,-1
188498,-1
188521,-1
188544,-1
188567,-1
188590,-1
188613,-1
188636,-1
188659,-1
188682,-1
188705,-1
188728,-1
188751,-1
188774,-1
188797,81
188820,65
188843,78
188866,64
188889,76
188912,76
188935,76
188958,75
188981,63
189004,76
189027,64
189050,75
189073,64
189096,75
189119,-1
189142,-1
189165,-1
189188,-1
189211,-1
189234,73
189257,55
189280,55
189303,55
189326,80
189349,79
189372,56
189395,56
189418,63
189441,71
189464,63
189487,64
189510,51
189533,-1
189556,-1
189579,-1
189602,-1
189625,-1
189648,-1
189671,63
189694,63
189717,58
189740,-1
189763,-1
189786,-1
189809,-1
189832,-1
189855,-1
189878,69
189901,-1
189924,69
189947,69
189970,50
189993,50
190016,67
190039,50
190062,50
190085,66
190108,66
190131,66
190154,66
190177,-1
190200,-1
190223,-1
190246,-1
190269,-1
190292,-1
190315,-1
190338,-1
190361,-1
190384,-1
190407,-1
190430,-1
190453,-1
190476,-1
190499,-1
190522,-1
190545,-1
190568,-1
190591,-1
190614,-1
190637,-1
190660,79
190683,78
190706,78
190729,78
190752,66
190775,66
190798,66
190821,66
190844,77
190867,-1
190890,-1
190913,-1
190936,-1
190959,-1
190981,-1
191004,-1
191027,-1
191050,-1
191073,-1
191096,-1
191119,62
191142,62
191165,-1
191188,-1
191211,-1
191234,-1
191257,-1
191280,-1
191303,-1
191326,-1
191349,-1
191372,-1
191395,-1
191418,-1
191441,-1
191464,-1
191487,-1
191510,78
191533,80
191556,63
191579,81
191602,-1
191625,-1
191648,-1
191671,-1
191694,-1
191717,-1
191740,-1
191763,-1
191786,-1
191809,-1
191832,-1
191855,-1
191878,-1
191901,-1
191924,-1
191947,-1
191970,-1
191993,73
192016,79
192039,81
192062,79
192085,80
192108,79
192131,80
192154,80
192177,-1
192200,-1
192223,-1
192246,-1
192269,-1
192292,-1
192315,-1
192338,-1
192361,-1
192384,-1
192407,57
192430,57
192453,50
192476,57
192499,68
192522,68
192545,69
192568,69
192591,50
192614,57
192637,62
192660,63
192683,-1
192706,-1
192729,-1
192752,-1
192775,-1
192798,-1
192821,-1
192844,-1
192867,-1
192890,-1
192913,-1
192936,-1
192959,-1
192982,-1
193005,-1
193028,-1
193051,-1
193074,-1
193097,-1
193120,-1
193143,-1
193166,-1
193189,76
193212,76
193235,77
193258,77
193281,78
193304,77
193327,54
193350,69
193373,-1
193396,-1
193419,-1
193442,-1
193465,-1
193488,-1
193511,-1
193534,-1
193557,-1
193580,-1
193603,-1
193626,-1
193649,-1
193672,-1
193695,57
193718,57
193741,57
193764,57
193787,57
193810,57
193833,57
193856,57
193879,57
193902,57
193925,57
193948,57
193971,57
193994,57
194017,57
194040,57
194063,57
194086,57
194109,57
194132,57
194155,57
194178,57
194201,57
194224,57
194247,57
194270,57
194293,57
194316,57
194339,57
194361,57
194384,57
194407,57
194430,57
194453,57
194476,57
194499,57
194522,57
194545,57
194568,57
194591,57
194614,57
194637,57
194660,57
194683,57
194706,57
194729,57
194752,57
194775,57
194798,57
194821,57
194844,57
194867,57
194890,57
194913,57
194936,57
194959,57
194982,57
195005,57
195028,57
195051,57
195074,57
195097,57
195120,57
195143,57
195166,57
195189,58
195212,57
195235,58
195258,59
195281,59
195304,59
195327,58
195350,58
195373,59
195396,59
195419,59
195442,59
195465,59
195488,59
195511,58
195534,58
195557,59
195580,59
195603,59
195626,45
195649,45
195672,37
195695,37
195718,37
195741,37
195764,53
195787,53
195810,54
195833,57
195856,57
195879,57
195902,57
195925,57
195948,57
195971,57
195994,57
196017,57
196040,57
196063,57
196086,57
196109,57
196132,57
196155,-1
196178,-1
196201,-1
196224,-1
196247,-1
196270,-1
196293,-1
196316,-1
196339,-1
196362,-1
196385,-1
196408,-1
196431,-1
196454,-1
196477,-1
196500,-1
196523,-1
196546,-1
196569,-1
196592,-1
196615,-1
196638,-1
196661,-1
196684,-1
196707,-1
196730,-1
196753,-1
196776,-1
196799,-1
196822,-1
196845,-1
196868,-1
196891,-1
196914,-1
196937,-1
196960,78
196983,47
197006,78
197029,78
197052,82
197075,78
197098,79
197121,78
197144,-1
197167,-1
197190,-1
197213,-1
197236,-1
197259,-1
197282,-1
197305,-1
197328,-1
197351,-1
197374,-1
197397,-1
197420,-1
197443,-1
197466,-1
197489,-1
197512,74
197535,75
197558,63
197581,74
197604,62
197627,81
197650,56
197673,57
197696,80
197719,80
197741,57
197764,80
197787,80
197810,57
197833,57
197856,79
197879,79
197902,78
197925,61
197948,68
197971,77
197994,66
198017,77
198040,-1
198063,-1
198086,-1
198109,49
198132,50
198155,49
198178,-1
198201,-1
198224,84
198247,84
198270,84
198293,84
198316,84
198339,45
198362,46
198385,46
198408,58
198431,84
198454,-1
198477,-1
198500,-1
198523,-1
198546,-1
198569,-1
198592,43
198615,84
198638,84
198661,76
198684,81
198707,76
198730,66
198753,81
198776,81
198799,65
198822,76
198845,74
198868,77
198891,65
198914,70
198937,81
198960,65
198983,65
199006,68
199029,65
199052,74
199075,74
199098,66
199121,65
199144,65
199167,56
199190,67
199213,56
199236,56
199259,56
199282,56
199305,84
199328,84
199351,65
199374,56
199397,56
199420,55
199443,56
199466,56
199489,56
199512,56
199535,56
199558,56
199581,48
199604,69
199627,68
199650,56
199673,56
199696,56
199719,53
199742,44
199765,63
199788,63
199811,51
199834,51
199857,50
199880,56
199903,48
199926,60
199949,60
199972,60
199995,48
200018,64
200041,54
200064,60
200087,58
200110,44
200133,67
200156,58
200179,71
200202,58
200225,41
200248,63
200271,51
200294,63
200317,63
200340,63
200363,63
200386,63
200409,63
200432,63
200455,63
200478,63
200501,63
200524,63
200547,63
200570,51
200593,63
200616,51
200639,63
200662,63
200685,51
200708,51
200731,51
200754,51
200777,51
200800,50
200823,61
200846,60
200869,60
200892,60
200915,48
200938,47
200961,42
200984,84
201007,79
201030,79
201053,-1
201076,-1
201099,59
201121,75
201144,62
201167,63
201190,64
201213,63
201236,62
201259,63
201282,65
201305,65
201328,65
201351,65
201374,65
201397,65
201420,64
201443,69
201466,65
201489,62
201512,64
201535,66
201558,66
201581,65
201604,65
201627,66
201650,67
201673,67
201696,67
201719,67
201742,67
201765,67
201788,67
201811,66
201834,65
201857,65
201880,65
201903,65
201926,65
201949,65
201972,65
201995,65
202018,65
202041,65
202064,65
202087,65
202110,65
202133,65
202156,65
202179,69
202202,69
202225,84
202248,67
202271,84
202294,84
202317,83
202340,53
202363,-1
202386,65
202409,46
202432,46
202455,58
202478,58
202501,58
202524,58
202547,58
202570,46
202593,46
202616,58
202639,77
202662,77
202685,58
202708,60
202731,60
202754,48
202777,46
202800,83
202823,49
202846,46
202869,58
202892,58
202915,50
202938,58
202961,58
202984,55
203007,58
203030,63
203053,63
203076,63
203099,51
203122,51
203145,63
203168,63
203191,63
203214,63
203237,63
203260,51
203283,51
203306,63
203329,51
203352,51
203375,51
203398,51
203421,51
203444,51
203467,51
203490,51
203513,51
203536,51
203559,62
203582,49
203605,60
203628,60
203651,60
203674,48
203697,84
203720,45
203743,47
203766,-1
203789,-1
203812,55
203835,53
203858,65
203881,71
203904,70
203927,65
203950,65
203973,65
203996,65
204019,66
204042,67
204065,67
204088,67
204111,64
204134,63
204157,63
204180,43
204203,53
204226,53
204249,64
204272,67
204295,67
204318,66
204341,67
204364,67
204387,68
204410,68
204433,68
204456,68
204479,68
204501,68
204524,68
204547,68
204570,68
204593,67
204616,67
204639,67
204662,67
204685,67
204708,67
204731,67
204754,67
204777,67
204800,67
204823,67
204846,67
204869,67
204892,67
204915,67
204938,67
204961,67
204984,71
205007,70
205030,56
205053,78
205076,84
205099,55
205122,67
205145,67
205168,55
205191,84
205214,84
205237,60
205260,-1
205283,60
205306,-1
205329,-1
205352,-1
205375,-1
205398,84
205421,84
205444,47
205467,48
205490,48
205513,48
205536,46
205559,83
205582,73
205605,84
205628,44
205651,82
205674,45
205697,54
205720,57
205743,84
205766,59
205789,62
205812,63
205835,63
205858,63
205881,63
205904,51
205927,63
205950,63
205973,63
205996,75
206019,63
206042,63
206065,63
206088,51
206111,51
206134,51
206157,63
206180,51
206203,51
206226,51
206249,51
206272,51
206295,51
206318,62
206341,60
206364,60
206387,60
206410,60
206433,48
206456,73
206479,48
206502,-1
206525,61
206548,-1
206571,60
206594,78
206617,55
206640,65
206663,65
206686,67
206709,67
206732,67
206755,66
206778,68
206801,69
206824,70
206847,70
206870,70
206893,70
206916,71
206939,64
206962,63
206985,43
207008,48
207031,67
207054,70
207077,71
207100,70
207123,70
207146,71
207169,72
207192,72
207215,72
207238,72
207261,72
207284,72
207307,72
207330,72
207353,73
207376,72
207399,72
207422,72
207445,72
207468,72
207491,71
207514,70
207537,70
207560,70
207583,70
207606,70
207629,76
207652,76
207675,77
207698,70
207721,71
207744,71
207767,70
207790,70
207813,70
207836,70
207859,70
207881,69
207904,68
207927,67
207950,67
207973,67
207996,67
208019,67
208042,67
208065,67
208088,67
208111,67
208134,67
208157,67
208180,67
208203,67
208226,67
208249,48
208272,48
208295,84
208318,69
208341,68
208364,84
208387,55
208410,46
208433,59
208456,79
208479,78
208502,78
208525,51
208548,51
208571,63
208594,63
208617,63
208640,63
208663,63
208686,63
208709,51
208732,63
208755,63
208778,63
208801,51
208824,51
208847,63
208870,67
208893,68
208916,68
208939,68
208962,68
208985,69
209008,82
209031,82
209054,63
209077,63
209100,63
209123,63
209146,70
209169,70
209192,70
209215,70
209238,70
209261,70
209284,70
209307,70
209330,70
209353,82
209376,70
209399,82
209422,81
209445,68
209468,80
209491,80
209514,80
209537,80
209560,79
209583,79
209606,79
209629,79
209652,79
209675,79
209698,79
209721,79
209744,79
209767,67
209790,67
209813,68
209836,68
209859,68
209882,68
209905,67
209928,68
209951,80
209974,80
209997,80
210020,68
210043,68
210066,80
210089,80
210112,70
210135,68
210158,61
210181,65
210204,50
210227,61
210250,64
210273,81
210296,66
210319,66
210342,67
210365,67
210388,68
210411,68
210434,68
210457,68
210480,68
210503,68
210526,68
210549,68
210572,65
210595,66
210618,68
210641,68
210664,68
210687,80
210710,68
210733,68
210756,68
210779,68
210802,67
210825,62
210848,61
210871,68
210894,68
210917,68
210940,67
210963,65
210986,66
211009,67
211032,67
211055,67
211078,67
211101,67
211124,67
211147,67
211170,67
211193,67
211216,67
211239,67
211261,67
211284,67
211307,67
211330,67
211353,67
211376,67
211399,67
211422,67
211445,68
211468,68
211491,68
211514,68
211537,68
211560,68
211583,80
211606,80
211629,80
211652,79
211675,68
211698,67
211721,67
211744,68
211767,70
211790,68
211813,67
211836,68
211859,68
211882,68
211905,68
211928,67
211951,81
211974,56
211997,65
212020,65
212043,65
212066,65
212089,65
212112,66
212135,67
212158,67
212181,66
212204,65
212227,65
212250,65
212273,65
212296,65
212319,65
212342,66
212365,65
212388,77
212411,65
212434,66
212457,79
212480,67
212503,79
212526,67
212549,67
212572,67
212595,67
212618,66
212641,59
212664,63
212687,51
212710,59
212733,60
212756,79
212779,80
212802,80
212825,80
212848,80
212871,66
212894,78
212917,66
212940,57
212963,59
212986,61
213009,65
213032,69
213055,69
213078,70
213101,69
213124,69
213147,70
213170,70
213193,59
213216,58
213239,58
213262,58
213285,58
213308,58
213331,58
213354,52
213377,70
213400,70
213423,70
213446,70
213469,70
213492,71
213515,70
213538,70
213561,70
213584,70
213607,70
213630,70
213653,70
213676,70
213699,71
213722,51
213745,59
213768,59
213791,71
213814,72
213837,72
213860,72
213883,72
213906,72
213929,60
213952,60
213975,72
213998,72
214021,51
214044,51
214067,63
214090,63
214113,51
214136,76
214159,63
214182,63
214205,63
214228,72
214251,60
214274,60
214297,60
214320,60
214343,63
214366,66
214389,69
214412,71
214435,71
214458,83
214481,71
214504,72
214527,72
214550,72
214573,72
214596,72
214619,72
214641,72
214664,72
214687,72
214710,72
214733,68
214756,68
214779,74
214802,68
214825,76
214848,72
214871,84
214894,60
214917,72
214940,74
214963,73
214986,72
215009,72
215032,72
215055,72
215078,72
215101,72
215124,72
215147,72
215170,72
215193,72
215216,72
215239,72
215262,60
215285,58
215308,72
215331,72
215354,72
215377,72
215400,72
215423,71
215446,69
215469,73
215492,74
215515,73
215538,72
215561,72
215584,72
215607,72
215630,72
215653,72
215676,72
215699,72
215722,72
215745,72
215768,72
215791,70
215814,63
215837,69
215860,64
215883,72
215906,72
215929,72
215952,72
215975,68
215998,70
216021,70
216044,70
216067,70
216090,70
216113,70
216136,70
216159,70
216182,69
216205,66
216228,66
216251,66
216274,66
216297,67
216320,67
216343,67
216366,67
216389,67
216412,67
216435,67
216458,68
216481,69
216504,70
216527,70
216550,70
216573,70
216596,70
216619,70
216642,71
216665,71
216688,70
216711,70
216734,70
216757,70
216780,70
216803,70
216826,70
216849,70
216872,70
216895,70
216918,70
216941,70
216964,70
216987,70
217010,70
217033,70
217056,70
217079,70
217102,70
217125,70
217148,70
217171,71
217194,69
217217,70
217240,70
217263,70
217286,71
217309,72
217332,72
217355,72
217378,72
217401,72
217424,72
217447,72
217470,72
217493,72
217516,72
217539,72
217562,75
217585,72
217608,72
217631,72
217654,72
217677,72
217700,72
217723,-1
217746,-1
217769,-1
217792,-1
217815,-1
217838,-1
217861,-1
217884,-1
217907,-1
217930,-1
217953,-1
217976,-1
217999,-1
218021,-1
218044,-1
218067,-1
218090,-1
218113,-1
218136,-1
218159,-1
218182,-1
218205,-1
218228,-1
218251,-1
218274,-1
218297,-1
218320,-1
218343,-1
218366,-1
218389,-1
218412,-1
218435,-1
218458,-1
218481,-1
218504,-1
218527,71
218550,71
218573,71
218596,71
218619,70
218642,71
218665,71
218688,72
218711,72
218734,72
218757,72
218780,72
218803,72
218826,72
218849,72
218872,71
218895,70
218918,69
218941,68
218964,68
218987,68
219010,68
219033,67
219056,67
219079,67
219102,67
219125,67
219148,67
219171,53
219194,60
219217,58
219240,46
219263,67
219286,67
219309,67
219332,67
219355,67
219378,65
219401,50
219424,84
219447,60
219470,60
219493,44
219516,65
219539,72
219562,66
219585,71
219608,47
219631,71
219654,71
219677,72
219700,67
219723,72
219746,72
219769,72
219792,72
219815,53
219838,53
219861,72
219884,72
219907,60
219930,45
219953,60
219976,60
219999,50
220022,47
220045,69
220068,70
220091,70
220114,70
220137,71
220160,70
220183,69
220206,68
220229,68
220252,68
220275,63
220298,81
220321,80
220344,68
220367,61
220390,80
220413,68
220436,68
220459,68
220482,68
220505,61
220528,62
220551,61
220574,52
220597,68
220620,52
220643,62
220666,68
220689,68
220712,68
220735,69
220758,71
220781,71
220804,70
220827,71
220850,71
220873,61
220896,52
220919,68
220942,70
220965,64
220988,63
221011,79
221034,78
221057,65
221080,66
221103,78
221126,79
221149,78
221172,55
221195,79
221218,79
221241,79
221264,79
221287,79
221310,66
221333,53
221356,65
221379,66
221401,67
221424,67
221447,79
221470,79
221493,79
221516,67
221539,67
221562,67
221585,67
221608,65
221631,66
221654,79
221677,78
221700,79
221723,78
221746,78
221769,66
221792,79
221815,79
221838,79
221861,79
221884,79
221907,79
221930,79
221953,79
221976,78
221999,65
222022,65
222045,65
222068,65
222091,66
222114,67
222137,67
222160,67
222183,67
222206,67
222229,79
222252,79
222275,78
222298,66
222321,65
222344,-1
222367,-1
222390,78
222413,-1
222436,78
222459,78
222482,77
222505,-1
222528,-1
222551,-1
222574,-1
222597,55
222620,63
222643,67
222666,70
222689,70
222712,70
222735,70
222758,71
222781,72
222804,72
222827,72
222850,72
222873,72
222896,72
222919,72
222942,72
222965,72
222988,72
223011,71
223034,69
223057,68
223080,67
223103,67
223126,67
223149,67
223172,67
223195,67
223218,67
223241,67
223264,68
223287,61
223310,58
223333,58
223356,62
223379,66
223402,67
223425,68
223448,68
223471,69
223494,70
223517,70
223540,70
223563,70
223586,70
223609,70
223632,70
223655,71
223678,71
223701,70
223724,70
223747,70
223770,70
223793,70
223816,70
223839,71
223862,70
223885,70
223908,70
223931,70
223954,70
223977,70
224000,70
224023,70
224046,70
224069,70
224092,70
224115,70
224138,70
224161,71
224184,72
224207,72
224230,72
224253,72
224276,72
224299,72
224322,72
224345,72
224368,72
224391,72
224414,72
224437,-1
224460,72
224483,72
224506,84
224529,83
224552,-1
224575,-1
224598,-1
224621,-1
224644,-1
224667,-1
224690,-1
224713,-1
224736,-1
224759,-1
224781,-1
224804,-1
224827,-1
224850,-1
224873,-1
224896,-1
224919,-1
224942,-1
224965,-1
224988,-1
225011,-1
225034,-1
225057,-1
225080,-1
225103,-1
225126,-1
225149,-1
225172,-1
225195,84
225218,69
225241,60
225264,-1
225287,-1
225310,-1
225333,-1
225356,61
225379,51
225402,84
225425,64
225448,67
225471,67
225494,67
225517,67
225540,67
225563,67
225586,65
225609,67
225632,67
225655,67
225678,67
225701,67
225724,67
225747,67
225770,67
225793,67
225816,79
225839,67
225862,67
225885,67
225908,67
225931,67
225954,67
225977,67
226000,79
226023,67
226046,55
226069,67
226092,67
226115,67
226138,68
226161,68
226184,68
226207,69
226230,70
226253,70
226276,70
226299,70
226322,70
226345,70
226368,70
226391,70
226414,70
226437,70
226460,70
226483,70
226506,70
226529,70
226552,70
226575,70
226598,70
226621,70
226644,70
226667,70
226690,70
226713,63
226736,70
226759,70
226782,70
226805,69
226828,68
226851,68
226874,68
226897,68
226920,68
226943,68
226966,68
226989,68
227012,68
227035,68
227058,68
227081,68
227104,68
227127,68
227150,68
227173,68
227196,68
227219,68
227242,68
227265,68
227288,68
227311,68
227334,68
227357,68
227380,68
227403,68
227426,84
227449,77
227472,65
227495,68
227518,67
227541,67
227564,55
227587,55
227610,55
227633,55
227656,55
227679,55
227702,55
227725,67
227748,55
227771,55
227794,67
227817,55
227840,67
227863,67
227886,67
227909,67
227932,67
227955,67
227978,67
228001,67
228024,67
228047,68
228070,68
228093,55
228116,67
228139,67
228161,67
228184,65
228207,65
228230,65
228253,64
228276,64
228299,64
228322,64
228345,64
228368,61
228391,66
228414,65
228437,65
228460,65
228483,65
228506,65
228529,64
228552,63
228575,63
228598,63
228621,62
228644,62
228667,62
228690,63
228713,63
228736,63
228759,63
228782,63
228805,63
228828,62
228851,63
228874,63
228897,63
228920,63
228943,63
228966,62
228989,62
229012,63
229035,63
229058,63
229081,63
229104,63
229127,62
229150,58
229173,58
229196,80
229219,58
229242,63
229265,77
229288,65
229311,65
229334,66
229357,67
229380,67
229403,67
229426,67
229449,67
229472,67
229495,67
229518,67
229541,67
229564,67
229587,67
229610,67
229633,69
229656,67
229679,79
229702,79
229725,79
229748,79
229771,67
229794,-1
229817,-1
229840,-1
229863,-1
229886,-1
229909,-1
229932,79
229955,-1
229978,78
230001,65
230024,66
230047,-1
230070,80
230093,67
230116,67
230139,67
230162,67
230185,60
230208,61
230231,61
230254,67
230277,67
230300,67
230323,67
230346,63
230369,66
230392,78
230415,60
230438,81
230461,55
230484,84
230507,69
230530,49
230553,49
230576,68
230599,66
230622,59
230645,71
230668,83
230691,70
230714,71
230737,72
230760,53
230783,53
230806,53
230829,53
230852,53
230875,53
230898,72
230921,63
230944,65
230967,79
230990,60
231013,60
231036,63
231059,55
231082,67
231105,70
231128,70
231151,70
231174,70
231197,70
231220,69
231243,68
231266,68
231289,67
231312,56
231335,44
231358,68
231381,68
231404,68
231427,68
231450,68
231473,68
231496,68
231519,68
231541,61
231564,61
231587,61
231610,61
231633,68
231656,67
231679,67
231702,68
231725,68
231748,68
231771,49
231794,70
231817,70
231840,70
231863,70
231886,70
231909,68
231932,62
231955,44
231978,65
232001,63
232024,63
232047,50
232070,78
232093,65
232116,65
232139,78
232162,78
232185,79
232208,79
232231,79
232254,79
232277,79
232300,79
232323,79
232346,78
232369,65
232392,65
232415,65
232438,66
232461,67
232484,79
232507,67
232530,67
232553,67
232576,67
232599,67
232622,67
232645,66
232668,68
232691,50
232714,78
232737,79
232760,78
232783,79
232806,78
232829,79
232852,79
232875,79
232898,79
232921,79
232944,67
232967,79
232990,79
233013,79
233036,65
233059,65
233082,77
233105,66
233128,78
233151,67
233174,67
233197,79
233220,79
233243,79
233266,79
233289,79
233312,79
233335,79
233358,-1
233381,-1
233404,-1
233427,-1
233450,-1
233473,-1
233496,-1
233519,-1
233542,-1
233565,-1
233588,-1
233611,-1
233634,-1
233657,-1
233680,-1
233703,-1
233726,-1
233749,-1
233772,-1
233795,-1
233818,-1
233841,-1
233864,-1
233887,-1
233910,-1
233933,-1
233956,-1
233979,-1
234002,-1
234025,-1
234048,73
234071,62
234094,62
234117,62
234140,63
234163,62
234186,63
234209,63
234232,63
234255,63
234278,63
234301,62
234324,64
234347,65
234370,65
234393,65
234416,65
234439,65
234462,65
234485,65
234508,64
234531,65
234554,67
234577,79
234600,79
234623,67
234646,79
234669,79
234692,79
234715,79
234738,79
234761,80
234784,83
234807,68
234830,68
234853,68
234876,68
234899,68
234921,69
234944,70
234967,82
234990,70
235013,70
235036,70
235059,70
235082,70
235105,70
235128,71
235151,72
235174,72
235197,72
235220,72
235243,72
235266,72
235289,72
235312,71
235335,70
235358,70
235381,70
235404,70
235427,70
235450,70
235473,70
235496,70
235519,70
235542,70
235565,70
235588,70
235611,70
235634,70
235657,70
235680,70
235703,70
235726,70
235749,70
235772,70
235795,70
235818,70
235841,70
235864,70
235887,70
235910,70
235933,70
235956,70
235979,71
236002,70
236025,70
236048,70
236071,71
236094,59
236117,72
236140,70
236163,70
236186,70
236209,70
236232,70
236255,70
236278,53
236301,53
236324,53
236347,53
236370,53
236393,63
236416,52
236439,84
236462,64
236485,67
236508,67
236531,67
236554,67
236577,67
236600,67
236623,66
236646,66
236669,67
236692,67
236715,67
236738,67
236761,67
236784,67
236807,67
236830,67
236853,79
236876,67
236899,67
236922,67
236945,67
236968,67
236991,67
237014,79
237037,79
237060,67
237083,67
237106,67
237129,67
237152,68
237175,68
237198,68
237221,68
237244,69
237267,70
237290,70
237313,70
237336,70
237359,70
237382,70
237405,70
237428,70
237451,70
237474,70
237497,70
237520,70
237543,70
237566,70
237589,70
237612,70
237635,70
237658,70
237681,70
237704,70
237727,70
237750,70
237773,70
237796,70
237819,68
237842,68
237865,68
237888,68
237911,68
237934,68
237957,68
237980,68
238003,68
238026,68
238049,68
238072,68
238095,68
238118,68
238141,68
238164,68
238187,68
238210,68
238233,68
238256,68
238279,68
238301,68
238324,68
238347,68
238370,68
238393,68
238416,68
238439,65
238462,68
238485,68
238508,68
238531,67
238554,67
238577,67
238600,67
238623,67
238646,67
238669,67
238692,67
238715,66
238738,67
238761,67
238784,67
238807,67
238830,67
238853,67
238876,67
238899,67
238922,67
238945,67
238968,67
238991,67
239014,55
239037,67
239060,67
239083,67
239106,67
239129,67
239152,67
239175,-1
239198,57
239221,64
239244,65
239267,65
239290,65
239313,65
239336,64
239359,65
239382,65
239405,65
239428,66
239451,66
239474,66
239497,65
239520,65
239543,65
239566,65
239589,64
239612,63
239635,63
239658,62
239681,63
239704,63
239727,63
239750,63
239773,63
239796,63
239819,63
239842,62
239865,62
239888,62
239911,63
239934,63
239957,63
239980,63
240003,62
240026,63
240049,63
240072,63
240095,63
240118,63
240141,62
240164,59
240187,56
240210,54
240233,82
240256,55
240279,48
240302,59
240325,59
240348,58
240371,59
240394,59
240417,60
240440,60
240463,60
240486,60
240509,60
240532,60
240555,60
240578,60
240601,60
240624,60
240647,61
240670,59
240693,57
240716,55
240739,54
240762,55
240785,-1
240808,-1
240831,-1
240854,-1
240877,-1
240900,-1
240923,-1
240946,-1
240969,-1
240992,-1
241015,-1
241038,-1
241061,-1
241084,-1
241107,-1
241130,-1
241153,-1
241176,-1
241199,-1
241222,-1
241245,-1
241268,-1
241291,70
241314,58
241337,58
241360,84
241383,71
241406,50
241429,52
241452,54
241475,54
241498,54
241521,54
241544,57
241567,84
241590,82
241613,80
241636,66
241659,66
241681,65
241704,65
241727,65
241750,66
241773,67
241796,67
241819,67
241842,68
241865,66
241888,37
241911,74
241934,68
241957,63
241980,82
242003,82
242026,60
242049,60
242072,46
242095,66
242118,50
242141,82
242164,-1
242187,49
242210,84
242233,-1
242256,-1
242279,-1
242302,-1
242325,63
242348,63
242371,63
242394,62
242417,62
242440,63
242463,63
242486,63
242509,63
242532,63
242555,63
242578,63
242601,63
242624,63
242647,63
242670,63
242693,63
242716,63
242739,62
242762,62
242785,63
242808,64
242831,64
242854,64
242877,64
242900,65
242923,64
242946,64
242969,63
242992,64
243015,63
243038,63
243061,63
243084,63
243107,63
243130,63
243153,63
243176,62
243199,61
243222,61
243245,61
243268,61
243291,61
243314,61
243337,61
243360,61
243383,61
243406,61
243429,61
243452,61
243475,61
243498,61
243521,60
243544,62
243567,61
243590,61
243613,61
243636,61
243659,49
243682,49
243705,49
243728,50
243751,49
243774,49
243797,58
243820,59
243843,58
243866,58
243889,58
243912,58
243935,59
243958,66
243981,66
244004,66
244027,58
244050,58
244073,54
244096,66
244119,46
244142,58
244165,59
244188,54
244211,54
244234,66
244257,66
244280,66
244303,66
244326,66
244349,50
244372,50
244395,62
244418,58
244441,58
244464,58
244487,-1
244510,58
244533,81
244556,54
244579,-1
244602,-1
244625,81
244648,-1
244671,-1
244694,-1
244717,-1
244740,-1
244763,-1
244786,-1
244809,-1
244832,-1
244855,-1
244878,-1
244901,-1
244924,62
244947,80
244970,83
244993,84
245016,54
245039,63
245061,79
245084,79
245107,76
245130,62
245153,52
245176,76
245199,84
245222,76
245245,84
245268,50
245291,74
245314,59
245337,84
245360,60
245383,84
245406,84
245429,84
245452,78
245475,84
245498,73
245521,-1
245544,-1
245567,-1
245590,-1
245613,55
245636,50
245659,54
245682,81
245705,70
245728,70
245751,71
245774,58
245797,65
245820,76
245843,75
245866,63
245889,75
245912,76
245935,77
245958,77
245981,77
246004,77
246027,77
246050,77
246073,65
246096,77
246119,77
246142,77
246165,77
246188,77
246211,77
246234,77
246257,77
246280,77
246303,65
246326,65
246349,77
246372,77
246395,77
246418,65
246441,65
246464,66
246487,67
246510,67
246533,77
246556,77
246579,77
246602,77
246625,76
246648,75
246671,63
246694,63
246717,74
246740,63
246763,63
246786,75
246809,74
246832,74
246855,62
246878,49
246901,49
246924,49
246947,49
246970,49
246993,49
247016,53
247039,65
247062,65
247085,65
247108,49
247131,49
247154,49
247177,65
247200,65
247223,65
247246,53
247269,76
247292,65
247315,65
247338,65
247361,53
247384,77
247407,53
247430,49
247453,49
247476,65
247499,77
247522,53
247545,53
247568,49
247591,77
247614,53
247637,65
247660,53
247683,65
247706,65
247729,65
247752,65
247775,49
247798,66
247821,65
247844,65
247867,75
247890,49
247913,49
247936,53
247959,65
247982,65
248005,53
248028,54
248051,53
248074,54
248097,65
248120,53
248143,-1
248166,65
248189,65
248212,-1
248235,-1
248258,-1
248281,-1
248304,-1
248327,-1
248350,-1
248373,-1
248396,-1
248419,-1
248441,-1
248464,48
248487,71
248510,76
248533,65
248556,62
248579,49
248602,73
248625,72
248648,73
248671,61
248694,79
248717,78
248740,67
248763,67
248786,79
248809,80
248832,80
248855,56
248878,56
248901,80
248924,56
248947,56
248970,80
248993,80
249016,80
249039,80
249062,80
249085,80
249108,80
249131,56
249154,80
249177,80
249200,80
249223,80
249246,80
249269,80
249292,80
249315,80
249338,80
249361,80
249384,80
249407,79
249430,80
249453,80
249476,80
249499,68
249522,68
249545,80
249568,80
249591,81
249614,80
249637,80
249660,80
249683,80
249706,80
249729,80
249752,80
249775,80
249798,80
249821,80
249844,80
249867,80
249890,80
249913,80
249936,80
249959,80
249982,80
250005,80
250028,80
250051,80
250074,80
250097,80
250120,80
250143,68
250166,68
250189,80
250212,80
250235,80
250258,68
250281,80
250304,68
250327,68
250350,68
250373,68
250396,68
250419,68
250442,68
250465,68
250488,68
250511,80
250534,80
250557,68
250580,56
250603,80
250626,56
250649,56
250672,80
250695,68
250718,68
250741,68
250764,80
250787,68
250810,80
250833,80
250856,80
250879,80
250902,80
250925,80
250948,80
250971,80
250994,68
251017,56
251040,68
251063,56
251086,56
251109,68
251132,68
251155,56
251178,56
251201,68
251224,56
251247,56
251270,56
251293,56
251316,68
251339,68
251362,68
251385,68
251408,68
251431,44
251454,56
251477,68
251500,68
251523,68
251546,68
251569,68
251592,68
251615,68
251638,56
251661,68
251684,80
251707,56
251730,56
251753,68
251776,68
251799,44
251821,79
251844,44
251867,56
251890,68
251913,56
251936,56
251959,79
251982,79
252005,68
252028,56
252051,68
252074,56
252097,68
252120,80
252143,80
252166,80
252189,80
252212,56
252235,79
252258,56
252281,79
252304,80
252327,56
252350,68
252373,68
252396,68
252419,80
252442,80
252465,68
252488,56
252511,56
252534,56
252557,68
252580,68
252603,68
252626,56
252649,56
252672,56
252695,56
252718,56
252741,68
252764,68
252787,68
252810,56
252833,68
252856,56
252879,56
252902,56
252925,56
252948,56
252971,68
252994,68
253017,68
253040,68
253063,68
253086,56
253109,56
253132,68
253155,67
253178,67
253201,56
253224,70
253247,67
253270,-1
253293,-1
253316,-1
253339,-1
253362,-1
253385,-1
253408,-1
253431,-1
253454,-1
253477,-1
253500,-1
253523,-1
253546,-1
253569,-1
253592,-1
253615,-1
253638,-1
253661,-1
253684,-1
253707,-1
253730,-1
253753,-1
253776,-1
253799,-1
253822,-1
253845,-1
253868,-1
253891,-1
253914,-1
253937,-1
253960,-1
253983,-1
254006,-1
254029,-1
254052,-1
254075,-1
254098,-1
254121,-1
254144,-1
254167,-1
254190,-1
254213,-1
254236,-1
254259,-1
254282,-1
254305,-1
254328,-1
254351,-1
254374,-1
254397,-1
254420,-1
254443,-1
254466,-1
254489,-1
254512,-1
254535,-1
254558,-1
254581,-1
254604,-1
254627,-1
254650,-1
254673,-1
254696,-1
254719,-1
254742,-1
254765,-1
254788,-1
254811,-1
254834,-1
254857,-1
254880,-1
254903,-1
254926,-1
254949,-1
254972,-1
254995,-1
255018,-1
255041,-1
255064,-1
255087,-1
255110,-1
255133,-1
255156,-1
255179,-1
255201,-1
255224,-1
255247,-1
255270,-1
255293,-1
255316,-1
255339,-1
255362,-1
255385,-1
255408,-1
255431,-1
255454,-1
255477,-1
255500,-1
255523,-1
255546,-1
255569,-1
255592,-1
255615,-1
255638,-1
255661,-1
255684,-1
255707,-1
255730,-1
255753,-1
255776,-1
255799,-1
255822,-1
255845,-1
255868,-1
255891,-1
255914,-1
255937,-1
255960,-1
255983,-1
256006,-1
256029,-1
256052,-1
256075,-1
256098,-1
256121,-1
256144,-1
256167,-1
256190,-1
256213,-1
256236,-1
256259,-1
256282,-1
256305,-1
256328,-1
256351,-1
256374,-1
256397,-1
256420,-1
256443,-1
256466,-1
256489,-1
256512,-1
256535,-1
256558,-1
256581,-1
256604,-1
256627,-1
256650,-1
256673,-1
256696,-1
256719,-1
256742,-1
256765,-1
256788,-1
256811,-1
256834,-1
256857,-1
256880,-1
256903,-1
256926,-1
256949,-1
256972,-1
256995,-1
257018,-1
257041,-1
257064,-1
257087,-1
257110,-1
257133,-1
257156,-1
257179,-1
257202,-1
257225,-1
257248,-1
257271,-1
257294,-1
257317,-1
257340,-1
257363,-1
257386,-1
257409,-1
257432,-1
257455,-1
257478,-1
257501,-1
257524,-1
257547,-1
257570,-1
257593,-1
257616,-1
257639,-1
257662,-1
257685,-1
257708,-1
257731,-1
257754,-1
257777,-1
257800,-1
257823,-1
257846,-1
257869,-1
257892,-1
257915,-1
257938,-1
257961,-1
257984,-1
258007,-1
258030,-1
258053,-1
258076,-1
258099,-1
258122,-1
258145,-1
258168,-1
258191,-1
258214,-1
258237,-1
258260,-1
258283,-1
258306,-1
258329,-1
258352,-1
258375,-1
258398,-1
258421,-1
258444,-1
258467,-1
258490,-1
258513,-1
258536,-1
258559,-1
258581,-1
258604,-1
258627,-1
258650,-1
258673,-1
258696,-1
258719,-1
258742,-1
258765,-1
258788,-1
258811,-1
258834,-1
258857,-1
258880,-1
258903,-1
258926,-1
258949,-1
258972,-1
258995,-1
259018,-1
259041,-1
259064,-1
259087,-1
259110,-1
259133,-1
259156,-1
259179,-1
259202,-1
259225,-1
259248,-1
259271,-1
259294,-1
259317,-1
259340,-1
259363,-1
259386,-1
259409,-1
259432,-1
259455,-1
259478,-1
259501,-1
259524,-1
259547,-1
259570,-1
259593,-1
259616,-1
259639,-1
259662,-1
259685,-1
259708,-1
259731,-1
259754,-1
259777,-1
259800,-1
259823,-1
259846,-1
259869,-1
259892,-1
259915,-1
259938,-1
259961,-1
259984,-1
260007,-1
260030,-1
260053,-1
260076,-1
260099,-1
260122,-1
260145,-1
260168,-1
260191,-1
260214,-1
260237,-1
260260,-1
260283,-1
260306,-1
260329,-1
260352,-1
260375,-1
260398,-1
260421,-1
260444,-1
260467,-1
260490,-1
260513,-1
260536,-1
260559,-1
260582,-1
260605,-1
260628,-1
260651,-1
260674,-1
260697,-1
260720,-1
260743,-1
260766,-1
260789,-1
260812,-1
260835,-1
260858,-1
260881,-1
260904,-1
260927,-1
260950,-1
260973,-1
260996,-1
261019,-1
261042,-1
261065,-1
261088,-1
261111,-1
261134,-1
261157,-1
261180,-1
261203,-1
261226,-1
261249,-1
261272,-1
261295,-1
261318,-1
