0,-1
23,-1
46,-1
69,-1
92,-1
115,-1
138,-1
161,-1
184,-1
207,-1
230,-1
253,-1
276,-1
299,-1
322,-1
345,-1
368,-1
391,-1
414,-1
437,-1
460,-1
483,-1
506,-1
529,-1
552,-1
575,-1
598,-1
621,-1
644,-1
667,-1
690,-1
713,-1
736,-1
759,-1
782,-1
805,-1
828,-1
851,-1
874,-1
897,-1
920,-1
943,-1
966,-1
989,-1
1012,-1
1035,-1
1058,-1
1081,-1
1104,-1
1127,-1
1150,-1
1173,-1
1196,-1
1219,-1
1242,-1
1265,-1
1288,-1
1311,-1
1334,-1
1357,-1
1380,-1
1403,-1
1426,-1
1449,-1
1472,-1
1495,-1
1518,-1
1541,-1
1564,-1
1587,-1
1610,-1
1633,-1
1656,-1
1679,-1
1701,-1
1724,-1
1747,-1
1770,-1
1793,-1
1816,-1
1839,-1
1862,-1
1885,-1
1908,-1
1931,-1
1954,-1
1977,-1
2000,-1
2023,-1
2046,-1
2069,-1
2092,-1
2115,-1
2138,-1
2161,-1
2184,-1
2207,-1
2230,-1
2253,-1
2276,-1
2299,-1
2322,-1
2345,-1
2368,-1
2391,-1
2414,-1
2437,-1
2460,-1
2483,-1
2506,-1
2529,-1
2552,-1
2575,-1
2598,-1
2621,-1
2644,-1
2667,-1
2690,-1
2713,-1
2736,-1
2759,-1
2782,-1
2805,-1
2828,-1
2851,-1
2874,-1
2897,-1
2920,-1
2943,-1
2966,-1
2989,-1
3012,-1
3035,-1
3058,-1
3081,-1
3104,-1
3127,-1
3150,-1
3173,-1
3196,-1
3219,-1
3242,-1
3265,-1
3288,-1
3311,-1
3334,-1
3357,-1
3380,-1
3403,-1
3426,-1
3449,-1
3472,-1
3495,-1
3518,-1
3541,-1
3564,-1
3587,-1
3610,-1
3633,-1
3656,71
3679,71
3702,71
3725,71
3748,71
3771,72
3794,72
3817,73
3840,73
3863,73
3886,73
3909,73
3932,73
3955,73
3978,73
4001,73
4024,73
4047,73
4070,73
4093,73
4116,73
4139,73
4162,73
4185,73
4208,73
4231,73
4254,73
4277,73
4300,73
4323,73
4346,73
4369,73
4392,73
4415,73
4438,73
4461,73
4484,73
4507,73
4530,73
4553,73
4576,73
4599,72
4622,73
4645,73
4668,73
4691,73
4714,73
4737,73
4760,73
4783,73
4806,72
4829,72
4852,54
4875,54
4898,72
4921,72
4944,54
4967,54
4990,54
5013,54
5036,73
5059,73
5081,73
5104,54
5127,54
5150,73
5173,73
5196,73
5219,73
5242,73
5265,73
5288,73
5311,73
5334,54
5357,73
5380,73
5403,73
5426,73
5449,73
5472,73
5495,73
5518,73
5541,73
5564,73
5587,73
5610,73
5633,73
5656,54
5679,54
5702,73
5725,72
5748,72
5771,73
5794,73
5817,73
5840,73
5863,73
5886,54
5909,73
5932,73
5955,72
5978,-1
6001,-1
6024,-1
6047,-1
6070,-1
6093,-1
6116,-1
6139,-1
6162,-1
6185,-1
6208,-1
6231,-1
6254,-1
6277,-1
6300,-1
6323,-1
6346,-1
6369,-1
6392,-1
6415,-1
6438,-1
6461,-1
6484,-1
6507,-1
6530,-1
6553,-1
6576,73
6599,-1
6622,-1
6645,-1
6668,-1
6691,-1
6714,73
6737,73
6760,73
6783,73
6806,73
6829,-1
6852,-1
6875,-1
6898,-1
6921,-1
6944,-1
6967,-1
6990,-1
7013,-1
7036,-1
7059,-1
7082,-1
7105,-1
7128,-1
7151,-1
7174,-1
7197,-1
7220,-1
7243,-1
7266,-1
7289,-1
7312,-1
7335,-1
7358,-1
7381,-1
7404,-1
7427,-1
7450,-1
7473,-1
7496,-1
7519,-1
7542,-1
7565,-1
7588,-1
7611,-1
7634,-1
7657,-1
7680,-1
7703,-1
7726,-1
7749,-1
7772,-1
7795,-1
7818,-1
7841,-1
7864,-1
7887,-1
7910,-1
7933,-1
7956,-1
7979,-1
8002,-1
8025,-1
8048,-1
8071,-1
8094,-1
8117,-1
8140,-1
8163,-1
8186,-1
8209,-1
8232,-1
8255,-1
8278,-1
8301,-1
8324,-1
8347,-1
8370,-1
8393,-1
8416,-1
8439,-1
8461,-1
8484,-1
8507,-1
8530,-1
8553,-1
8576,-1
8599,-1
8622,-1
8645,-1
8668,-1
8691,-1
8714,-1
8737,-1
8760,65
8783,83
8806,48
8829,59
8852,62
8875,59
8898,-1
8921,-1
8944,-1
8967,-1
8990,-1
9013,-1
9036,-1
9059,-1
9082,-1
9105,-1
9128,-1
9151,-1
9174,-1
9197,-1
9220,-1
9243,-1
9266,-1
9289,79
9312,63
9335,64
9358,64
9381,64
9404,64
9427,64
9450,63
9473,63
9496,62
9519,61
9542,60
9565,59
9588,59
9611,59
9634,59
9657,59
9680,59
9703,59
9726,59
9749,59
9772,59
9795,59
9818,59
9841,59
9864,60
9887,61
9910,61
9933,61
9956,61
9979,61
10002,61
10025,61
10048,61
10071,42
10094,61
10117,61
10140,59
10163,81
10186,81
10209,82
10232,81
10255,81
10278,49
10301,61
10324,81
10347,61
10370,79
10393,80
10416,61
10439,80
10462,79
10485,81
10508,69
10531,81
10554,80
10577,80
10600,81
10623,69
10646,-1
10669,80
10692,68
10715,68
10738,67
10761,81
10784,80
10807,80
10830,82
10853,82
10876,68
10899,69
10922,68
10945,68
10968,-1
10991,-1
11014,-1
11037,-1
11060,-1
11083,83
11106,68
11129,68
11152,68
11175,68
11198,69
11221,-1
11244,68
11267,68
11290,68
11313,68
11336,68
11359,-1
11382,-1
11405,-1
11428,68
11451,-1
11474,-1
11497,-1
11520,-1
11543,-1
11566,-1
11589,80
11612,63
11635,64
11658,64
11681,64
11704,63
11727,62
11750,62
11773,62
11796,61
11819,61
11841,61
11864,61
11887,61
11910,61
11933,47
11956,79
11979,62
12002,64
12025,59
12048,61
12071,61
12094,61
12117,61
12140,61
12163,61
12186,60
12209,61
12232,61
12255,61
12278,61
12301,62
12324,80
12347,57
12370,58
12393,61
12416,62
12439,61
12462,60
12485,61
12508,62
12531,62
12554,61
12577,61
12600,61
12623,61
12646,62
12669,61
12692,80
12715,81
12738,67
12761,66
12784,66
12807,78
12830,66
12853,66
12876,66
12899,78
12922,66
12945,59
12968,78
12991,79
13014,78
13037,66
13060,77
13083,78
13106,78
13129,65
13152,66
13175,66
13198,66
13221,66
13244,67
13267,68
13290,68
13313,68
13336,68
13359,68
13382,68
13405,68
13428,68
13451,68
13474,68
13497,68
13520,68
13543,67
13566,68
13589,68
13612,67
13635,67
13658,67
13681,66
13704,66
13727,66
13750,66
13773,68
13796,67
13819,57
13842,56
13865,56
13888,55
13911,56
13934,59
13957,60
13980,60
14003,60
14026,59
14049,60
14072,61
14095,61
14118,61
14141,61
14164,61
14187,61
14210,61
14233,61
14256,61
14279,61
14302,61
14325,61
14348,61
14371,61
14394,61
14417,61
14440,61
14463,61
14486,61
14509,61
14532,61
14555,61
14578,61
14601,61
14624,61
14647,61
14670,60
14693,61
14716,61
14739,61
14762,61
14785,61
14808,60
14831,60
14854,61
14877,61
14900,61
14923,61
14946,-1
14969,-1
14992,-1
15015,-1
15038,-1
15061,-1
15084,-1
15107,-1
15130,-1
15153,-1
15176,-1
15199,-1
15221,-1
15244,-1
15267,-1
15290,-1
15313,-1
15336,-1
15359,-1
15382,-1
15405,-1
15428,-1
15451,-1
15474,-1
15497,-1
15520,-1
15543,-1
15566,-1
15589,-1
15612,-1
15635,-1
15658,-1
15681,-1
15704,-1
15727,-1
15750,-1
15773,-1
15796,-1
15819,-1
15842,-1
15865,-1
15888,-1
15911,56
15934,57
15957,58
15980,57
16003,57
16026,57
16049,57
16072,58
16095,58
16118,60
16141,62
16164,64
16187,64
16210,64
16233,64
16256,63
16279,62
16302,61
16325,61
16348,61
16371,61
16394,61
16417,61
16440,61
16463,61
16486,61
16509,61
16532,61
16555,61
16578,61
16601,61
16624,61
16647,61
16670,61
16693,61
16716,61
16739,61
16762,61
16785,61
16808,61
16831,61
16854,61
16877,61
16900,61
16923,61
16946,61
16969,61
16992,61
17015,61
17038,61
17061,61
17084,61
17107,61
17130,82
17153,61
17176,61
17199,61
17222,82
17245,84
17268,64
17291,65
17314,64
17337,63
17360,62
17383,62
17406,61
17429,46
17452,64
17475,64
17498,62
17521,61
17544,58
17567,84
17590,84
17613,74
17636,84
17659,64
17682,64
17705,64
17728,62
17751,61
17774,61
17797,61
17820,61
17843,61
17866,61
17889,61
17912,61
17935,61
17958,61
17981,61
18004,61
18027,61
18050,61
18073,61
18096,61
18119,61
18142,61
18165,61
18188,73
18211,61
18234,61
18257,61
18280,60
18303,59
18326,61
18349,61
18372,61
18395,61
18418,60
18441,61
18464,62
18487,61
18510,61
18533,61
18556,61
18579,61
18601,61
18624,61
18647,61
18670,61
18693,62
18716,62
18739,62
18762,62
18785,62
18808,62
18831,62
18854,61
18877,61
18900,61
18923,61
18946,61
18969,61
18992,61
19015,61
19038,61
19061,61
19084,61
19107,61
19130,61
19153,61
19176,61
19199,61
19222,61
19245,61
19268,61
19291,61
19314,61
19337,61
19360,61
19383,61
19406,61
19429,61
19452,61
19475,61
19498,61
19521,61
19544,61
19567,61
19590,61
19613,61
19636,61
19659,61
19682,61
19705,-1
19728,-1
19751,-1
19774,-1
19797,-1
19820,-1
19843,-1
19866,-1
19889,-1
19912,-1
19935,-1
19958,-1
19981,-1
20004,-1
20027,-1
20050,-1
20073,-1
20096,-1
20119,-1
20142,-1
20165,-1
20188,-1
20211,-1
20234,-1
20257,-1
20280,-1
20303,-1
20326,-1
20349,-1
20372,-1
20395,-1
20418,-1
20441,-1
20464,-1
20487,-1
20510,-1
20533,58
20556,59
20579,59
20602,59
20625,60
20648,81
20671,80
20694,81
20717,64
20740,64
20763,64
20786,63
20809,63
20832,62
20855,62
20878,62
20901,61
20924,61
20947,61
20970,61
20993,61
21016,61
21039,61
21062,61
21085,61
21108,61
21131,61
21154,61
21177,61
21200,61
21223,61
21246,61
21269,61
21292,61
21315,61
21338,61
21361,61
21384,61
21407,61
21430,61
21453,61
21476,61
21499,61
21522,61
21545,61
21568,61
21591,61
21614,61
21637,61
21660,61
21683,61
21706,61
21729,61
21752,61
21775,61
21798,61
21821,61
21844,57
21867,63
21890,64
21913,76
21936,64
21959,64
21981,65
22004,66
22027,66
22050,66
22073,66
22096,66
22119,66
22142,66
22165,66
22188,66
22211,66
22234,66
22257,49
22280,49
22303,49
22326,68
22349,68
22372,68
22395,68
22418,68
22441,66
22464,66
22487,66
22510,66
22533,66
22556,66
22579,66
22602,66
22625,66
22648,66
22671,66
22694,66
22717,66
22740,66
22763,66
22786,66
22809,66
22832,66
22855,66
22878,66
22901,66
22924,61
22947,57
22970,57
22993,57
23016,59
23039,47
23062,59
23085,59
23108,59
23131,59
23154,60
23177,61
23200,60
23223,61
23246,61
23269,61
23292,61
23315,61
23338,61
23361,61
23384,61
23407,61
23430,61
23453,61
23476,61
23499,61
23522,61
23545,61
23568,61
23591,61
23614,60
23637,61
23660,61
23683,61
23706,61
23729,61
23752,61
23775,61
23798,61
23821,61
23844,61
23867,61
23890,61
23913,61
23936,60
23959,60
23982,61
24005,61
24028,59
24051,64
24074,76
24097,58
24120,77
24143,83
24166,-1
24189,-1
24212,-1
24235,-1
24258,-1
24281,-1
24304,-1
24327,-1
24350,-1
24373,-1
24396,-1
24419,-1
24442,-1
24465,-1
24488,-1
24511,-1
24534,-1
24557,-1
24580,-1
24603,-1
24626,-1
24649,-1
24672,-1
24695,-1
24718,-1
24741,-1
24764,-1
24787,79
24810,-1
24833,-1
24856,-1
24879,-1
24902,79
24925,-1
24948,-1
24971,-1
24994,-1
25017,60
25040,71
25063,58
25086,56
25109,53
25132,79
25155,62
25178,49
25201,55
25224,50
25247,63
25270,64
25293,64
25316,64
25339,63
25361,62
25384,61
25407,61
25430,61
25453,61
25476,60
25499,61
25522,62
25545,41
25568,49
25591,74
25614,64
25637,62
25660,61
25683,61
25706,61
25729,61
25752,61
25775,61
25798,61
25821,61
25844,61
25867,61
25890,61
25913,61
25936,61
25959,61
25982,61
26005,61
26028,61
26051,61
26074,61
26097,61
26120,61
26143,79
26166,80
26189,61
26212,61
26235,60
26258,61
26281,61
26304,61
26327,61
26350,61
26373,61
26396,63
26419,64
26442,64
26465,64
26488,63
26511,62
26534,61
26557,61
26580,61
26603,61
26626,61
26649,61
26672,61
26695,61
26718,49
26741,49
26764,61
26787,61
26810,61
26833,61
26856,61
26879,61
26902,61
26925,61
26948,61
26971,61
26994,61
27017,61
27040,61
27063,61
27086,61
27109,61
27132,61
27155,61
27178,61
27201,61
27224,61
27247,61
27270,61
27293,61
27316,60
27339,59
27362,59
27385,59
27408,60
27431,60
27454,60
27477,59
27500,60
27523,60
27546,60
27569,61
27592,61
27615,61
27638,61
27661,61
27684,61
27707,61
27730,61
27753,61
27776,61
27799,61
27822,62
27845,62
27868,62
27891,62
27914,62
27937,62
27960,62
27983,62
28006,61
28029,61
28052,61
28075,61
28098,61
28121,61
28144,61
28167,61
28190,61
28213,61
28236,61
28259,61
28282,61
28305,61
28328,61
28351,61
28374,61
28397,61
28420,61
28443,61
28466,61
28489,61
28512,61
28535,61
28558,61
28581,61
28604,61
28627,61
28650,61
28673,61
28696,61
28719,61
28741,61
28764,61
28787,61
28810,61
28833,61
28856,61
28879,61
28902,61
28925,79
28948,80
28971,80
28994,80
29017,61
29040,79
29063,49
29086,61
29109,81
29132,49
29155,79
29178,52
29201,79
29224,79
29247,52
29270,79
29293,69
29316,80
29339,69
29362,79
29385,68
29408,81
29431,42
29454,63
29477,78
29500,64
29523,57
29546,52
29569,64
29592,64
29615,52
29638,72
29661,75
29684,77
29707,79
29730,78
29753,77
29776,65
29799,78
29822,60
29845,61
29868,61
29891,61
29914,61
29937,61
29960,60
29983,61
30006,60
30029,59
30052,59
30075,59
30098,59
30121,59
30144,59
30167,59
30190,59
30213,59
30236,61
30259,61
30282,61
30305,61
30328,61
30351,61
30374,61
30397,61
30420,61
30443,61
30466,60
30489,59
30512,60
30535,60
30558,60
30581,61
30604,61
30627,61
30650,61
30673,61
30696,61
30719,61
30742,61
30765,61
30788,60
30811,59
30834,59
30857,59
30880,61
30903,60
30926,60
30949,59
30972,60
30995,59
31018,59
31041,59
31064,61
31087,61
31110,61
31133,61
31156,61
31179,61
31202,60
31225,52
31248,61
31271,81
31294,61
31317,61
31340,40
31363,60
31386,60
31409,59
31432,59
31455,59
31478,59
31501,59
31524,57
31547,57
31570,57
31593,57
31616,57
31639,57
31662,57
31685,57
31708,57
31731,57
31754,57
31777,57
31800,57
31823,57
31846,57
31869,57
31892,57
31915,57
31938,80
31961,81
31984,57
32007,57
32030,57
32053,57
32076,57
32099,45
32121,62
32144,62
32167,50
32190,62
32213,80
32236,81
32259,52
32282,52
32305,52
32328,52
32351,64
32374,64
32397,52
32420,52
32443,52
32466,52
32489,52
32512,52
32535,52
32558,64
32581,52
32604,52
32627,52
32650,52
32673,52
32696,52
32719,52
32742,52
32765,52
32788,52
32811,64
32834,52
32857,64
32880,64
32903,52
32926,52
32949,64
32972,64
32995,63
33018,80
33041,52
33064,52
33087,52
33110,42
33133,49
33156,49
33179,49
33202,49
33225,49
33248,49
33271,49
33294,42
33317,62
33340,61
33363,61
33386,61
33409,61
33432,61
33455,61
33478,61
33501,61
33524,61
33547,42
33570,61
33593,61
33616,61
33639,61
33662,61
33685,60
33708,47
33731,57
33754,57
33777,56
33800,56
33823,61
33846,61
33869,74
33892,55
33915,78
33938,56
33961,61
33984,61
34007,61
34030,61
34053,61
34076,47
34099,44
34122,75
34145,77
34168,61
34191,51
34214,51
34237,61
34260,49
34283,49
34306,51
34329,52
34352,55
34375,58
34398,59
34421,59
34444,59
34467,59
34490,60
34513,61
34536,61
34559,61
34582,61
34605,61
34628,61
34651,61
34674,61
34697,60
34720,60
34743,60
34766,59
34789,59
34812,59
34835,59
34858,59
34881,59
34904,59
34927,59
34950,60
34973,61
34996,61
35019,61
35042,61
35065,61
35088,61
35111,61
35134,62
35157,61
35180,61
35203,61
35226,61
35249,61
35272,61
35295,61
35318,61
35341,60
35364,58
35387,79
35410,78
35433,78
35456,59
35479,50
35501,56
35524,58
35547,59
35570,59
35593,59
35616,59
35639,60
35662,61
35685,61
35708,61
35731,61
35754,61
35777,61
35800,61
35823,61
35846,60
35869,60
35892,59
35915,59
35938,59
35961,59
35984,59
36007,59
36030,57
36053,77
36076,46
36099,59
36122,59
36145,59
36168,68
36191,66
36214,65
36237,64
36260,70
36283,56
36306,57
36329,57
36352,56
36375,57
36398,57
36421,57
36444,57
36467,57
36490,57
36513,56
36536,56
36559,56
36582,56
36605,58
36628,59
36651,65
36674,78
36697,78
36720,54
36743,47
36766,68
36789,68
36812,68
36835,49
36858,68
36881,52
36904,56
36927,56
36950,68
36973,80
36996,80
37019,68
37042,68
37065,68
37088,68
37111,68
37134,68
37157,68
37180,68
37203,68
37226,68
37249,68
37272,68
37295,68
37318,79
37341,68
37364,68
37387,68
37410,68
37433,68
37456,80
37479,68
37502,68
37525,67
37548,77
37571,76
37594,56
37617,56
37640,56
37663,56
37686,56
37709,56
37732,56
37755,56
37778,52
37801,52
37824,64
37847,64
37870,64
37893,64
37916,64
37939,64
37962,64
37985,64
38008,64
38031,64
38054,63
38077,64
38100,64
38123,64
38146,64
38169,63
38192,76
38215,76
38238,75
38261,56
38284,76
38307,76
38330,64
38353,64
38376,56
38399,75
38422,64
38445,64
38468,64
38491,52
38514,59
38537,64
38560,59
38583,59
38606,64
38629,63
38652,64
38675,77
38698,63
38721,64
38744,52
38767,63
38790,76
38813,78
38836,76
38859,64
38881,63
38904,77
38927,65
38950,67
38973,68
38996,68
39019,68
39042,68
39065,68
39088,56
39111,68
39134,67
39157,66
39180,78
39203,66
39226,66
39249,67
39272,67
39295,68
39318,68
39341,68
39364,68
39387,68
39410,68
39433,68
39456,67
39479,68
39502,67
39525,66
39548,66
39571,66
39594,66
39617,79
39640,67
39663,68
39686,68
39709,68
39732,68
39755,68
39778,68
39801,68
39824,68
39847,67
39870,67
39893,66
39916,66
39939,67
39962,67
39985,66
40008,66
40031,66
40054,67
40077,66
40100,66
40123,66
40146,67
40169,68
40192,68
40215,68
40238,68
40261,68
40284,68
40307,68
40330,68
40353,68
40376,68
40399,68
40422,68
40445,68
40468,68
40491,68
40514,68
40537,68
40560,68
40583,68
40606,69
40629,68
40652,68
40675,68
40698,68
40721,68
40744,80
40767,68
40790,68
40813,68
40836,68
40859,68
40882,67
40905,68
40928,56
40951,68
40974,56
40997,66
41020,66
41043,66
41066,66
41089,66
41112,66
41135,66
41158,66
41181,67
41204,68
41227,80
41250,56
41273,56
41296,68
41319,68
41342,69
41365,69
41388,69
41411,77
41434,78
41457,68
41480,59
41503,80
41526,60
41549,67
41572,68
41595,69
41618,69
41641,69
41664,68
41687,68
41710,68
41733,68
41756,67
41779,66
41802,66
41825,66
41848,66
41871,66
41894,66
41917,66
41940,66
41963,66
41986,66
42009,66
42032,66
42055,66
42078,66
42101,66
42124,66
42147,66
42170,66
42193,65
42216,63
42239,61
42261,50
42284,60
42307,60
42330,60
42353,76
42376,62
42399,66
42422,66
42445,66
42468,66
42491,66
42514,66
42537,66
42560,66
42583,59
42606,84
42629,66
42652,-1
42675,-1
42698,60
42721,62
42744,66
42767,66
42790,66
42813,66
42836,67
42859,68
42882,68
42905,68
42928,68
42951,68
42974,68
42997,68
43020,68
43043,68
43066,68
43089,68
43112,69
43135,68
43158,67
43181,79
43204,78
43227,50
43250,50
43273,65
43296,66
43319,66
43342,66
43365,66
43388,66
43411,66
43434,66
43457,68
43480,69
43503,69
43526,69
43549,68
43572,68
43595,68
43618,69
43641,69
43664,81
43687,80
43710,56
43733,62
43756,81
43779,69
43802,80
43825,62
43848,68
43871,69
43894,68
43917,68
43940,68
43963,68
43986,68
44009,68
44032,67
44055,66
44078,66
44101,66
44124,66
44147,66
44170,66
44193,66
44216,66
44239,66
44262,66
44285,66
44308,66
44331,66
44354,66
44377,66
44400,66
44423,66
44446,65
44469,62
44492,66
44515,66
44538,66
44561,62
44584,66
44607,79
44630,66
44653,66
44676,66
44699,66
44722,66
44745,66
44768,66
44791,66
44814,66
44837,65
44860,66
44883,61
44906,66
44929,66
44952,66
44975,66
44998,66
45021,76
45044,66
45067,66
45090,66
45113,66
45136,67
45159,67
45182,66
45205,63
45228,60
45251,67
45274,67
45297,66
45320,66
45343,66
45366,57
45389,63
45412,66
45435,66
45458,66
45481,66
45504,66
45527,66
45550,66
45573,66
45596,64
45619,51
45641,61
45664,61
45687,60
45710,61
45733,66
45756,68
45779,70
45802,69
45825,69
45848,69
45871,81
45894,81
45917,81
45940,81
45963,69
45986,69
46009,81
46032,81
46055,69
46078,69
46101,69
46124,69
46147,69
46170,69
46193,68
46216,68
46239,67
46262,79
46285,78
46308,78
46331,66
46354,66
46377,79
46400,81
46423,80
46446,47
46469,80
46492,53
46515,66
46538,66
46561,66
46584,66
46607,66
46630,66
46653,66
46676,78
46699,77
46722,78
46745,78
46768,66
46791,78
46814,79
46837,67
46860,79
46883,61
46906,84
46929,68
46952,69
46975,69
46998,69
47021,69
47044,69
47067,69
47090,69
47113,69
47136,69
47159,69
47182,69
47205,69
47228,69
47251,68
47274,68
47297,67
47320,78
47343,66
47366,66
47389,66
47412,66
47435,66
47458,66
47481,66
47504,54
47527,68
47550,62
47573,62
47596,50
47619,52
47642,68
47665,66
47688,66
47711,66
47734,66
47757,66
47780,66
47803,66
47826,66
47849,66
47872,53
47895,66
47918,47
47941,66
47964,66
47987,66
48010,50
48033,63
48056,66
48079,66
48102,66
48125,66
48148,67
48171,68
48194,68
48217,68
48240,68
48263,68
48286,68
48309,68
48332,68
48355,56
48378,68
48401,68
48424,69
48447,68
48470,68
48493,68
48516,68
48539,68
48562,68
48585,68
48608,68
48631,68
48654,68
48677,68
48700,68
48723,68
48746,68
48769,68
48792,68
48815,69
48838,69
48861,69
48884,69
48907,69
48930,69
48953,69
48976,69
48999,69
49021,69
49044,69
49067,69
49090,69
49113,69
49136,69
49159,70
49182,69
49205,69
49228,69
49251,69
49274,70
49297,70
49320,71
49343,71
49366,71
49389,71
49412,71
49435,71
49458,71
49481,71
49504,71
49527,71
49550,82
49573,71
49596,71
49619,82
49642,70
49665,83
49688,71
49711,71
49734,83
49757,83
49780,71
49803,71
49826,83
49849,71
49872,71
49895,71
49918,84
49941,84
49964,63
49987,64
50010,64
50033,63
50056,63
50079,64
50102,64
50125,63
50148,62
50171,59
50194,58
50217,84
50240,73
50263,72
50286,64
50309,64
50332,66
50355,67
50378,66
50401,66
50424,67
50447,68
50470,68
50493,68
50516,68
50539,68
50562,68
50585,68
50608,68
50631,68
50654,68
50677,68
50700,68
50723,68
50746,68
50769,68
50792,68
50815,68
50838,68
50861,68
50884,68
50907,68
50930,68
50953,68
50976,68
50999,68
51022,68
51045,68
51068,68
51091,68
51114,68
51137,68
51160,68
51183,68
51206,68
51229,68
51252,68
51275,68
51298,68
51321,68
51344,68
51367,68
51390,68
51413,68
51436,68
51459,68
51482,68
51505,68
51528,68
51551,68
51574,68
51597,68
51620,68
51643,68
51666,68
51689,68
51712,68
51735,68
51758,68
51781,68
51804,68
51827,68
51850,70
51873,71
51896,71
51919,71
51942,71
51965,72
51988,73
52011,73
52034,73
52057,73
52080,73
52103,73
52126,73
52149,73
52172,73
52195,73
52218,72
52241,70
52264,56
52287,49
52310,73
52333,73
52356,66
52379,67
52401,68
52424,68
52447,68
52470,68
52493,68
52516,68
52539,68
52562,68
52585,68
52608,67
52631,67
52654,65
52677,66
52700,66
52723,66
52746,66
52769,66
52792,66
52815,66
52838,66
52861,66
52884,66
52907,66
52930,66
52953,66
52976,66
52999,66
53022,66
53045,66
53068,66
53091,66
53114,66
53137,66
53160,66
53183,66
53206,66
53229,66
53252,66
53275,66
53298,66
53321,57
53344,66
53367,66
53390,66
53413,66
53436,66
53459,66
53482,57
53505,66
53528,57
53551,73
53574,57
53597,57
53620,57
53643,57
53666,57
53689,57
53712,57
53735,66
53758,57
53781,57
53804,57
53827,57
53850,57
53873,66
53896,57
53919,57
53942,66
53965,66
53988,57
54011,57
54034,67
54057,67
54080,66
54103,55
54126,75
54149,66
54172,66
54195,66
54218,66
54241,67
54264,66
54287,63
54310,58
54333,58
54356,66
54379,66
54402,66
54425,66
54448,66
54471,66
54494,66
54517,66
54540,66
54563,65
54586,66
54609,66
54632,66
54655,66
54678,66
54701,66
54724,66
54747,66
54770,59
54793,50
54816,66
54839,78
54862,72
54885,66
54908,67
54931,68
54954,69
54977,69
55000,69
55023,69
55046,69
55069,69
55092,69
55115,68
55138,68
55161,68
55184,67
55207,67
55230,66
55253,66
55276,66
55299,68
55322,66
55345,54
55368,54
55391,54
55414,54
55437,66
55460,66
55483,66
55506,66
55529,66
55552,65
55575,66
55598,66
55621,66
55644,66
55667,66
55690,66
55713,66
55736,66
55759,66
55781,66
55804,66
55827,66
55850,66
55873,66
55896,66
55919,66
55942,66
55965,66
55988,84
56011,68
56034,69
56057,69
56080,69
56103,69
56126,69
56149,68
56172,68
56195,68
56218,68
56241,67
56264,66
56287,66
56310,66
56333,66
56356,66
56379,68
56402,68
56425,67
56448,66
56471,78
56494,66
56517,66
56540,66
56563,66
56586,66
56609,63
56632,52
56655,81
56678,78
56701,78
56724,78
56747,66
56770,78
56793,78
56816,66
56839,78
56862,78
56885,78
56908,78
56931,66
56954,63
56977,64
57000,64
57023,64
57046,64
57069,63
57092,63
57115,64
57138,64
57161,65
57184,66
57207,66
57230,66
57253,66
57276,68
57299,68
57322,68
57345,68
57368,68
57391,68
57414,79
57437,59
57460,67
57483,67
57506,81
57529,79
57552,66
57575,67
57598,69
57621,69
57644,68
57667,68
57690,68
57713,68
57736,68
57759,68
57782,68
57805,68
57828,68
57851,68
57874,68
57897,68
57920,69
57943,69
57966,69
57989,69
58012,69
58035,69
58058,69
58081,69
58104,69
58127,68
58150,68
58173,68
58196,68
58219,68
58242,68
58265,69
58288,67
58311,69
58334,69
58357,69
58380,69
58403,70
58426,71
58449,71
58472,71
58495,71
58518,71
58541,71
58564,71
58587,71
58610,71
58633,71
58656,71
58679,71
58702,71
58725,71
58748,71
58771,71
58794,70
58817,71
58840,71
58863,71
58886,71
58909,71
58932,71
58955,71
58978,71
59001,71
59024,52
59047,58
59070,62
59093,64
59116,64
59139,64
59161,64
59184,50
59207,60
59230,66
59253,52
59276,80
59299,52
59322,47
59345,52
59368,52
59391,64
59414,64
59437,66
59460,66
59483,66
59506,66
59529,66
59552,67
59575,68
59598,68
59621,68
59644,68
59667,68
59690,68
59713,68
59736,68
59759,68
59782,68
59805,68
59828,68
59851,68
59874,68
59897,68
59920,68
59943,68
59966,68
59989,68
60012,68
60035,68
60058,68
60081,68
60104,68
60127,68
60150,68
60173,68
60196,68
60219,68
60242,68
60265,68
60288,68
60311,68
60334,68
60357,68
60380,68
60403,68
60426,68
60449,68
60472,68
60495,68
60518,68
60541,68
60564,68
60587,68
60610,68
60633,68
60656,68
60679,68
60702,68
60725,68
60748,68
60771,68
60794,68
60817,68
60840,68
60863,68
60886,68
60909,68
60932,68
60955,68
60978,71
61001,59
61024,59
61047,71
61070,72
61093,73
61116,73
61139,73
61162,73
61185,73
61208,73
61231,73
61254,73
61277,74
61300,73
61323,71
61346,70
61369,73
61392,73
61415,74
61438,66
61461,67
61484,67
61507,68
61530,68
61553,68
61576,68
61599,68
61622,68
61645,68
61668,68
61691,68
61714,68
61737,67
61760,66
61783,66
61806,66
61829,66
61852,66
61875,66
61898,66
61921,66
61944,66
61967,66
61990,66
62013,66
62036,66
62059,66
62082,66
62105,66
62128,66
62151,66
62174,66
62197,66
62220,66
62243,66
62266,66
62289,66
62312,66
62335,66
62358,66
62381,66
62404,66
62427,66
62450,66
62473,66
62496,66
62519,66
62541,66
62564,65
62587,65
62610,66
62633,66
62656,66
62679,66
62702,57
62725,57
62748,57
62771,66
62794,57
62817,57
62840,57
62863,57
62886,57
62909,57
62932,57
62955,58
62978,57
63001,57
63024,57
63047,57
63070,57
63093,57
63116,57
63139,57
63162,57
63185,57
63208,57
63231,80
63254,64
63277,64
63300,64
63323,64
63346,65
63369,66
63392,66
63415,66
63438,66
63461,66
63484,66
63507,66
63530,78
63553,66
63576,66
63599,66
63622,66
63645,66
63668,66
63691,66
63714,66
63737,66
63760,66
63783,65
63806,64
63829,64
63852,64
63875,62
63898,59
63921,65
63944,57
63967,78
63990,65
64013,76
64036,64
64059,65
64082,66
64105,66
64128,66
64151,66
64174,66
64197,66
64220,66
64243,66
64266,66
64289,66
64312,66
64335,66
64358,65
64381,65
64404,64
64427,63
64450,62
64473,61
64496,61
64519,61
64542,50
64565,62
64588,50
64611,50
64634,61
64657,61
64680,66
64703,66
64726,66
64749,58
64772,58
64795,62
64818,62
64841,62
64864,62
64887,62
64910,62
64933,62
64956,62
64979,62
65002,62
65025,61
65048,61
65071,62
65094,62
65117,62
65140,61
65163,62
65186,42
65209,66
65232,66
65255,76
65278,74
65301,75
65324,79
65347,78
65370,62
65393,75
65416,74
65439,74
65462,50
65485,61
65508,63
65531,62
65554,62
65577,62
65600,62
65623,62
65646,62
65669,63
65692,63
65715,62
65738,61
65761,61
65784,62
65807,62
65830,62
65853,61
65876,62
65899,59
65921,59
65944,59
65967,59
65990,59
66013,59
66036,59
66059,58
66082,57
66105,57
66128,57
66151,57
66174,57
66197,57
66220,56
66243,56
66266,56
66289,56
66312,56
66335,56
66358,56
66381,56
66404,56
66427,56
66450,56
66473,57
66496,56
66519,56
66542,56
66565,56
66588,56
66611,56
66634,56
66657,56
66680,56
66703,56
66726,56
66749,56
66772,56
66795,56
66818,56
66841,56
66864,56
66887,56
66910,56
66933,56
66956,56
66979,56
67002,56
67025,56
67048,56
67071,56
67094,56
67117,56
67140,56
67163,56
67186,-1
67209,56
67232,-1
67255,-1
67278,-1
67301,-1
67324,-1
67347,-1
67370,-1
67393,-1
67416,-1
67439,-1
67462,-1
67485,-1
67508,-1
67531,-1
67554,-1
67577,-1
67600,-1
67623,-1
67646,-1
67669,-1
67692,-1
67715,-1
67738,-1
67761,-1
67784,-1
67807,-1
67830,-1
67853,-1
67876,-1
67899,-1
67922,-1
67945,-1
67968,-1
67991,-1
68014,-1
68037,-1
68060,-1
68083,-1
68106,-1
68129,62
68152,64
68175,65
68198,64
68221,64
68244,64
68267,64
68290,64
68313,64
68336,64
68359,62
68382,58
68405,58
68428,56
68451,62
68474,78
68497,58
68520,60
68543,70
68566,70
68589,69
68612,69
68635,69
68658,69
68681,70
68704,71
68727,71
68750,71
68773,71
68796,71
68819,71
68842,71
68865,71
68888,71
68911,71
68934,71
68957,71
68980,71
69003,71
69026,71
69049,71
69072,71
69095,71
69118,71
69141,71
69164,71
69187,71
69210,71
69233,71
69256,71
69279,71
69301,71
69324,71
69347,71
69370,71
69393,71
69416,71
69439,71
69462,71
69485,71
69508,71
69531,83
69554,71
69577,71
69600,71
69623,71
69646,71
69669,71
69692,71
69715,71
69738,71
69761,71
69784,71
69807,71
69830,71
69853,71
69876,71
69899,71
69922,71
69945,70
69968,83
69991,82
70014,82
70037,52
70060,70
70083,71
70106,71
70129,71
70152,71
70175,71
70198,71
70221,71
70244,71
70267,71
70290,71
70313,52
70336,64
70359,52
70382,52
70405,59
70428,59
70451,71
70474,71
70497,71
70520,71
70543,72
70566,73
70589,73
70612,73
70635,72
70658,72
70681,43
70704,60
70727,59
70750,72
70773,72
70796,71
70819,71
70842,59
70865,50
70888,69
70911,81
70934,69
70957,69
70980,69
71003,69
71026,69
71049,69
71072,69
71095,69
71118,69
71141,69
71164,69
71187,69
71210,68
71233,67
71256,66
71279,83
71302,83
71325,84
71348,65
71371,66
71394,66
71417,66
71440,66
71463,66
71486,66
71509,66
71532,66
71555,66
71578,66
71601,65
71624,65
71647,64
71670,82
71693,81
71716,61
71739,60
71762,83
71785,56
71808,54
71831,57
71854,61
71877,47
71900,84
71923,66
71946,83
71969,54
71992,66
72015,59
72038,83
72061,82
72084,62
72107,81
72130,82
72153,80
72176,59
72199,80
72222,59
72245,79
72268,70
72291,70
72314,71
72337,70
72360,66
72383,67
72406,67
72429,67
72452,68
72475,68
72498,69
72521,69
72544,69
72567,69
72590,69
72613,69
72636,68
72659,81
72681,69
72704,69
72727,81
72750,69
72773,69
72796,69
72819,69
72842,69
72865,69
72888,69
72911,69
72934,69
72957,69
72980,69
73003,68
73026,68
73049,69
73072,69
73095,69
73118,70
73141,69
73164,69
73187,69
73210,81
73233,69
73256,69
73279,81
73302,69
73325,81
73348,81
73371,69
73394,81
73417,81
73440,81
73463,81
73486,69
73509,68
73532,80
73555,68
73578,79
73601,66
73624,66
73647,66
73670,66
73693,66
73716,66
73739,66
73762,50
73785,61
73808,50
73831,61
73854,53
73877,66
73900,66
73923,65
73946,66
73969,66
73992,66
74015,66
74038,66
74061,53
74084,82
74107,47
74130,54
74153,79
74176,80
74199,54
74222,54
74245,50
74268,62
74291,62
74314,62
74337,62
74360,62
74383,62
74406,62
74429,62
74452,62
74475,62
74498,62
74521,62
74544,62
74567,62
74590,62
74613,62
74636,61
74659,61
74682,61
74705,61
74728,61
74751,61
74774,61
74797,61
74820,61
74843,61
74866,61
74889,60
74912,-1
74935,61
74958,61
74981,61
75004,61
75027,61
75050,60
75073,61
75096,61
75119,61
75142,60
75165,59
75188,58
75211,58
75234,59
75257,59
75280,58
75303,59
75326,59
75349,-1
75372,-1
75395,56
75418,56
75441,57
75464,57
75487,57
75510,57
75533,57
75556,58
75579,58
75602,59
75625,59
75648,59
75671,59
75694,59
75717,58
75740,58
75763,58
75786,57
75809,59
75832,59
75855,59
75878,59
75901,59
75924,59
75947,59
75970,59
75993,59
76016,59
76039,58
76061,54
76084,54
76107,54
76130,54
76153,56
76176,57
76199,57
76222,56
76245,56
76268,57
76291,57
76314,57
76337,57
76360,57
76383,57
76406,57
76429,57
76452,57
76475,57
76498,58
76521,59
76544,59
76567,59
76590,59
76613,59
76636,60
76659,61
76682,61
76705,61
76728,61
76751,61
76774,61
76797,61
76820,61
76843,61
76866,61
76889,61
76912,60
76935,59
76958,58
76981,58
77004,60
77027,61
77050,61
77073,59
77096,59
77119,59
77142,60
77165,61
77188,44
77211,61
77234,78
77257,78
77280,61
77303,61
77326,80
77349,83
77372,83
77395,83
77418,83
77441,60
77464,61
77487,83
77510,61
77533,61
77556,61
77579,57
77602,57
77625,57
77648,57
77671,57
77694,57
77717,57
77740,57
77763,57
77786,57
77809,56
77832,56
77855,56
77878,56
77901,56
77924,56
77947,56
77970,56
77993,56
78016,56
78039,56
78062,56
78085,56
78108,56
78131,56
78154,56
78177,56
78200,56
78223,56
78246,56
78269,56
78292,56
78315,56
78338,56
78361,56
78384,56
78407,56
78430,56
78453,56
78476,56
78499,57
78522,56
78545,56
78568,56
78591,56
78614,56
78637,56
78660,56
78683,56
78706,56
78729,56
78752,56
78775,56
78798,-1
78821,-1
78844,-1
78867,-1
78890,-1
78913,-1
78936,-1
78959,-1
78982,-1
79005,-1
79028,-1
79051,-1
79074,-1
79097,-1
79120,-1
79143,-1
79166,-1
79189,-1
79212,-1
79235,-1
79258,-1
79281,-1
79304,-1
79327,-1
79350,-1
79373,-1
79396,-1
79419,-1
79441,-1
79464,-1
79487,-1
79510,-1
79533,-1
79556,-1
79579,-1
79602,-1
79625,-1
79648,-1
79671,-1
79694,-1
79717,-1
79740,-1
79763,-1
79786,-1
79809,-1
79832,-1
79855,-1
79878,-1
79901,-1
79924,-1
79947,-1
79970,-1
79993,-1
80016,-1
80039,-1
80062,-1
80085,-1
80108,-1
80131,-1
80154,-1
80177,-1
80200,-1
80223,-1
80246,-1
80269,-1
80292,-1
80315,-1
80338,-1
80361,-1
80384,-1
80407,-1
80430,-1
80453,-1
80476,-1
80499,-1
80522,-1
80545,-1
80568,-1
80591,-1
80614,-1
80637,-1
80660,-1
80683,-1
80706,-1
80729,-1
80752,-1
80775,-1
80798,-1
80821,-1
80844,-1
80867,-1
80890,-1
80913,-1
80936,-1
80959,-1
80982,-1
81005,-1
81028,-1
81051,-1
81074,-1
81097,-1
81120,70
81143,71
81166,71
81189,52
81212,71
81235,71
81258,72
81281,73
81304,73
81327,73
81350,73
81373,73
81396,73
81419,73
81442,73
81465,73
81488,73
81511,73
81534,73
81557,73
81580,73
81603,73
81626,73
81649,73
81672,73
81695,73
81718,73
81741,73
81764,73
81787,73
81810,73
81833,73
81856,73
81879,73
81902,73
81925,73
81948,73
81971,73
81994,73
82017,73
82040,73
82063,73
82086,73
82109,72
82132,73
82155,73
82178,73
82201,73
82224,-1
82247,-1
82270,72
82293,71
82316,72
82339,72
82362,73
82385,72
82408,72
82431,73
82454,73
82477,73
82500,73
82523,73
82546,73
82569,54
82592,73
82615,73
82638,73
82661,73
82684,73
82707,-1
82730,54
82753,54
82776,73
82799,73
82821,73
82844,73
82867,73
82890,73
82913,66
82936,54
82959,54
82982,73
83005,54
83028,73
83051,73
83074,61
83097,73
83120,54
83143,-1
83166,-1
83189,72
83212,-1
83235,66
83258,-1
83281,-1
83304,-1
83327,-1
83350,-1
83373,-1
83396,-1
83419,-1
83442,-1
83465,-1
83488,-1
83511,-1
83534,-1
83557,-1
83580,-1
83603,-1
83626,-1
83649,-1
83672,-1
83695,-1
83718,-1
83741,-1
83764,-1
83787,-1
83810,-1
83833,-1
83856,-1
83879,-1
83902,-1
83925,-1
83948,-1
83971,-1
83994,66
84017,-1
84040,-1
84063,-1
84086,-1
84109,-1
84132,-1
84155,-1
84178,-1
84201,54
84224,-1
84247,-1
84270,-1
84293,-1
84316,-1
84339,-1
84362,-1
84385,-1
84408,-1
84431,66
84454,-1
84477,-1
84500,-1
84523,-1
84546,-1
84569,-1
84592,-1
84615,-1
84638,-1
84661,-1
84684,-1
84707,-1
84730,-1
84753,-1
84776,-1
84799,-1
84822,-1
84845,-1
84868,-1
84891,-1
84914,-1
84937,-1
84960,-1
84983,-1
85006,-1
85029,-1
85052,-1
85075,-1
85098,-1
85121,-1
85144,-1
85167,-1
85190,-1
85213,-1
85236,-1
85259,-1
85282,63
85305,64
85328,64
85351,64
85374,64
85397,64
85420,64
85443,64
85466,64
85489,65
85512,66
85535,66
85558,66
85581,66
85604,66
85627,66
85650,67
85673,68
85696,57
85719,57
85742,57
85765,57
85788,57
85811,57
85834,57
85857,69
85880,69
85903,68
85926,68
85949,68
85972,68
85995,68
86018,68
86041,67
86064,67
86087,66
86110,66
86133,66
86156,66
86179,66
86201,65
86224,65
86247,64
86270,64
86293,64
86316,64
86339,64
86362,64
86385,64
86408,64
86431,64
86454,65
86477,66
86500,66
86523,66
86546,66
86569,66
86592,66
86615,66
86638,65
86661,64
86684,64
86707,64
86730,64
86753,64
86776,64
86799,64
86822,64
86845,64
86868,64
86891,64
86914,64
86937,64
86960,64
86983,64
87006,62
87029,60
87052,59
87075,59
87098,59
87121,59
87144,59
87167,59
87190,59
87213,59
87236,59
87259,60
87282,61
87305,61
87328,61
87351,61
87374,61
87397,61
87420,61
87443,62
87466,61
87489,61
87512,61
87535,61
87558,61
87581,61
87604,62
87627,61
87650,61
87673,61
87696,61
87719,61
87742,61
87765,61
87788,61
87811,61
87834,61
87857,61
87880,61
87903,61
87926,68
87949,68
87972,69
87995,69
88018,61
88041,51
88064,61
88087,61
88110,61
88133,61
88156,68
88179,61
88202,61
88225,68
88248,61
88271,68
88294,61
88317,83
88340,68
88363,69
88386,68
88409,68
88432,68
88455,68
88478,68
88501,-1
88524,-1
88547,68
88570,68
88593,68
88616,82
88639,68
88662,68
88685,68
88708,68
88731,68
88754,68
88777,81
88800,68
88823,68
88846,68
88869,68
88892,68
88915,68
88938,81
88961,-1
88984,62
89007,63
89030,64
89053,64
89076,64
89099,64
89122,64
89145,64
89168,63
89191,62
89214,61
89237,61
89260,61
89283,61
89306,61
89329,61
89352,58
89375,61
89398,80
89421,52
89444,82
89467,49
89490,61
89513,61
89536,61
89559,61
89581,61
89604,61
89627,61
89650,61
89673,61
89696,61
89719,61
89742,61
89765,61
89788,61
89811,61
89834,61
89857,61
89880,61
89903,61
89926,61
89949,61
89972,61
89995,61
90018,61
90041,61
90064,61
90087,61
90110,61
90133,61
90156,61
90179,62
90202,64
90225,64
90248,64
90271,64
90294,64
90317,65
90340,66
90363,66
90386,66
90409,66
90432,66
90455,66
90478,66
90501,66
90524,66
90547,81
90570,81
90593,66
90616,68
90639,69
90662,68
90685,68
90708,68
90731,68
90754,68
90777,68
90800,68
90823,56
90846,56
90869,68
90892,68
90915,68
90938,67
90961,66
90984,66
91007,66
91030,66
91053,66
91076,66
91099,66
91122,66
91145,66
91168,64
91191,54
91214,74
91237,56
91260,69
91283,67
91306,54
91329,68
91352,80
91375,42
91398,58
91421,59
91444,59
91467,59
91490,59
91513,60
91536,60
91559,61
91582,61
91605,61
91628,61
91651,61
91674,61
91697,61
91720,61
91743,61
91766,61
91789,61
91812,61
91835,61
91858,60
91881,61
91904,61
91927,61
91950,61
91973,62
91996,61
92019,61
92042,61
92065,61
92088,61
92111,62
92134,61
92157,61
92180,61
92203,61
92226,61
92249,60
92272,80
92295,-1
92318,-1
92341,-1
92364,-1
92387,-1
92410,-1
92433,-1
92456,-1
92479,-1
92502,-1
92525,-1
92548,-1
92571,-1
92594,-1
92617,-1
92640,-1
92663,-1
92686,-1
92709,-1
92732,-1
92755,-1
92778,-1
92801,-1
92824,-1
92847,-1
92870,-1
92893,-1
92916,-1
92939,-1
92961,-1
92984,-1
93007,-1
93030,-1
93053,-1
93076,-1
93099,-1
93122,-1
93145,-1
93168,-1
93191,-1
93214,-1
93237,-1
93260,61
93283,81
93306,68
93329,61
93352,51
93375,52
93398,61
93421,61
93444,-1
93467,-1
93490,-1
93513,-1
93536,-1
93559,-1
93582,44
93605,65
93628,65
93651,64
93674,64
93697,64
93720,64
93743,64
93766,64
93789,64
93812,61
93835,61
93858,61
93881,61
93904,61
93927,61
93950,61
93973,61
93996,61
94019,61
94042,61
94065,61
94088,61
94111,61
94134,61
94157,61
94180,61
94203,61
94226,61
94249,61
94272,61
94295,61
94318,61
94341,61
94364,61
94387,61
94410,61
94433,61
94456,61
94479,61
94502,61
94525,61
94548,61
94571,61
94594,61
94617,61
94640,58
94663,61
94686,61
94709,61
94732,61
94755,65
94778,65
94801,65
94824,64
94847,64
94870,64
94893,64
94916,63
94939,62
94962,61
94985,61
95008,61
95031,61
95054,61
95077,61
95100,60
95123,61
95146,62
95169,62
95192,61
95215,62
95238,62
95261,49
95284,62
95307,62
95330,64
95353,63
95376,62
95399,61
95422,61
95445,61
95468,61
95491,61
95514,60
95537,59
95560,59
95583,59
95606,59
95629,59
95652,59
95675,59
95698,59
95721,59
95744,59
95767,59
95790,59
95813,59
95836,59
95859,59
95882,60
95905,60
95928,61
95951,61
95974,61
95997,61
96020,61
96043,61
96066,61
96089,61
96112,61
96135,61
96158,61
96181,61
96204,61
96227,61
96250,61
96273,61
96296,62
96319,62
96341,63
96364,64
96387,64
96410,64
96433,64
96456,64
96479,64
96502,64
96525,64
96548,64
96571,64
96594,64
96617,64
96640,64
96663,64
96686,64
96709,64
96732,64
96755,64
96778,64
96801,64
96824,64
96847,64
96870,64
96893,64
96916,64
96939,64
96962,64
96985,64
97008,64
97031,64
97054,64
97077,64
97100,65
97123,54
97146,54
97169,54
97192,66
97215,66
97238,66
97261,66
97284,54
97307,54
97330,66
97353,66
97376,66
97399,66
97422,65
97445,65
97468,64
97491,63
97514,62
97537,61
97560,60
97583,84
97606,54
97629,54
97652,47
97675,66
97698,54
97721,66
97744,66
97767,52
97790,78
97813,47
97836,47
97859,65
97882,63
97905,62
97928,61
97951,54
97974,54
97997,54
98020,63
98043,64
98066,50
98089,66
98112,49
98135,84
98158,49
98181,70
98204,71
98227,71
98250,71
98273,71
98296,59
98319,59
98342,59
98365,59
98388,58
98411,47
98434,47
98457,54
98480,54
98503,69
98526,70
98549,71
98572,60
98595,56
98618,64
98641,52
98664,55
98687,83
98710,83
98733,83
98756,66
98779,66
98802,66
98825,69
98848,69
98871,69
98894,68
98917,69
98940,70
98963,59
98986,59
99009,66
99032,59
99055,59
99078,56
99101,56
99124,60
99147,59
99170,59
99193,52
99216,49
99239,69
99262,70
99285,59
99308,68
99331,71
99354,59
99377,68
99400,66
99423,59
99446,59
99469,59
99492,81
99515,52
99538,69
99561,69
99584,69
99607,68
99630,68
99653,69
99676,69
99699,70
99721,71
99744,68
99767,68
99790,71
99813,68
99836,69
99859,69
99882,70
99905,70
99928,70
99951,70
99974,73
99997,73
100020,73
100043,73
100066,69
100089,70
100112,49
100135,59
100158,49
100181,57
100204,69
100227,72
100250,72
100273,61
100296,64
100319,64
100342,64
100365,64
100388,64
100411,64
100434,64
100457,69
100480,52
100503,45
100526,45
100549,57
100572,64
100595,45
100618,45
100641,45
100664,70
100687,52
100710,71
100733,47
100756,59
100779,59
100802,47
100825,59
100848,48
100871,48
100894,59
100917,58
100940,58
100963,65
100986,71
101009,48
101032,47
101055,59
101078,47
101101,59
101124,48
101147,69
101170,68
101193,66
101216,66
101239,59
101262,66
101285,66
101308,66
101331,66
101354,65
101377,66
101400,59
101423,64
101446,64
101469,64
101492,59
101515,71
101538,68
101561,52
101584,77
101607,72
101630,73
101653,73
101676,73
101699,73
101722,73
101745,74
101768,74
101791,74
101814,74
101837,74
101860,74
101883,74
101906,74
101929,73
101952,72
101975,71
101998,71
102021,71
102044,71
102067,72
102090,73
102113,73
102136,73
102159,73
102182,73
102205,73
102228,73
102251,73
102274,73
102297,71
102320,72
102343,73
102366,73
102389,73
102412,72
102435,72
102458,73
102481,73
102504,73
102527,70
102550,69
102573,69
102596,68
102619,69
102642,69
102665,68
102688,81
102711,82
102734,82
102757,72
102780,74
102803,74
102826,74
102849,74
102872,74
102895,74
102918,74
102941,74
102964,74
102987,74
103010,74
103033,74
103056,74
103079,74
103101,73
103124,73
103147,72
103170,72
103193,71
103216,71
103239,71
103262,72
103285,73
103308,73
103331,73
103354,73
103377,73
103400,73
103423,61
103446,61
103469,61
103492,61
103515,72
103538,71
103561,70
103584,55
103607,64
103630,61
103653,72
103676,72
103699,84
103722,84
103745,72
103768,65
103791,66
103814,65
103837,56
103860,64
103883,60
103906,62
103929,57
103952,50
103975,50
103998,70
104021,71
104044,71
104067,71
104090,71
104113,71
104136,70
104159,71
104182,71
104205,71
104228,70
104251,70
104274,72
104297,71
104320,70
104343,81
104366,82
104389,53
104412,61
104435,61
104458,57
104481,57
104504,57
104527,61
104550,61
104573,61
104596,61
104619,61
104642,57
104665,70
104688,69
104711,57
104734,57
104757,69
104780,50
104803,58
104826,45
104849,69
104872,69
104895,62
104918,70
104941,56
104964,70
104987,69
105010,69
105033,74
105056,76
105079,58
105102,77
105125,57
105148,57
105171,59
105194,59
105217,59
105240,59
105263,59
105286,59
105309,59
105332,59
105355,59
105378,59
105401,59
105424,59
105447,59
105470,59
105493,59
105516,59
105539,59
105562,59
105585,59
105608,59
105631,47
105654,59
105677,59
105700,65
105723,70
105746,70
105769,69
105792,45
105815,56
105838,68
105861,55
105884,66
105907,66
105930,66
105953,66
105976,65
105999,65
106022,59
106045,59
106068,59
106091,64
106114,70
106137,78
106160,80
106183,78
106206,52
106229,78
106252,78
106275,77
106298,78
106321,59
106344,78
106367,79
106390,54
106413,78
106436,78
106459,59
106481,80
106504,78
106527,78
106550,64
106573,78
106596,65
106619,78
106642,78
106665,78
106688,64
106711,79
106734,79
106757,79
106780,79
106803,78
106826,79
106849,66
106872,82
106895,70
106918,79
106941,78
106964,64
106987,78
107010,64
107033,64
107056,64
107079,64
107102,60
107125,62
107148,63
107171,50
107194,62
107217,49
107240,60
107263,59
107286,51
107309,52
107332,52
107355,52
107378,49
107401,49
107424,63
107447,61
107470,61
107493,74
107516,43
107539,72
107562,72
107585,62
107608,61
107631,60
107654,59
107677,59
107700,64
107723,64
107746,64
107769,64
107792,64
107815,64
107838,64
107861,64
107884,64
107907,64
107930,63
107953,62
107976,63
107999,56
108022,76
108045,64
108068,75
108091,61
108114,61
108137,49
108160,61
108183,45
108206,60
108229,45
108252,74
108275,73
108298,73
108321,74
108344,62
108367,62
108390,62
108413,59
108436,62
108459,50
108482,50
108505,50
108528,51
108551,49
108574,49
108597,49
108620,49
108643,61
108666,61
108689,56
108712,73
108735,82
108758,61
108781,61
108804,62
108827,63
108850,48
108873,47
108896,80
108919,50
108942,50
108965,80
108988,80
109011,79
109034,79
109057,57
109080,57
109103,57
109126,57
109149,42
109172,61
109195,52
109218,57
109241,57
109264,57
109287,57
109310,57
109333,57
109356,57
109379,56
109402,80
109425,80
109448,57
109471,79
109494,80
109517,61
109540,79
109563,79
109586,62
109609,62
109632,54
109655,57
109678,54
109701,54
109724,55
109747,64
109770,56
109793,64
109816,56
109839,56
109861,52
109884,52
109907,52
109930,52
109953,52
109976,49
109999,56
110022,56
110045,52
110068,49
110091,52
110114,56
110137,52
110160,49
110183,56
110206,56
110229,56
110252,56
110275,56
110298,56
110321,52
110344,52
110367,56
110390,76
110413,56
110436,64
110459,80
110482,79
110505,47
110528,52
110551,52
110574,77
110597,64
110620,64
110643,64
110666,63
110689,63
110712,64
110735,52
110758,64
110781,49
110804,49
110827,45
110850,52
110873,52
110896,76
110919,42
110942,49
110965,64
110988,63
111011,45
111034,64
111057,65
111080,64
111103,52
111126,49
111149,52
111172,64
111195,64
111218,64
111241,63
111264,56
111287,55
111310,49
111333,77
111356,77
111379,64
111402,64
111425,64
111448,64
111471,64
111494,64
111517,64
111540,64
111563,56
111586,64
111609,63
111632,64
111655,56
111678,56
111701,64
111724,49
111747,49
111770,52
111793,58
111816,58
111839,60
111862,62
111885,50
111908,79
111931,50
111954,51
111977,60
112000,60
112023,52
112046,52
112069,52
112092,52
112115,52
112138,61
112161,60
112184,60
112207,60
112230,50
112253,50
112276,50
112299,80
112322,50
112345,50
112368,50
112391,50
112414,60
112437,64
112460,64
112483,64
112506,64
112529,64
112552,64
112575,64
112598,64
112621,64
112644,64
112667,64
112690,63
112713,64
112736,64
112759,64
112782,61
112805,60
112828,57
112851,82
112874,50
112897,66
112920,50
112943,64
112966,64
112989,63
113012,44
113035,50
113058,62
113081,63
113104,60
113127,52
113150,52
113173,49
113196,69
113219,69
113241,52
113264,52
113287,52
113310,61
113333,61
113356,62
113379,62
113402,62
113425,62
113448,62
113471,62
113494,61
113517,60
113540,52
113563,69
113586,79
113609,45
113632,69
113655,50
113678,63
113701,60
113724,57
113747,41
113770,61
113793,61
113816,61
113839,61
113862,61
113885,61
113908,61
113931,61
113954,61
113977,60
114000,57
114023,43
114046,59
114069,59
114092,64
114115,76
114138,77
114161,78
114184,54
114207,57
114230,69
114253,47
114276,82
114299,56
114322,56
114345,56
114368,49
114391,52
114414,52
114437,52
114460,56
114483,52
114506,52
114529,40
114552,56
114575,56
114598,59
114621,59
114644,52
114667,56
114690,56
114713,56
114736,52
114759,78
114782,78
114805,78
114828,78
114851,78
114874,56
114897,52
114920,52
114943,52
114966,78
114989,78
115012,77
115035,64
115058,56
115081,56
115104,56
115127,56
115150,56
115173,56
115196,75
115219,75
115242,56
115265,56
115288,56
115311,56
115334,52
115357,56
115380,69
115403,56
115426,44
115449,56
115472,76
115495,63
115518,45
115541,63
115564,55
115587,76
115610,63
115633,56
115656,76
115679,59
115702,76
115725,76
115748,64
115771,63
115794,56
115817,56
115840,63
115863,56
115886,76
115909,56
115932,56
115955,56
115978,47
116001,63
116024,56
116047,56
116070,56
116093,56
116116,76
116139,78
116162,68
116185,60
116208,80
116231,66
116254,56
116277,78
116300,69
116323,68
116346,68
116369,78
116392,52
116415,66
116438,68
116461,56
116484,56
116507,56
116530,56
116553,49
116576,68
116599,67
116621,78
116644,78
116667,57
116690,56
116713,67
116736,67
116759,68
116782,56
116805,82
116828,82
116851,49
116874,82
116897,55
116920,52
116943,52
116966,68
116989,69
117012,67
117035,66
117058,66
117081,69
117104,81
117127,69
117150,69
117173,81
117196,82
117219,82
117242,82
117265,69
117288,82
117311,69
117334,67
117357,70
117380,70
117403,69
117426,69
117449,70
117472,69
117495,69
117518,67
117541,67
117564,54
117587,54
117610,55
117633,67
117656,52
117679,52
117702,52
117725,52
117748,49
117771,49
117794,49
117817,81
117840,68
117863,71
117886,68
117909,68
117932,80
117955,52
117978,52
118001,49
118024,49
118047,56
118070,50
118093,52
118116,52
118139,52
118162,82
118185,68
118208,56
118231,56
118254,52
118277,68
118300,68
118323,68
118346,66
118369,64
118392,81
118415,52
118438,56
118461,66
118484,66
118507,66
118530,65
118553,50
118576,67
118599,69
118622,69
118645,68
118668,68
118691,53
118714,61
118737,49
118760,84
118783,49
118806,49
118829,57
118852,57
118875,54
118898,59
118921,66
118944,66
118967,68
118990,68
119013,67
119036,68
119059,69
119082,81
119105,81
119128,56
119151,56
119174,56
119197,52
119220,52
119243,54
119266,54
119289,54
119312,57
119335,57
119358,54
119381,54
119404,54
119427,54
119450,54
119473,54
119496,66
119519,47
119542,66
119565,54
119588,54
119611,54
119634,54
119657,65
119680,63
119703,50
119726,50
119749,61
119772,61
119795,61
119818,57
119841,57
119864,47
119887,66
119910,54
119933,54
119956,65
119979,84
120001,57
120024,57
120047,54
120070,70
120093,54
120116,57
120139,61
120162,57
120185,68
120208,57
120231,80
120254,80
120277,57
120300,54
120323,52
120346,82
120369,82
120392,49
120415,49
120438,68
120461,52
120484,59
120507,82
120530,82
120553,68
120576,69
120599,71
120622,71
120645,58
120668,81
120691,71
120714,71
120737,66
120760,68
120783,66
120806,50
120829,69
120852,69
120875,69
120898,69
120921,69
120944,69
120967,81
120990,61
121013,49
121036,84
121059,61
121082,57
121105,69
121128,62
121151,68
121174,57
121197,84
121220,61
121243,69
121266,69
121289,69
121312,68
121335,50
121358,81
121381,46
121404,56
121427,56
121450,56
121473,56
121496,67
121519,66
121542,66
121565,54
121588,54
121611,42
121634,66
121657,66
121680,66
121703,66
121726,66
121749,55
121772,66
121795,66
121818,54
121841,54
121864,54
121887,66
121910,65
121933,51
121956,58
121979,70
122002,47
122025,83
122048,49
122071,66
122094,47
122117,47
122140,54
122163,83
122186,54
122209,66
122232,66
122255,66
122278,66
122301,65
122324,64
122347,-1
122370,-1
122393,-1
122416,66
122439,66
122462,-1
122485,74
122508,66
122531,66
122554,47
122577,47
122600,67
122623,68
122646,67
122669,62
122692,57
122715,58
122738,68
122761,66
122784,66
122807,66
122830,66
122853,61
122876,66
122899,54
122922,66
122945,66
122968,54
122991,54
123014,54
123037,54
123060,64
123083,45
123106,61
123129,61
123152,47
123175,62
123198,50
123221,69
123244,70
123267,70
123290,57
123313,57
123336,62
123359,62
123381,62
123404,62
123427,62
123450,57
123473,62
123496,62
123519,57
123542,57
123565,57
123588,57
123611,57
123634,61
123657,61
123680,60
123703,67
123726,80
123749,79
123772,59
123795,54
123818,66
123841,66
123864,83
123887,69
123910,81
123933,81
123956,80
123979,67
124002,67
124025,54
124048,77
124071,56
124094,68
124117,69
124140,69
124163,67
124186,66
124209,78
124232,68
124255,68
124278,67
124301,61
124324,79
124347,57
124370,84
124393,68
124416,69
124439,57
124462,57
124485,57
124508,69
124531,69
124554,69
124577,69
124600,69
124623,69
124646,69
124669,57
124692,69
124715,68
124738,56
124761,55
124784,59
124807,58
124830,58
124853,69
124876,81
124899,54
124922,66
124945,66
124968,68
124991,66
125014,68
125037,63
125060,61
125083,69
125106,68
125129,69
125152,66
125175,66
125198,66
125221,66
125244,67
125267,66
125290,66
125313,66
125336,53
125359,69
125382,81
125405,68
125428,69
125451,69
125474,69
125497,63
125520,65
125543,54
125566,54
125589,54
125612,55
125635,67
125658,56
125681,56
125704,56
125727,80
125750,80
125773,80
125796,68
125819,68
125842,79
125865,80
125888,68
125911,69
125934,49
125957,56
125980,56
126003,68
126026,52
126049,56
126072,56
126095,56
126118,56
126141,56
126164,68
126187,68
126210,80
126233,68
126256,68
126279,69
126302,69
126325,69
126348,69
126371,69
126394,69
126417,69
126440,69
126463,69
126486,69
126509,69
126532,69
126555,69
126578,69
126601,69
126624,70
126647,69
126670,57
126693,57
126716,57
126739,57
126761,70
126784,71
126807,71
126830,71
126853,55
126876,84
126899,83
126922,52
126945,52
126968,55
126991,55
127014,71
127037,71
127060,70
127083,71
127106,71
127129,70
127152,71
127175,71
127198,71
127221,71
127244,83
127267,71
127290,71
127313,-1
127336,71
127359,72
127382,81
127405,45
127428,67
127451,68
127474,52
127497,63
127520,62
127543,64
127566,45
127589,64
127612,63
127635,60
127658,59
127681,58
127704,83
127727,63
127750,64
127773,66
127796,68
127819,67
127842,66
127865,50
127888,54
127911,56
127934,59
127957,56
127980,56
128003,56
128026,56
128049,56
128072,68
128095,56
128118,68
128141,56
128164,56
128187,68
128210,56
128233,56
128256,56
128279,56
128302,56
128325,40
128348,68
128371,56
128394,68
128417,68
128440,68
128463,68
128486,56
128509,56
128532,59
128555,56
128578,68
128601,56
128624,68
128647,56
128670,56
128693,59
128716,68
128739,68
128762,68
128785,59
128808,56
128831,68
128854,49
128877,59
128900,56
128923,56
128946,56
128969,69
128992,56
129015,56
129038,59
129061,59
129084,56
129107,56
129130,56
129153,56
129176,56
129199,56
129222,68
129245,59
129268,59
129291,59
129314,71
129337,72
129360,73
129383,73
129406,72
129429,74
129452,74
129475,74
129498,74
129521,74
129544,75
129567,75
129590,74
129613,74
129636,73
129659,74
129682,73
129705,72
129728,71
129751,69
129774,68
129797,57
129820,57
129843,68
129866,70
129889,69
129912,70
129935,59
129958,59
129981,69
130004,69
130027,70
130050,70
130073,68
130096,67
130119,57
130141,57
130164,57
130187,57
130210,57
130233,57
130256,57
130279,57
130302,57
130325,57
130348,54
130371,54
130394,57
130417,57
130440,57
130463,57
130486,57
130509,54
130532,54
130555,57
130578,57
130601,57
130624,57
130647,57
130670,57
130693,57
130716,54
130739,57
130762,57
130785,57
130808,57
130831,66
130854,54
130877,54
130900,66
130923,66
130946,57
130969,57
130992,57
131015,57
131038,57
131061,57
131084,57
131107,57
131130,57
131153,57
131176,57
131199,57
131222,57
131245,57
131268,57
131291,57
131314,57
131337,57
131360,57
131383,57
131406,57
131429,57
131452,57
131475,57
131498,57
131521,57
131544,57
131567,63
131590,75
131613,66
131636,66
131659,66
131682,66
131705,67
131728,67
131751,57
131774,57
131797,58
131820,47
131843,66
131866,57
131889,57
131912,57
131935,57
131958,70
131981,66
132004,50
132027,78
132050,66
132073,67
132096,54
132119,66
132142,54
132165,66
132188,66
132211,66
132234,47
132257,54
132280,66
132303,54
132326,61
132349,73
132372,61
132395,49
132418,61
132441,57
132464,57
132487,57
132510,57
132533,57
132556,57
132579,57
132602,56
132625,56
132648,68
132671,55
132694,54
132717,47
132740,66
132763,77
132786,66
132809,57
132832,57
132855,69
132878,69
132901,69
132924,66
132947,66
132970,66
132993,66
133016,57
133039,50
133062,67
133085,68
133108,67
133131,54
133154,50
133177,66
133200,57
133223,69
133246,50
133269,57
133292,57
133315,66
133338,66
133361,77
133384,78
133407,66
133430,66
133453,70
133476,68
133499,69
133521,57
133544,57
133567,57
133590,57
133613,61
133636,61
133659,61
133682,44
133705,67
133728,66
133751,47
133774,66
133797,66
133820,54
133843,68
133866,69
133889,67
133912,78
133935,78
133958,79
133981,79
134004,79
134027,79
134050,79
134073,63
134096,80
134119,54
134142,78
134165,79
134188,78
134211,79
134234,80
134257,80
134280,80
134303,80
134326,50
134349,79
134372,80
134395,57
134418,63
134441,64
134464,76
134487,64
134510,64
134533,64
134556,62
134579,64
134602,64
134625,65
134648,54
134671,78
134694,54
134717,50
134740,56
134763,56
134786,56
134809,56
134832,56
134855,80
134878,68
134901,67
134924,68
134947,67
134970,78
134993,66
135016,59
135039,67
135062,56
135085,69
135108,56
135131,56
135154,80
135177,79
135200,56
135223,56
135246,56
135269,56
135292,49
135315,68
135338,68
135361,68
135384,57
135407,57
135430,57
135453,57
135476,57
135499,57
135522,57
135545,54
135568,54
135591,79
135614,54
135637,52
135660,47
135683,68
135706,49
135729,69
135752,74
135775,69
135798,69
135821,57
135844,57
135867,69
135890,83
135913,52
135936,52
135959,59
135982,59
136005,59
136028,52
136051,59
136074,71
136097,72
136120,71
136143,71
136166,52
136189,50
136212,82
136235,82
136258,70
136281,71
136304,71
136327,71
136350,82
136373,71
136396,71
136419,71
136442,71
136465,71
136488,52
136511,56
136534,43
136557,56
136580,57
136603,64
136626,64
136649,69
136672,69
136695,47
136718,55
136741,83
136764,66
136787,65
136810,64
136833,57
136856,56
136879,68
136901,66
136924,70
136947,57
136970,57
136993,57
137016,55
137039,68
137062,56
137085,68
137108,56
137131,56
137154,56
137177,68
137200,59
137223,68
137246,59
137269,59
137292,68
137315,59
137338,59
137361,59
137384,59
137407,59
137430,59
137453,59
137476,59
137499,68
137522,56
137545,59
137568,68
137591,59
137614,59
137637,59
137660,68
137683,56
137706,40
137729,40
137752,68
137775,56
137798,56
137821,59
137844,59
137867,59
137890,40
137913,56
137936,56
137959,69
137982,68
138005,59
138028,59
138051,69
138074,40
138097,56
138120,56
138143,56
138166,56
138189,56
138212,56
138235,56
138258,56
138281,56
138304,56
138327,56
138350,56
138373,68
138396,69
138419,73
138442,72
138465,73
138488,73
138511,73
138534,73
138557,74
138580,74
138603,75
138626,75
138649,75
138672,75
138695,75
138718,75
138741,75
138764,74
138787,73
138810,71
138833,72
138856,45
138879,57
138902,57
138925,57
138948,68
138971,59
138994,69
139017,69
139040,69
139063,69
139086,40
139109,40
139132,69
139155,68
139178,68
139201,66
139224,66
139247,66
139270,66
139293,66
139316,66
139339,66
139362,54
139385,54
139408,66
139431,66
139454,54
139477,66
139500,54
139523,54
139546,54
139569,66
139592,66
139615,66
139638,66
139661,54
139684,54
139707,54
139730,54
139753,66
139776,54
139799,66
139822,54
139845,54
139868,66
139891,54
139914,54
139937,66
139960,66
139983,57
140006,66
140029,66
140052,65
140075,54
140098,57
140121,57
140144,50
140167,66
140190,66
140213,57
140236,57
140259,57
140281,66
140304,57
140327,54
140350,57
140373,66
140396,66
140419,79
140442,54
140465,57
140488,50
140511,54
140534,66
140557,66
140580,66
140603,77
140626,54
140649,54
140672,50
140695,81
140718,64
140741,64
140764,64
140787,76
140810,65
140833,66
140856,66
140879,54
140902,66
140925,66
140948,66
140971,66
140994,66
141017,66
141040,66
141063,54
141086,54
141109,54
141132,54
141155,54
141178,54
141201,54
141224,54
141247,65
141270,64
141293,64
141316,64
141339,63
141362,59
141385,73
141408,77
141431,79
141454,77
141477,78
141500,64
141523,65
141546,65
141569,66
141592,66
141615,66
141638,66
141661,66
141684,66
141707,66
141730,66
141753,66
141776,66
141799,66
141822,66
141845,65
141868,65
141891,72
141914,71
141937,71
141960,57
141983,57
142006,50
142029,50
142052,50
142075,50
142098,50
142121,58
142144,47
142167,54
142190,66
142213,47
142236,49
142259,50
142282,62
142305,62
142328,62
142351,62
142374,50
142397,50
142420,50
142443,50
142466,50
142489,49
142512,50
142535,50
142558,50
142581,62
142604,61
142627,63
142650,50
142673,61
142696,75
142719,50
142742,75
142765,75
142788,75
142811,50
142834,50
142857,50
142880,50
142903,60
142926,60
142949,61
142972,62
142995,62
143018,62
143041,62
143064,62
143087,62
143110,62
143133,62
143156,74
143179,74
143202,74
143225,63
143248,62
143271,62
143294,62
143317,62
143340,62
143363,60
143386,60
143409,59
143432,59
143455,59
143478,59
143501,59
143524,59
143547,57
143570,57
143593,57
143616,57
143639,57
143661,57
143684,56
143707,56
143730,56
143753,57
143776,56
143799,56
143822,56
143845,56
143868,56
143891,56
143914,56
143937,56
143960,56
143983,56
144006,56
144029,56
144052,56
144075,56
144098,56
144121,56
144144,56
144167,56
144190,56
144213,56
144236,56
144259,56
144282,56
144305,56
144328,56
144351,56
144374,56
144397,56
144420,56
144443,56
144466,56
144489,68
144512,56
144535,56
144558,56
144581,68
144604,68
144627,56
144650,56
144673,56
144696,68
144719,68
144742,68
144765,68
144788,56
144811,56
144834,68
144857,56
144880,56
144903,68
144926,68
144949,68
144972,56
144995,68
145018,-1
145041,-1
145064,-1
145087,-1
145110,-1
145133,-1
145156,-1
145179,-1
145202,-1
145225,-1
145248,-1
145271,-1
145294,-1
145317,-1
145340,-1
145363,-1
145386,-1
145409,-1
145432,-1
145455,-1
145478,-1
145501,-1
145524,-1
145547,-1
145570,-1
145593,65
145616,64
145639,65
145662,53
145685,57
145708,57
145731,57
145754,45
145777,64
145800,64
145823,50
145846,59
145869,57
145892,82
145915,65
145938,78
145961,78
145984,71
146007,61
146030,70
146053,57
146076,62
146099,62
146122,62
146145,58
146168,71
146191,83
146214,64
146237,52
146260,64
146283,64
146306,71
146329,71
146352,71
146375,64
146398,64
146421,83
146444,64
146467,64
146490,64
146513,64
146536,64
146559,64
146582,64
146605,64
146628,64
146651,64
146674,83
146697,64
146720,64
146743,64
146766,64
146789,64
146812,64
146835,64
146858,52
146881,52
146904,64
146927,64
146950,64
146973,64
146996,64
147019,71
147041,83
147064,64
147087,64
147110,64
147133,64
147156,64
147179,71
147202,71
147225,64
147248,70
147271,71
147294,71
147317,64
147340,52
147363,71
147386,71
147409,52
147432,52
147455,52
147478,52
147501,52
147524,69
147547,72
147570,52
147593,52
147616,52
147639,71
147662,71
147685,71
147708,52
147731,52
147754,71
147777,64
147800,64
147823,52
147846,64
147869,52
147892,52
147915,72
147938,52
147961,52
147984,64
148007,72
148030,73
148053,73
148076,73
148099,72
148122,47
148145,65
148168,64
148191,60
148214,59
148237,65
148260,65
148283,57
148306,57
148329,50
148352,81
148375,81
148398,81
148421,57
148444,81
148467,69
148490,57
148513,57
148536,57
148559,57
148582,57
148605,57
148628,57
148651,57
148674,68
148697,67
148720,47
148743,83
148766,83
148789,64
148812,65
148835,53
148858,66
148881,54
148904,54
148927,66
148950,66
148973,54
148996,54
149019,54
149042,54
149065,54
149088,56
149111,64
149134,82
149157,62
149180,61
149203,59
149226,80
149249,81
149272,78
149295,62
149318,57
149341,65
149364,66
149387,83
149410,66
149433,54
149456,84
149479,65
149502,66
149525,54
149548,79
149571,66
149594,54
149617,79
149640,84
149663,47
149686,83
149709,61
149732,54
149755,66
149778,66
149801,79
149824,68
149847,67
149870,67
149893,67
149916,68
149939,69
149962,69
149985,69
150008,69
150031,69
150054,69
150077,69
150100,69
150123,69
150146,69
150169,69
150192,70
150215,69
150238,69
150261,69
150284,69
150307,69
150330,69
150353,69
150376,69
150399,69
150421,69
150444,69
150467,69
150490,69
150513,69
150536,69
150559,69
150582,70
150605,69
150628,68
150651,68
150674,68
150697,68
150720,69
150743,69
150766,69
150789,69
150812,69
150835,69
150858,69
150881,69
150904,69
150927,69
150950,69
150973,69
150996,69
151019,68
151042,68
151065,67
151088,67
151111,67
151134,66
151157,67
151180,67
151203,67
151226,69
151249,69
151272,81
151295,81
151318,69
151341,69
151364,66
151387,66
151410,66
151433,66
151456,66
151479,66
151502,66
151525,66
151548,66
151571,67
151594,69
151617,79
151640,57
151663,80
151686,79
151709,62
151732,62
151755,61
151778,61
151801,61
151824,61
151847,62
151870,62
151893,62
151916,62
151939,62
151962,62
151985,62
152008,62
152031,62
152054,62
152077,62
152100,62
152123,62
152146,61
152169,61
152192,61
152215,61
152238,61
152261,61
152284,61
152307,61
152330,61
152353,61
152376,61
152399,61
152422,61
152445,61
152468,63
152491,63
152514,62
152537,61
152560,61
152583,61
152606,61
152629,60
152652,59
152675,59
152698,59
152721,59
152744,59
152767,59
152790,59
152813,59
152836,59
152859,59
152882,59
152905,59
152928,59
152951,59
152974,59
152997,59
153020,59
153043,59
153066,59
153089,59
153112,59
153135,59
153158,59
153181,59
153204,59
153227,59
153250,59
153273,59
153296,59
153319,59
153342,59
153365,59
153388,59
153411,59
153434,59
153457,59
153480,59
153503,59
153526,59
153549,58
153572,55
153595,59
153618,59
153641,56
153664,57
153687,57
153710,57
153733,56
153756,58
153779,58
153801,58
153824,57
153847,57
153870,58
153893,57
153916,57
153939,57
153962,57
153985,57
154008,59
154031,59
154054,59
154077,59
154100,59
154123,60
154146,60
154169,61
154192,61
154215,61
154238,61
154261,61
154284,61
154307,61
154330,61
154353,61
154376,61
154399,61
154422,61
154445,61
154468,60
154491,60
154514,60
154537,60
154560,59
154583,59
154606,61
154629,47
154652,58
154675,61
154698,61
154721,61
154744,61
154767,60
154790,61
154813,60
154836,67
154859,60
154882,60
154905,60
154928,60
154951,59
154974,57
154997,57
155020,57
155043,57
155066,57
155089,57
155112,56
155135,55
155158,56
155181,57
155204,57
155227,57
155250,57
155273,57
155296,57
155319,57
155342,57
155365,57
155388,57
155411,57
155434,57
155457,57
155480,57
155503,57
155526,57
155549,57
155572,57
155595,57
155618,57
155641,57
155664,57
155687,57
155710,57
155733,57
155756,57
155779,57
155802,57
155825,57
155848,57
155871,57
155894,57
155917,57
155940,57
155963,57
155986,57
156009,57
156032,57
156055,57
156078,57
156101,57
156124,58
156147,57
156170,57
156193,57
156216,57
156239,57
156262,57
156285,57
156308,58
156331,57
156354,57
156377,57
156400,57
156423,57
156446,56
156469,57
156492,57
156515,57
156538,57
156561,57
156584,57
156607,57
156630,57
156653,57
156676,57
156699,57
156722,57
156745,57
156768,57
156791,57
156814,57
156837,57
156860,57
156883,57
156906,57
156929,57
156952,57
156975,57
156998,57
157021,57
157044,57
157067,57
157090,57
157113,57
157136,57
157159,57
157181,57
157204,57
157227,56
157250,57
157273,56
157296,57
157319,57
157342,57
157365,57
157388,57
157411,57
157434,57
157457,57
157480,57
157503,57
157526,57
157549,57
157572,57
157595,57
157618,57
157641,57
157664,57
157687,57
157710,57
157733,57
157756,57
157779,56
157802,57
157825,57
157848,57
157871,57
157894,82
157917,82
157940,69
157963,68
157986,82
158009,82
158032,81
158055,81
158078,81
158101,69
158124,82
158147,68
158170,-1
158193,69
158216,81
158239,69
158262,-1
158285,-1
158308,-1
158331,-1
158354,-1
158377,-1
158400,-1
158423,-1
158446,-1
158469,57
158492,-1
158515,-1
158538,-1
158561,58
158584,59
158607,59
158630,59
158653,60
158676,61
158699,61
158722,61
158745,61
158768,61
158791,61
158814,61
158837,61
158860,59
158883,60
158906,59
158929,59
158952,60
158975,59
158998,59
159021,59
159044,59
159067,59
159090,58
159113,58
159136,58
159159,57
159182,57
159205,57
159228,56
159251,57
159274,56
159297,56
159320,56
159343,55
159366,76
159389,79
159412,79
159435,76
159458,80
159481,80
159504,80
159527,76
159550,67
159573,56
159596,57
159619,57
159642,57
159665,57
159688,57
159711,57
159734,57
159757,57
159780,57
159803,56
159826,56
159849,56
159872,56
159895,56
159918,56
159941,56
159964,56
159987,57
160010,57
160033,57
160056,57
160079,57
160102,56
160125,56
160148,56
160171,56
160194,56
160217,56
160240,56
160263,56
160286,56
160309,56
160332,56
160355,56
160378,56
160401,56
160424,56
160447,56
160470,56
160493,56
160516,56
160539,56
160561,56
160584,56
160607,56
160630,56
160653,56
160676,56
160699,56
160722,56
160745,56
160768,56
160791,56
160814,56
160837,56
160860,57
160883,56
160906,56
160929,56
160952,56
160975,56
160998,56
161021,56
161044,56
161067,56
161090,56
161113,56
161136,56
161159,56
161182,56
161205,56
161228,-1
161251,-1
161274,-1
161297,-1
161320,-1
161343,-1
161366,-1
161389,-1
161412,-1
161435,-1
161458,-1
161481,-1
161504,-1
161527,-1
161550,-1
161573,-1
161596,-1
161619,-1
161642,-1
161665,-1
161688,-1
161711,-1
161734,-1
161757,-1
161780,-1
161803,-1
161826,-1
161849,-1
161872,-1
161895,-1
161918,-1
161941,-1
161964,-1
161987,-1
162010,-1
162033,-1
162056,-1
162079,-1
162102,-1
162125,-1
162148,-1
162171,-1
162194,-1
162217,-1
162240,-1
162263,-1
162286,-1
162309,-1
162332,-1
162355,-1
162378,-1
162401,-1
162424,-1
162447,-1
162470,-1
162493,-1
162516,-1
162539,-1
162562,-1
162585,-1
162608,-1
162631,-1
162654,-1
162677,-1
162700,-1
162723,-1
162746,-1
162769,-1
162792,-1
162815,-1
162838,-1
162861,-1
162884,-1
162907,-1
162930,-1
162953,-1
162976,-1
162999,-1
163022,-1
163045,-1
163068,-1
163091,-1
163114,67
163137,67
163160,67
163183,67
163206,67
163229,67
163252,68
163275,68
163298,69
163321,69
163344,69
163367,69
163390,69
163413,68
163436,68
163459,69
163482,69
163505,70
163528,69
163551,69
163574,69
163597,69
163620,68
163643,68
163666,69
163689,69
163712,69
163735,69
163758,68
163781,68
163804,69
163827,69
163850,69
163873,69
163896,69
163919,81
163941,68
163964,69
163987,68
164010,69
164033,69
164056,69
164079,71
164102,71
164125,71
164148,71
164171,71
164194,70
164217,70
164240,70
164263,70
164286,69
164309,69
164332,69
164355,69
164378,69
164401,70
164424,71
164447,71
164470,71
164493,71
164516,71
164539,71
164562,71
164585,71
164608,70
164631,69
164654,69
164677,69
164700,69
164723,69
164746,69
164769,69
164792,69
164815,69
164838,69
164861,69
164884,70
164907,69
164930,69
164953,69
164976,69
164999,68
165022,69
165045,69
165068,69
165091,70
165114,69
165137,69
165160,69
165183,69
165206,69
165229,69
165252,69
165275,70
165298,70
165321,69
165344,69
165367,68
165390,68
165413,69
165436,69
165459,70
165482,70
165505,70
165528,69
165551,69
165574,69
165597,69
165620,69
165643,69
165666,70
165689,70
165712,69
165735,69
165758,69
165781,69
165804,69
165827,69
165850,70
165873,69
165896,69
165919,69
165942,69
165965,69
165988,69
166011,69
166034,69
166057,69
166080,69
166103,69
166126,68
166149,68
166172,68
166195,68
166218,69
166241,68
166264,66
166287,66
166310,66
166333,67
166356,68
166379,-1
166402,-1
166425,69
166448,-1
166471,-1
166494,-1
166517,-1
166540,-1
166563,-1
166586,-1
166609,-1
166632,-1
166655,-1
166678,-1
166701,-1
166724,-1
166747,-1
166770,62
166793,-1
166816,69
166839,81
166862,81
166885,62
166908,62
166931,68
166954,62
166977,50
167000,81
167023,69
167046,69
167069,68
167092,69
167115,68
167138,69
167161,69
167184,80
167207,82
167230,80
167253,80
167276,80
167299,69
167321,68
167344,69
167367,81
167390,69
167413,69
167436,69
167459,69
167482,69
167505,68
167528,56
167551,57
167574,46
167597,57
167620,58
167643,72
167666,74
167689,77
167712,59
167735,59
167758,59
167781,60
167804,61
167827,61
167850,61
167873,61
167896,57
167919,61
167942,61
167965,49
167988,72
168011,67
168034,68
168057,68
168080,69
168103,69
168126,68
168149,68
168172,68
168195,68
168218,68
168241,68
168264,68
168287,68
168310,80
168333,81
168356,70
168379,69
168402,69
168425,68
168448,68
168471,68
168494,68
168517,81
168540,81
168563,60
168586,69
168609,81
168632,79
168655,56
168678,68
168701,68
168724,69
168747,69
168770,69
168793,69
168816,69
168839,68
168862,68
168885,45
168908,68
168931,67
168954,67
168977,67
169000,67
169023,67
169046,67
169069,67
169092,68
169115,68
169138,68
169161,67
169184,67
169207,68
169230,67
169253,66
169276,66
169299,68
169322,68
169345,68
169368,67
169391,67
169414,67
169437,67
169460,68
169483,68
169506,67
169529,67
169552,67
169575,66
169598,67
169621,67
169644,68
169667,68
169690,68
169713,68
169736,67
169759,67
169782,67
169805,68
169828,68
169851,68
169874,67
169897,67
169920,66
169943,65
169966,65
169989,65
170012,65
170035,45
170058,45
170081,66
170104,66
170127,65
170150,65
170173,66
170196,66
170219,67
170242,45
170265,44
170288,66
170311,66
170334,66
170357,66
170380,66
170403,45
170426,44
170449,67
170472,67
170495,65
170518,66
170541,66
170564,66
170587,45
170610,67
170633,67
170656,67
170679,68
170701,68
170724,67
170747,67
170770,67
170793,67
170816,66
170839,66
170862,80
170885,80
170908,80
170931,80
170954,80
170977,80
171000,80
171023,79
171046,59
171069,79
171092,79
171115,79
171138,79
171161,79
171184,80
171207,80
171230,81
171253,67
171276,67
171299,67
171322,67
171345,67
171368,67
171391,68
171414,67
171437,67
171460,81
171483,70
171506,71
171529,71
171552,71
171575,71
171598,72
171621,73
171644,73
171667,73
171690,73
171713,73
171736,73
171759,73
171782,73
171805,73
171828,73
171851,73
171874,74
171897,74
171920,74
171943,74
171966,74
171989,74
172012,74
172035,74
172058,73
172081,72
172104,72
172127,73
172150,55
172173,73
172196,73
172219,73
172242,74
172265,76
172288,75
172311,74
172334,74
172357,74
172380,74
172403,75
172426,76
172449,76
172472,76
172495,76
172518,76
172541,76
172564,76
172587,76
172610,76
172633,76
172656,76
172679,76
172702,76
172725,76
172748,76
172771,76
172794,76
172817,76
172840,76
172863,76
172886,76
172909,75
172932,74
172955,54
172978,54
173001,73
173024,54
173047,57
173070,73
173093,73
173116,74
173139,73
173162,84
173185,73
173208,74
173231,54
173254,73
173277,74
173300,74
173323,74
173346,57
173369,54
173392,74
173415,75
173438,75
173461,74
173484,74
173507,74
173530,74
173553,75
173576,76
173599,76
173622,76
173645,76
173668,76
173691,76
173714,76
173737,76
173760,76
173783,76
173806,76
173829,76
173852,76
173875,76
173898,76
173921,76
173944,76
173967,76
173990,76
174013,76
174036,75
174059,75
174081,55
174104,54
174127,73
174150,57
174173,57
174196,57
174219,73
174242,74
174265,74
174288,73
174311,73
174334,54
174357,61
174380,60
174403,75
174426,54
174449,75
174472,76
174495,57
174518,75
174541,57
174564,76
174587,75
174610,76
174633,61
174656,61
174679,63
174702,64
174725,64
174748,60
174771,60
174794,60
174817,60
174840,64
174863,76
174886,76
174909,76
174932,69
174955,69
174978,69
175001,69
175024,50
175047,50
175070,69
175093,62
175116,50
175139,50
175162,50
175185,50
175208,62
175231,62
175254,62
175277,62
175300,62
175323,62
175346,62
175369,62
175392,52
175415,63
175438,64
175461,64
175484,64
175507,52
175530,64
175553,64
175576,52
175599,63
175622,76
175645,57
175668,57
175691,57
175714,57
175737,61
175760,61
175783,61
175806,45
175829,61
175852,69
175875,69
175898,69
175921,69
175944,76
175967,61
175990,61
176013,61
176036,61
176059,61
176082,61
176105,61
176128,61
176151,61
176174,77
176197,61
176220,61
176243,61
176266,61
176289,61
176312,61
176335,61
176358,61
176381,61
176404,61
176427,61
176450,61
176473,61
176496,61
176519,61
176542,61
176565,61
176588,61
176611,61
176634,61
176657,61
176680,61
176703,61
176726,61
176749,61
176772,61
176795,61
176818,61
176841,61
176864,61
176887,61
176910,61
176933,61
176956,61
176979,61
177002,61
177025,61
177048,61
177071,61
177094,61
177117,61
177140,61
177163,61
177186,61
177209,61
177232,49
177255,62
177278,62
177301,62
177324,61
177347,62
177370,62
177393,62
177416,62
177439,62
177461,62
177484,62
177507,62
177530,62
177553,62
177576,62
177599,62
177622,62
177645,62
177668,62
177691,62
177714,62
177737,63
177760,45
177783,52
177806,64
177829,64
177852,64
177875,64
177898,64
177921,64
177944,82
177967,64
177990,63
178013,64
178036,62
178059,78
178082,64
178105,64
178128,64
178151,64
178174,64
178197,64
178220,64
178243,64
178266,64
178289,52
178312,71
178335,52
178358,71
178381,52
178404,52
178427,52
178450,56
178473,56
178496,56
178519,56
178542,80
178565,80
178588,80
178611,68
178634,68
178657,68
178680,52
178703,52
178726,52
178749,79
178772,79
178795,52
178818,52
178841,52
178864,52
178887,52
178910,52
178933,52
178956,52
178979,52
179002,52
179025,52
179048,52
179071,52
179094,52
179117,78
179140,78
179163,52
179186,52
179209,52
179232,52
179255,52
179278,52
179301,52
179324,52
179347,52
179370,52
179393,52
179416,78
179439,52
179462,52
179485,52
179508,52
179531,52
179554,52
179577,52
179600,71
179623,71
179646,83
179669,83
179692,71
179715,52
179738,52
179761,52
179784,52
179807,52
179830,52
179853,52
179876,52
179899,71
179922,71
179945,71
179968,52
179991,52
180014,52
180037,52
180060,52
180083,52
180106,79
180129,71
180152,63
180175,78
180198,78
180221,71
180244,80
180267,71
180290,79
180313,81
180336,62
180359,79
180382,71
180405,71
180428,62
180451,81
180474,70
180497,69
180520,81
180543,62
180566,62
180589,81
180612,81
180635,69
180658,81
180681,80
180704,80
180727,52
180750,52
180773,82
180796,81
180819,57
180841,57
180864,81
180887,69
180910,69
180933,69
180956,81
180979,81
181002,81
181025,81
181048,69
181071,80
181094,57
181117,79
181140,79
181163,80
181186,80
181209,79
181232,79
181255,50
181278,54
181301,50
181324,57
181347,57
181370,57
181393,57
181416,69
181439,57
181462,69
181485,69
181508,69
181531,76
181554,69
181577,69
181600,69
181623,76
181646,50
181669,54
181692,54
181715,54
181738,66
181761,66
181784,66
181807,66
181830,66
181853,66
181876,66
181899,66
181922,66
181945,66
181968,66
181991,66
182014,66
182037,66
182060,66
182083,54
182106,66
182129,66
182152,66
182175,66
182198,66
182221,66
182244,66
182267,66
182290,66
182313,65
182336,65
182359,64
182382,63
182405,50
182428,59
182451,59
182474,54
182497,54
182520,66
182543,66
182566,66
182589,66
182612,66
182635,67
182658,77
182681,76
182704,78
182727,54
182750,54
182773,61
182796,61
182819,61
182842,61
182865,61
182888,76
182911,61
182934,61
182957,61
182980,61
183003,61
183026,61
183049,61
183072,61
183095,76
183118,76
183141,76
183164,61
183187,76
183210,60
183233,61
183256,61
183279,61
183302,76
183325,61
183348,61
183371,68
183394,68
183417,68
183440,61
183463,61
183486,61
183509,57
183532,69
183555,61
183578,61
183601,61
183624,61
183647,76
183670,76
183693,76
183716,76
183739,42
183762,61
183785,75
183808,75
183831,60
183854,61
183877,61
183900,61
183923,61
183946,61
183969,61
183992,61
184015,61
184038,61
184061,61
184084,62
184107,62
184130,62
184153,62
184176,62
184199,62
184221,62
184244,62
184267,50
184290,50
184313,50
184336,50
184359,62
184382,62
184405,62
184428,62
184451,62
184474,62
184497,63
184520,52
184543,64
184566,64
184589,64
184612,64
184635,64
184658,64
184681,64
184704,64
184727,63
184750,63
184773,50
184796,57
184819,57
184842,63
184865,50
184888,74
184911,62
184934,62
184957,62
184980,62
185003,76
185026,76
185049,76
185072,76
185095,54
185118,54
185141,74
185164,61
185187,61
185210,51
185233,61
185256,61
185279,61
185302,61
185325,61
185348,61
185371,61
185394,69
185417,76
185440,62
185463,76
185486,75
185509,61
185532,75
185555,76
185578,76
185601,61
185624,61
185647,61
185670,74
185693,61
185716,61
185739,61
185762,61
185785,76
185808,75
185831,54
185854,54
185877,61
185900,61
185923,69
185946,76
185969,57
185992,57
186015,57
186038,61
186061,74
186084,69
186107,61
186130,61
186153,61
186176,61
186199,62
186222,62
186245,62
186268,62
186291,62
186314,62
186337,62
186360,62
186383,62
186406,62
186429,62
186452,62
186475,62
186498,62
186521,62
186544,62
186567,63
186590,63
186613,50
186636,57
186659,50
186682,84
186705,62
186728,57
186751,57
186774,61
186797,50
186820,50
186843,69
186866,50
186889,50
186912,50
186935,76
186958,76
186981,62
187004,57
187027,52
187050,64
187073,76
187096,50
187119,76
187142,57
187165,61
187188,52
187211,63
187234,69
187257,64
187280,64
187303,64
187326,64
187349,75
187372,64
187395,76
187418,75
187441,76
187464,64
187487,64
187510,52
187533,52
187556,54
187579,45
187601,64
187624,52
187647,64
187670,64
187693,64
187716,52
187739,52
187762,52
187785,54
187808,54
187831,57
187854,57
187877,57
187900,54
187923,54
187946,54
187969,54
187992,54
188015,54
188038,54
188061,54
188084,54
188107,52
188130,54
188153,54
188176,54
188199,54
188222,52
188245,52
188268,52
188291,52
188314,52
188337,52
188360,52
188383,52
188406,52
188429,52
188452,52
188475,52
188498,52
188521,52
188544,76
188567,52
188590,52
188613,52
188636,52
188659,52
188682,52
188705,52
188728,52
188751,52
188774,52
188797,71
188820,52
188843,52
188866,52
188889,52
188912,52
188935,71
188958,71
188981,52
189004,71
189027,71
189050,52
189073,72
189096,71
189119,71
189142,71
189165,49
189188,72
189211,72
189234,71
189257,71
189280,71
189303,71
189326,71
189349,71
189372,70
189395,70
189418,81
189441,81
189464,69
189487,81
189510,69
189533,69
189556,69
189579,70
189602,69
189625,69
189648,69
189671,69
189694,70
189717,50
189740,69
189763,70
189786,52
189809,70
189832,83
189855,83
189878,82
189901,81
189924,80
189947,70
189970,69
189993,69
190016,52
190039,62
190062,69
190085,45
190108,69
190131,69
190154,69
190177,69
190200,80
190223,80
190246,69
190269,69
190292,69
190315,81
190338,82
190361,69
190384,69
190407,69
190430,69
190453,82
190476,-1
190499,-1
190522,-1
190545,-1
190568,-1
190591,-1
190614,79
190637,71
190660,82
190683,82
190706,71
190729,-1
190752,80
190775,80
190798,78
190821,76
190844,66
190867,66
190890,66
190913,66
190936,66
190959,66
190981,66
191004,66
191027,66
191050,66
191073,66
191096,66
191119,66
191142,66
191165,66
191188,66
191211,66
191234,66
191257,66
191280,66
191303,66
191326,66
191349,66
191372,66
191395,66
191418,66
191441,66
191464,66
191487,66
191510,66
191533,74
191556,74
191579,69
191602,68
191625,68
191648,68
191671,69
191694,69
191717,69
191740,69
191763,69
191786,69
191809,69
191832,69
191855,69
191878,69
191901,69
191924,69
191947,69
191970,69
191993,69
192016,69
192039,68
192062,68
192085,67
192108,66
192131,79
192154,54
192177,66
192200,66
192223,68
192246,50
192269,62
192292,60
192315,53
192338,66
192361,66
192384,66
192407,65
192430,66
192453,66
192476,67
192499,66
192522,66
192545,65
192568,79
192591,79
192614,78
192637,66
192660,66
192683,78
192706,73
192729,68
192752,68
192775,68
192798,68
192821,69
192844,69
192867,69
192890,69
192913,69
192936,69
192959,69
192982,69
193005,69
193028,69
193051,69
193074,69
193097,69
193120,69
193143,68
193166,68
193189,67
193212,66
193235,66
193258,66
193281,47
193304,47
193327,47
193350,69
193373,54
193396,69
193419,69
193442,62
193465,67
193488,67
193511,66
193534,65
193557,65
193580,66
193603,67
193626,67
193649,66
193672,66
193695,66
193718,66
193741,66
193764,66
193787,66
193810,66
193833,66
193856,66
193879,66
193902,66
193925,66
193948,66
193971,67
193994,67
194017,68
194040,68
194063,68
194086,68
194109,68
194132,68
194155,68
194178,68
194201,68
194224,68
194247,68
194270,68
194293,68
194316,68
194339,68
194361,68
194384,68
194407,68
194430,68
194453,68
194476,68
194499,68
194522,68
194545,68
194568,68
194591,68
194614,68
194637,69
194660,69
194683,69
194706,69
194729,69
194752,69
194775,69
194798,69
194821,69
194844,69
194867,69
194890,69
194913,69
194936,69
194959,69
194982,69
195005,69
195028,69
195051,69
195074,69
195097,69
195120,70
195143,71
195166,71
195189,71
195212,71
195235,71
195258,71
195281,71
195304,71
195327,71
195350,70
195373,52
195396,52
195419,71
195442,71
195465,82
195488,71
195511,83
195534,71
195557,83
195580,82
195603,83
195626,71
195649,71
195672,71
195695,83
195718,83
195741,78
195764,63
195787,64
195810,64
195833,64
195856,63
195879,63
195902,64
195925,65
195948,64
195971,64
195994,63
196017,63
196040,79
196063,78
196086,79
196109,78
196132,53
196155,54
196178,67
196201,66
196224,66
196247,67
196270,68
196293,68
196316,68
196339,68
196362,68
196385,68
196408,68
196431,68
196454,68
196477,68
196500,68
196523,68
196546,68
196569,68
196592,68
196615,68
196638,68
196661,68
196684,68
196707,68
196730,68
196753,68
196776,68
196799,68
196822,68
196845,68
196868,68
196891,68
196914,68
196937,68
196960,68
196983,68
197006,68
197029,68
197052,68
197075,68
197098,68
197121,68
197144,68
197167,68
197190,68
197213,68
197236,68
197259,68
197282,68
197305,68
197328,68
197351,68
197374,68
197397,68
197420,68
197443,68
197466,68
197489,68
197512,68
197535,68
197558,68
197581,69
197604,69
197627,68
197650,68
197673,71
197696,71
197719,71
197741,71
197764,71
197787,72
197810,72
197833,73
197856,73
197879,74
197902,73
197925,74
197948,74
197971,74
197994,73
198017,74
198040,72
198063,56
198086,43
198109,72
198132,66
198155,47
198178,68
198201,69
198224,69
198247,68
198270,56
198293,68
198316,68
198339,68
198362,68
198385,40
198408,69
198431,68
198454,66
198477,66
198500,66
198523,66
198546,66
198569,54
198592,54
198615,54
198638,66
198661,66
198684,66
198707,66
198730,66
198753,66
198776,66
198799,66
198822,66
198845,66
198868,66
198891,66
198914,66
198937,66
198960,66
198983,67
199006,67
199029,66
199052,66
199075,66
199098,66
199121,66
199144,66
199167,68
199190,68
199213,68
199236,67
199259,66
199282,67
199305,67
199328,66
199351,67
199374,68
199397,68
199420,41
199443,64
199466,64
199489,63
199512,51
199535,57
199558,69
199581,57
199604,57
199627,57
199650,57
199673,57
199696,69
199719,69
199742,70
199765,70
199788,70
199811,57
199834,57
199857,-1
199880,-1
199903,-1
199926,62
199949,66
199972,67
199995,66
200018,66
200041,66
200064,66
200087,66
200110,66
200133,66
200156,67
200179,66
200202,66
200225,66
200248,-1
200271,66
200294,66
200317,67
200340,66
200363,66
200386,66
200409,66
200432,66
200455,66
200478,66
200501,66
200524,66
200547,66
200570,66
200593,66
200616,66
200639,66
200662,66
200685,69
200708,71
200731,71
200754,70
200777,69
200800,69
200823,69
200846,69
200869,69
200892,69
200915,68
200938,67
200961,66
200984,66
201007,66
201030,66
201053,66
201076,66
201099,47
201121,66
201144,66
201167,66
201190,66
201213,66
201236,66
201259,66
201282,66
201305,66
201328,66
201351,66
201374,66
201397,66
201420,66
201443,66
201466,66
201489,66
201512,66
201535,66
201558,66
201581,66
201604,66
201627,65
201650,66
201673,66
201696,66
201719,66
201742,66
201765,66
201788,66
201811,66
201834,72
201857,71
201880,70
201903,69
201926,69
201949,69
201972,69
201995,69
202018,68
202041,68
202064,67
202087,66
202110,66
202133,66
202156,66
202179,66
202202,66
202225,66
202248,66
202271,66
202294,66
202317,66
202340,66
202363,66
202386,66
202409,78
202432,66
202455,66
202478,66
202501,78
202524,66
202547,78
202570,65
202593,65
202616,64
202639,78
202662,78
202685,78
202708,78
202731,66
202754,66
202777,66
202800,64
202823,64
202846,65
202869,65
202892,65
202915,59
202938,66
202961,64
202984,66
203007,66
203030,66
203053,66
203076,67
203099,68
203122,68
203145,68
203168,68
203191,68
203214,68
203237,68
203260,68
203283,68
203306,68
203329,59
203352,66
203375,68
203398,68
203421,68
203444,68
203467,68
203490,68
203513,68
203536,68
203559,68
203582,68
203605,68
203628,68
203651,68
203674,68
203697,68
203720,68
203743,68
203766,69
203789,69
203812,69
203835,69
203858,69
203881,69
203904,69
203927,69
203950,69
203973,69
203996,69
204019,69
204042,69
204065,69
204088,69
204111,69
204134,69
204157,69
204180,69
204203,69
204226,70
204249,70
204272,71
204295,71
204318,71
204341,71
204364,71
204387,71
204410,71
204433,71
204456,71
204479,69
204501,71
204524,71
204547,71
204570,70
204593,70
204616,70
204639,71
204662,52
204685,59
204708,63
204731,70
204754,50
204777,47
204800,64
204823,70
204846,61
204869,64
204892,65
204915,64
204938,64
204961,64
204984,64
205007,64
205030,64
205053,45
205076,45
205099,64
205122,82
205145,64
205168,65
205191,64
205214,71
205237,52
205260,66
205283,66
205306,66
205329,66
205352,66
205375,67
205398,68
205421,68
205444,68
205467,68
205490,68
205513,68
205536,68
205559,68
205582,68
205605,68
205628,68
205651,68
205674,68
205697,68
205720,68
205743,69
205766,69
205789,69
205812,69
205835,68
205858,68
205881,68
205904,68
205927,68
205950,68
205973,68
205996,68
206019,68
206042,68
206065,68
206088,68
206111,68
206134,68
206157,68
206180,68
206203,68
206226,68
206249,69
206272,69
206295,68
206318,68
206341,68
206364,68
206387,68
206410,68
206433,68
206456,68
206479,68
206502,68
206525,68
206548,68
206571,68
206594,68
206617,68
206640,68
206663,68
206686,68
206709,68
206732,69
206755,69
206778,71
206801,72
206824,71
206847,71
206870,71
206893,73
206916,73
206939,73
206962,74
206985,73
207008,74
207031,75
207054,74
207077,73
207100,74
207123,73
207146,71
207169,72
207192,68
207215,54
207238,66
207261,66
207284,67
207307,68
207330,68
207353,68
207376,56
207399,68
207422,68
207445,69
207468,68
207491,68
207514,68
207537,67
207560,66
207583,66
207606,66
207629,66
207652,66
207675,66
207698,66
207721,66
207744,66
207767,66
207790,66
207813,66
207836,66
207859,66
207881,66
207904,66
207927,66
207950,66
207973,66
207996,66
208019,66
208042,66
208065,66
208088,66
208111,66
208134,67
208157,67
208180,67
208203,67
208226,67
208249,66
208272,66
208295,65
208318,70
208341,69
208364,50
208387,61
208410,58
208433,57
208456,57
208479,57
208502,57
208525,57
208548,60
208571,57
208594,72
208617,57
208640,69
208663,70
208686,72
208709,73
208732,69
208755,68
208778,58
208801,72
208824,72
208847,69
208870,50
208893,72
208916,57
208939,57
208962,57
208985,57
209008,-1
209031,-1
209054,51
209077,64
209100,64
209123,64
209146,64
209169,65
209192,66
209215,66
209238,78
209261,66
209284,66
209307,66
209330,66
209353,66
209376,66
209399,66
209422,66
209445,66
209468,66
209491,66
209514,66
209537,66
209560,66
209583,66
209606,65
209629,64
209652,64
209675,64
209698,63
209721,79
209744,77
209767,76
209790,79
209813,65
209836,66
209859,64
209882,65
209905,66
209928,66
209951,66
209974,66
209997,66
210020,66
210043,66
210066,66
210089,66
210112,66
210135,66
210158,66
210181,66
210204,65
210227,64
210250,63
210273,61
210296,61
210319,61
210342,61
210365,50
210388,62
210411,50
210434,62
210457,49
210480,60
210503,47
210526,59
210549,78
210572,78
210595,59
210618,50
210641,62
210664,62
210687,62
210710,62
210733,62
210756,62
210779,62
210802,62
210825,62
210848,61
210871,62
210894,62
210917,62
210940,62
210963,50
210986,50
211009,50
211032,50
211055,50
211078,50
211101,74
211124,75
211147,50
211170,50
211193,50
211216,50
211239,50
211261,50
211284,50
211307,55
211330,68
211353,70
211376,67
211399,80
211422,63
211445,68
211468,80
211491,56
211514,68
211537,80
211560,68
211583,71
211606,55
211629,81
211652,79
211675,79
211698,80
211721,57
211744,56
211767,56
211790,52
211813,49
211836,49
211859,56
211882,56
211905,56
211928,56
211951,69
211974,54
211997,45
212020,45
212043,70
212066,45
212089,45
212112,45
212135,57
212158,82
212181,52
212204,52
212227,49
212250,56
212273,56
212296,56
212319,56
212342,56
212365,49
212388,49
212411,81
212434,57
212457,57
212480,57
212503,56
212526,68
212549,49
212572,68
212595,56
212618,49
212641,81
212664,56
212687,56
212710,56
212733,56
212756,56
212779,56
212802,56
212825,49
212848,49
212871,56
212894,56
212917,56
212940,68
212963,68
212986,56
213009,56
213032,68
213055,68
213078,68
213101,68
213124,52
213147,52
213170,49
213193,49
213216,80
213239,52
213262,69
213285,55
213308,82
213331,82
213354,69
213377,49
213400,56
213423,52
213446,82
213469,56
213492,80
213515,80
213538,56
213561,52
213584,59
213607,80
213630,80
213653,56
213676,52
213699,52
213722,81
213745,68
213768,68
213791,68
213814,49
213837,56
213860,49
213883,49
213906,83
213929,68
213952,80
213975,52
213998,64
214021,64
214044,64
214067,64
214090,64
214113,64
214136,52
214159,64
214182,63
214205,48
214228,64
214251,57
214274,63
214297,42
214320,78
214343,64
214366,52
214389,70
214412,70
214435,69
214458,62
214481,62
214504,70
214527,70
214550,71
214573,71
214596,52
214619,52
214641,64
214664,64
214687,64
214710,64
214733,71
214756,71
214779,52
214802,52
214825,71
214848,52
214871,71
214894,52
214917,71
214940,52
214963,52
214986,71
215009,71
215032,52
215055,64
215078,52
215101,52
215124,52
215147,52
215170,52
215193,52
215216,52
215239,64
215262,64
215285,52
215308,52
215331,64
215354,52
215377,52
215400,64
215423,64
215446,64
215469,64
215492,64
215515,64
215538,64
215561,71
215584,64
215607,52
215630,64
215653,71
215676,52
215699,71
215722,71
215745,71
215768,71
215791,71
215814,64
215837,71
215860,83
215883,71
215906,72
215929,71
215952,71
215975,72
215998,72
216021,54
216044,45
216067,61
216090,61
216113,61
216136,71
216159,64
216182,64
216205,45
216228,83
216251,64
216274,72
216297,72
216320,59
216343,59
216366,59
216389,59
216412,59
216435,73
216458,45
216481,45
216504,71
216527,52
216550,52
216573,64
216596,71
216619,71
216642,45
216665,72
216688,72
216711,71
216734,71
216757,48
216780,72
216803,61
216826,61
216849,61
216872,61
216895,61
216918,73
216941,73
216964,72
216987,71
217010,52
217033,59
217056,70
217079,80
217102,57
217125,57
217148,69
217171,69
217194,81
217217,81
217240,57
217263,57
217286,81
217309,57
217332,57
217355,57
217378,69
217401,69
217424,57
217447,57
217470,57
217493,69
217516,69
217539,81
217562,81
217585,57
217608,57
217631,57
217654,69
217677,69
217700,69
217723,57
217746,57
217769,69
217792,69
217815,69
217838,69
217861,68
217884,67
217907,81
217930,69
217953,57
217976,81
217999,69
218021,57
218044,81
218067,81
218090,57
218113,57
218136,57
218159,57
218182,66
218205,67
218228,67
218251,67
218274,68
218297,68
218320,69
218343,69
218366,69
218389,69
218412,69
218435,69
218458,69
218481,69
218504,57
218527,57
218550,82
218573,69
218596,69
218619,69
218642,69
218665,69
218688,69
218711,69
218734,69
218757,69
218780,69
218803,69
218826,68
218849,68
218872,69
218895,69
218918,69
218941,70
218964,69
218987,69
219010,69
219033,69
219056,69
219079,81
219102,81
219125,81
219148,81
219171,81
219194,69
219217,69
219240,69
219263,69
219286,69
219309,69
219332,68
219355,68
219378,67
219401,67
219424,66
219447,78
219470,78
219493,66
219516,66
219539,66
219562,57
219585,62
219608,50
219631,62
219654,61
219677,53
219700,66
219723,66
219746,65
219769,66
219792,66
219815,67
219838,66
219861,66
219884,47
219907,66
219930,66
219953,66
219976,78
219999,79
220022,78
220045,61
220068,61
220091,62
220114,62
220137,62
220160,62
220183,62
220206,62
220229,62
220252,62
220275,62
220298,62
220321,62
220344,62
220367,62
220390,62
220413,62
220436,61
220459,61
220482,61
220505,61
220528,61
220551,61
220574,61
220597,61
220620,61
220643,61
220666,61
220689,60
220712,45
220735,61
220758,57
220781,61
220804,62
220827,62
220850,61
220873,61
220896,61
220919,62
220942,62
220965,60
220988,83
221011,60
221034,61
221057,61
221080,62
221103,62
221126,-1
221149,-1
221172,61
221195,78
221218,64
221241,65
221264,66
221287,66
221310,66
221333,67
221356,56
221379,56
221401,56
221424,56
221447,68
221470,80
221493,80
221516,80
221539,67
221562,68
221585,68
221608,69
221631,56
221654,68
221677,56
221700,68
221723,56
221746,68
221769,68
221792,68
221815,68
221838,68
221861,68
221884,68
221907,56
221930,68
221953,56
221976,80
221999,70
222022,69
222045,69
222068,69
222091,69
222114,69
222137,69
222160,69
222183,69
222206,69
222229,69
222252,69
222275,69
222298,69
222321,69
222344,69
222367,69
222390,69
222413,57
222436,83
222459,83
222482,71
222505,71
222528,71
222551,71
222574,71
222597,71
222620,55
222643,71
222666,83
222689,59
222712,70
222735,71
222758,71
222781,71
222804,71
222827,70
222850,71
222873,83
222896,71
222919,71
222942,71
222965,71
222988,71
223011,40
223034,63
223057,49
223080,68
223103,50
223126,45
223149,49
223172,68
223195,57
223218,45
223241,57
223264,66
223287,68
223310,60
223333,74
223356,49
223379,61
223402,50
223425,66
223448,69
223471,72
223494,72
223517,74
223540,53
223563,59
223586,71
223609,71
223632,60
223655,73
223678,45
223701,54
223724,45
223747,54
223770,42
223793,54
223816,54
223839,76
223862,54
223885,45
223908,54
223931,74
223954,54
223977,54
224000,54
224023,45
224046,61
224069,54
224092,45
224115,57
224138,54
224161,54
224184,73
224207,45
224230,61
224253,54
224276,54
224299,73
224322,45
224345,45
224368,73
224391,54
224414,45
224437,73
224460,73
224483,45
224506,54
224529,45
224552,61
224575,72
224598,71
224621,76
224644,75
224667,57
224690,57
224713,57
224736,57
224759,69
224781,45
224804,57
224827,57
224850,57
224873,57
224896,57
224919,57
224942,57
224965,57
224988,70
225011,71
225034,59
225057,59
225080,71
225103,59
225126,52
225149,52
225172,52
225195,52
225218,43
225241,43
225264,43
225287,52
225310,43
225333,43
225356,59
225379,71
225402,59
225425,59
225448,60
225471,61
225494,54
225517,73
225540,73
225563,72
225586,74
225609,50
225632,52
225655,52
225678,73
225701,74
225724,74
225747,71
225770,69
225793,69
225816,70
225839,69
225862,57
225885,69
225908,70
225931,71
225954,71
225977,71
226000,47
226023,71
226046,71
226069,71
226092,71
226115,50
226138,72
226161,71
226184,70
226207,70
226230,70
226253,47
226276,71
226299,47
226322,71
226345,47
226368,47
226391,71
226414,71
226437,47
226460,71
226483,47
226506,47
226529,59
226552,47
226575,66
226598,64
226621,65
226644,59
226667,52
226690,76
226713,76
226736,76
226759,62
226782,58
226805,40
226828,59
226851,52
226874,78
226897,59
226920,77
226943,77
226966,57
226989,57
227012,57
227035,57
227058,57
227081,57
227104,57
227127,57
227150,57
227173,57
227196,57
227219,57
227242,75
227265,66
227288,68
227311,68
227334,68
227357,68
227380,69
227403,69
227426,69
227449,69
227472,69
227495,69
227518,69
227541,69
227564,69
227587,68
227610,69
227633,69
227656,70
227679,69
227702,69
227725,69
227748,69
227771,69
227794,69
227817,69
227840,69
227863,69
227886,69
227909,69
227932,70
227955,69
227978,69
228001,69
228024,69
228047,70
228070,69
228093,68
228116,69
228139,69
228161,69
228184,69
228207,69
228230,69
228253,69
228276,69
228299,69
228322,69
228345,69
228368,69
228391,69
228414,68
228437,68
228460,67
228483,67
228506,67
228529,66
228552,66
228575,78
228598,78
228621,66
228644,66
228667,66
228690,60
228713,60
228736,61
228759,62
228782,78
228805,67
228828,66
228851,66
228874,66
228897,66
228920,66
228943,66
228966,66
228989,66
229012,66
229035,79
229058,79
229081,67
229104,67
229127,67
229150,62
229173,64
229196,62
229219,62
229242,62
229265,62
229288,62
229311,62
229334,62
229357,62
229380,62
229403,62
229426,62
229449,62
229472,62
229495,62
229518,62
229541,62
229564,61
229587,61
229610,61
229633,61
229656,61
229679,61
229702,61
229725,61
229748,60
229771,60
229794,60
229817,61
229840,-1
229863,61
229886,61
229909,60
229932,62
229955,61
229978,61
230001,61
230024,61
230047,61
230070,61
230093,61
230116,59
230139,59
230162,59
230185,59
230208,59
230231,60
230254,61
230277,61
230300,61
230323,61
230346,80
230369,57
230392,57
230415,57
230438,57
230461,58
230484,58
230507,59
230530,59
230553,59
230576,59
230599,59
230622,59
230645,59
230668,59
230691,56
230714,56
230737,57
230760,59
230783,59
230806,59
230829,59
230852,59
230875,59
230898,59
230921,59
230944,59
230967,59
230990,59
231013,59
231036,56
231059,54
231082,54
231105,57
231128,57
231151,57
231174,57
231197,57
231220,57
231243,58
231266,57
231289,57
231312,57
231335,57
231358,57
231381,57
231404,57
231427,57
231450,58
231473,59
231496,59
231519,59
231541,59
231564,60
231587,60
231610,61
231633,61
231656,61
231679,61
231702,61
231725,61
231748,61
231771,61
231794,61
231817,61
231840,60
231863,60
231886,59
231909,61
231932,60
231955,61
231978,61
232001,61
232024,61
232047,61
232070,61
232093,61
232116,61
232139,61
232162,61
232185,61
232208,79
232231,61
232254,79
232277,61
232300,61
232323,79
232346,61
232369,61
232392,54
232415,47
232438,60
232461,61
232484,61
232507,57
232530,57
232553,57
232576,57
232599,57
232622,57
232645,57
232668,57
232691,57
232714,57
232737,56
232760,56
232783,56
232806,56
232829,56
232852,56
232875,56
232898,56
232921,56
232944,56
232967,56
232990,56
233013,56
233036,56
233059,56
233082,56
233105,56
233128,56
233151,56
233174,56
233197,56
233220,56
233243,56
233266,56
233289,56
233312,56
233335,56
233358,56
233381,56
233404,56
233427,56
233450,56
233473,56
233496,57
233519,56
233542,56
233565,56
233588,56
233611,56
233634,56
233657,57
233680,57
233703,56
233726,56
233749,56
233772,56
233795,56
233818,57
233841,57
233864,57
233887,57
233910,56
233933,56
233956,56
233979,56
234002,56
234025,-1
234048,-1
234071,-1
234094,-1
234117,-1
234140,-1
234163,-1
234186,-1
234209,-1
234232,-1
234255,-1
234278,-1
234301,-1
234324,-1
234347,-1
234370,-1
234393,-1
234416,-1
234439,-1
234462,-1
234485,-1
234508,-1
234531,-1
234554,-1
234577,-1
234600,-1
234623,-1
234646,-1
234669,-1
234692,-1
234715,-1
234738,-1
234761,-1
234784,-1
234807,-1
234830,-1
234853,-1
234876,-1
234899,-1
234921,-1
234944,-1
234967,-1
234990,-1
235013,-1
235036,-1
235059,-1
235082,-1
235105,-1
235128,-1
235151,-1
235174,-1
235197,-1
235220,-1
235243,-1
235266,-1
235289,-1
235312,-1
235335,-1
235358,-1
235381,-1
235404,-1
235427,-1
235450,-1
235473,-1
235496,-1
235519,-1
235542,-1
235565,-1
235588,-1
235611,-1
235634,-1
235657,-1
235680,-1
235703,-1
235726,-1
235749,-1
235772,-1
235795,-1
235818,-1
235841,-1
235864,-1
235887,-1
235910,-1
235933,-1
235956,-1
235979,-1
236002,-1
236025,-1
236048,71
236071,71
236094,71
236117,71
236140,71
236163,71
236186,72
236209,73
236232,73
236255,73
236278,73
236301,73
236324,73
236347,73
236370,73
236393,73
236416,73
236439,73
236462,73
236485,73
236508,73
236531,73
236554,73
236577,73
236600,73
236623,73
236646,73
236669,73
236692,73
236715,73
236738,73
236761,73
236784,73
236807,73
236830,73
236853,73
236876,73
236899,73
236922,73
236945,73
236968,72
236991,72
237014,73
237037,73
237060,73
237083,73
237106,73
237129,73
237152,73
237175,54
237198,73
237221,72
237244,72
237267,72
237290,72
237313,72
237336,72
237359,72
237382,73
237405,73
237428,73
237451,73
237474,73
237497,73
237520,73
237543,73
237566,73
237589,73
237612,73
237635,73
237658,73
237681,-1
237704,73
237727,73
237750,73
237773,73
237796,73
237819,73
237842,73
237865,73
237888,73
237911,73
237934,73
237957,73
237980,73
238003,73
238026,73
238049,73
238072,73
238095,73
238118,72
238141,72
238164,72
238187,73
238210,73
238233,54
238256,73
238279,-1
238301,-1
238324,-1
238347,-1
238370,-1
238393,-1
238416,-1
238439,-1
238462,-1
238485,-1
238508,-1
238531,-1
238554,-1
238577,-1
238600,-1
238623,-1
238646,-1
238669,-1
238692,-1
238715,-1
238738,-1
238761,-1
238784,-1
238807,-1
238830,-1
238853,-1
238876,-1
238899,-1
238922,-1
238945,-1
238968,-1
238991,-1
239014,-1
239037,-1
239060,-1
239083,-1
239106,-1
239129,-1
239152,-1
239175,-1
239198,-1
239221,-1
239244,-1
239267,-1
239290,-1
239313,-1
239336,-1
239359,-1
239382,-1
239405,-1
239428,62
239451,57
239474,57
239497,57
239520,57
239543,58
239566,59
239589,59
239612,59
239635,59
239658,59
239681,59
239704,59
239727,59
239750,59
239773,57
239796,58
239819,43
239842,57
239865,60
239888,60
239911,60
239934,59
239957,59
239980,59
240003,59
240026,59
240049,59
240072,59
240095,59
240118,58
240141,56
240164,57
240187,40
240210,56
240233,57
240256,57
240279,57
240302,57
240325,56
240348,57
240371,58
240394,58
240417,57
240440,57
240463,57
240486,56
240509,56
240532,57
240555,57
240578,58
240601,59
240624,59
240647,59
240670,59
240693,60
240716,61
240739,61
240762,61
240785,61
240808,61
240831,61
240854,61
240877,61
240900,61
240923,61
240946,61
240969,60
240992,60
241015,59
241038,59
241061,61
241084,61
241107,61
241130,61
241153,-1
241176,-1
241199,-1
241222,67
241245,55
241268,67
241291,81
241314,58
241337,52
241360,83
241383,61
241406,59
241429,-1
241452,-1
241475,76
241498,70
241521,84
241544,84
241567,68
241590,65
241613,45
241636,45
241659,45
241681,45
241704,45
241727,57
241750,57
241773,56
241796,56
241819,56
241842,56
241865,60
241888,60
241911,60
241934,60
241957,60
241980,49
242003,37
242026,49
242049,37
242072,37
242095,49
242118,37
242141,37
242164,37
242187,61
242210,61
242233,37
242256,43
242279,49
242302,60
242325,60
242348,59
242371,60
242394,60
242417,43
242440,61
242463,61
242486,61
242509,60
242532,60
242555,60
242578,61
242601,60
242624,61
242647,61
242670,61
242693,61
242716,60
242739,60
242762,60
242785,60
242808,60
242831,61
242854,61
242877,61
242900,61
242923,60
242946,61
242969,61
242992,61
243015,61
243038,61
243061,61
243084,61
243107,61
243130,61
243153,61
243176,61
243199,61
243222,61
243245,61
243268,61
243291,61
243314,61
243337,61
243360,61
243383,61
243406,61
243429,61
243452,61
243475,61
243498,61
243521,61
243544,61
243567,61
243590,-1
243613,-1
243636,-1
243659,-1
243682,-1
243705,-1
243728,-1
243751,-1
243774,-1
243797,-1
243820,-1
243843,-1
243866,-1
243889,-1
243912,-1
243935,-1
243958,-1
243981,-1
244004,-1
244027,-1
244050,-1
244073,-1
244096,-1
244119,-1
244142,-1
244165,-1
244188,-1
244211,-1
244234,-1
244257,-1
244280,-1
244303,-1
244326,-1
244349,-1
244372,-1
244395,-1
244418,-1
244441,-1
244464,-1
244487,-1
244510,-1
244533,-1
244556,-1
244579,-1
244602,-1
244625,-1
244648,-1
244671,-1
244694,-1
244717,-1
244740,-1
244763,-1
244786,-1
244809,-1
244832,-1
244855,-1
244878,-1
244901,-1
244924,-1
244947,-1
244970,-1
244993,-1
245016,-1
245039,-1
245061,-1
245084,-1
245107,-1
245130,-1
245153,-1
245176,-1
245199,-1
245222,-1
245245,-1
245268,-1
245291,-1
245314,-1
245337,-1
245360,-1
245383,-1
245406,-1
245429,-1
245452,-1
245475,-1
245498,-1
245521,-1
245544,-1
245567,-1
245590,-1
245613,-1
245636,-1
245659,-1
245682,-1
245705,-1
245728,-1
245751,-1
245774,-1
245797,-1
245820,-1
245843,-1
245866,-1
245889,-1
245912,-1
245935,-1
245958,-1
245981,-1
246004,-1
246027,-1
246050,-1
246073,-1
246096,-1
246119,-1
246142,-1
246165,-1
246188,-1
246211,-1
246234,-1
246257,-1
246280,-1
246303,-1
246326,-1
246349,-1
246372,-1
246395,-1
246418,-1
246441,-1
246464,-1
246487,-1
246510,-1
246533,-1
246556,-1
246579,-1
246602,-1
246625,-1
246648,-1
246671,-1
246694,-1
246717,-1
246740,-1
246763,-1
246786,-1
246809,-1
246832,-1
246855,-1
246878,-1
246901,-1
246924,-1
246947,-1
246970,-1
246993,-1
247016,-1
247039,-1
247062,-1
247085,-1
247108,-1
247131,-1
247154,-1
247177,-1
247200,-1
247223,-1
247246,-1
247269,-1
247292,-1
247315,-1
247338,-1
247361,-1
247384,-1
247407,-1
247430,-1
247453,-1
247476,-1
247499,-1
247522,-1
247545,-1
247568,-1
247591,-1
247614,-1
247637,-1
247660,-1
247683,-1
247706,-1
247729,-1
247752,-1
247775,-1
247798,-1
247821,-1
247844,-1
247867,-1
247890,-1
247913,-1
247936,-1
247959,-1
247982,-1
248005,-1
248028,-1
248051,-1
248074,-1
248097,-1
248120,-1
248143,-1
248166,-1
248189,-1
248212,-1
248235,-1
248258,-1
248281,-1
248304,-1
248327,-1
248350,-1
248373,-1
248396,-1
248419,-1
248441,-1
248464,-1
248487,-1
248510,-1
248533,-1
248556,-1
248579,-1
248602,-1
248625,-1
248648,-1
248671,-1
248694,-1
248717,-1
248740,-1
248763,-1
248786,-1
248809,-1
248832,-1
248855,-1
248878,-1
248901,-1
248924,-1
248947,-1
248970,-1
248993,-1
249016,-1
249039,-1
249062,-1
249085,-1
249108,-1
249131,-1
249154,-1
249177,-1
249200,-1
249223,-1
249246,-1
249269,-1
249292,-1
249315,-1
249338,-1
249361,-1
249384,-1
249407,-1
249430,-1
249453,-1
249476,-1
249499,-1
249522,-1
249545,-1
249568,-1
249591,-1
249614,-1
249637,-1
249660,-1
249683,-1
249706,-1
249729,-1
249752,-1
249775,-1
249798,-1
249821,-1
249844,-1
249867,-1
249890,-1
249913,-1
249936,-1
249959,-1
249982,-1
250005,-1
250028,-1
250051,-1
250074,-1
250097,-1
250120,-1
250143,-1
250166,-1
250189,-1
250212,-1
250235,-1
250258,-1
250281,-1
250304,-1
250327,-1
250350,-1
250373,-1
250396,-1
250419,-1
250442,-1
250465,-1
250488,-1
250511,-1
250534,-1
250557,-1
250580,-1
250603,-1
250626,-1
250649,-1
250672,-1
250695,-1
250718,-1
250741,-1
250764,-1
250787,-1
250810,-1
250833,-1
250856,-1
250879,-1
250902,-1
250925,-1
250948,-1
250971,-1
250994,-1
251017,-1
251040,-1
251063,-1
251086,-1
251109,-1
251132,-1
251155,-1
251178,-1
251201,-1
251224,-1
251247,-1
251270,-1
251293,-1
251316,-1
251339,-1
251362,-1
251385,-1
251408,-1
251431,-1
251454,-1
251477,-1
251500,-1
251523,-1
251546,-1
251569,-1
251592,-1
251615,-1
251638,-1
