0,-1
23,-1
46,-1
69,-1
92,-1
115,-1
138,-1
161,-1
184,-1
207,-1
230,-1
253,-1
276,-1
299,-1
322,-1
345,-1
368,-1
391,-1
414,-1
437,-1
460,-1
483,-1
506,-1
529,-1
552,-1
575,-1
598,-1
621,-1
644,-1
667,-1
690,-1
713,-1
736,-1
759,-1
782,-1
805,-1
828,-1
851,-1
874,-1
897,-1
920,-1
943,-1
966,-1
989,-1
1012,-1
1035,-1
1058,-1
1081,-1
1104,-1
1127,-1
1150,-1
1173,-1
1196,-1
1219,-1
1242,-1
1265,-1
1288,-1
1311,-1
1334,-1
1357,-1
1380,-1
1403,-1
1426,-1
1449,-1
1472,-1
1495,-1
1518,-1
1541,-1
1564,-1
1587,-1
1610,-1
1633,-1
1656,-1
1679,-1
1701,-1
1724,-1
1747,-1
1770,-1
1793,-1
1816,-1
1839,-1
1862,-1
1885,-1
1908,-1
1931,-1
1954,-1
1977,-1
2000,-1
2023,-1
2046,-1
2069,-1
2092,-1
2115,-1
2138,-1
2161,-1
2184,-1
2207,47
2230,48
2253,48
2276,48
2299,48
2322,49
2345,50
2368,50
2391,50
2414,50
2437,50
2460,50
2483,50
2506,50
2529,50
2552,49
2575,73
2598,83
2621,62
2644,66
2667,48
2690,48
2713,47
2736,62
2759,-1
2782,-1
2805,-1
2828,-1
2851,68
2874,51
2897,51
2920,51
2943,52
2966,53
2989,53
3012,53
3035,53
3058,53
3081,52
3104,52
3127,52
3150,52
3173,52
3196,52
3219,52
3242,52
3265,52
3288,52
3311,52
3334,51
3357,50
3380,50
3403,50
3426,50
3449,50
3472,50
3495,50
3518,50
3541,50
3564,48
3587,48
3610,48
3633,48
3656,48
3679,48
3702,48
3725,48
3748,48
3771,48
3794,48
3817,48
3840,48
3863,48
3886,48
3909,48
3932,48
3955,48
3978,48
4001,48
4024,52
4047,-1
4070,-1
4093,-1
4116,-1
4139,-1
4162,-1
4185,-1
4208,-1
4231,-1
4254,-1
4277,-1
4300,-1
4323,-1
4346,-1
4369,-1
4392,-1
4415,-1
4438,-1
4461,-1
4484,-1
4507,-1
4530,-1
4553,-1
4576,-1
4599,-1
4622,-1
4645,-1
4668,-1
4691,-1
4714,-1
4737,-1
4760,-1
4783,-1
4806,-1
4829,-1
4852,-1
4875,-1
4898,-1
4921,-1
4944,-1
4967,-1
4990,-1
5013,-1
5036,-1
5059,-1
5081,-1
5104,-1
5127,-1
5150,-1
5173,-1
5196,-1
5219,-1
5242,-1
5265,-1
5288,-1
5311,-1
5334,-1
5357,-1
5380,-1
5403,-1
5426,-1
5449,-1
5472,-1
5495,-1
5518,-1
5541,-1
5564,-1
5587,-1
5610,-1
5633,-1
5656,-1
5679,-1
5702,-1
5725,-1
5748,62
5771,47
5794,48
5817,48
5840,48
5863,49
5886,50
5909,50
5932,50
5955,50
5978,49
6001,47
6024,46
6047,45
6070,45
6093,45
6116,45
6139,45
6162,45
6185,45
6208,45
6231,46
6254,45
6277,74
6300,45
6323,-1
6346,74
6369,55
6392,43
6415,43
6438,43
6461,43
6484,43
6507,43
6530,43
6553,43
6576,43
6599,43
6622,43
6645,43
6668,43
6691,43
6714,43
6737,43
6760,43
6783,43
6806,43
6829,43
6852,43
6875,43
6898,43
6921,43
6944,43
6967,43
6990,43
7013,43
7036,43
7059,43
7082,42
7105,42
7128,79
7151,71
7174,82
7197,-1
7220,61
7243,42
7266,41
7289,84
7312,-1
7335,-1
7358,-1
7381,-1
7404,-1
7427,-1
7450,-1
7473,-1
7496,-1
7519,-1
7542,-1
7565,-1
7588,-1
7611,-1
7634,-1
7657,-1
7680,-1
7703,-1
7726,-1
7749,-1
7772,-1
7795,-1
7818,-1
7841,-1
7864,-1
7887,-1
7910,-1
7933,-1
7956,-1
7979,-1
8002,-1
8025,-1
8048,-1
8071,-1
8094,-1
8117,-1
8140,-1
8163,-1
8186,-1
8209,-1
8232,-1
8255,-1
8278,-1
8301,-1
8324,-1
8347,-1
8370,-1
8393,-1
8416,-1
8439,-1
8461,-1
8484,-1
8507,-1
8530,-1
8553,-1
8576,-1
8599,-1
8622,-1
8645,-1
8668,-1
8691,-1
8714,-1
8737,-1
8760,-1
8783,-1
8806,-1
8829,-1
8852,-1
8875,-1
8898,-1
8921,-1
8944,-1
8967,-1
8990,-1
9013,-1
9036,-1
9059,-1
9082,-1
9105,-1
9128,-1
9151,-1
9174,-1
9197,-1
9220,-1
9243,-1
9266,-1
9289,-1
9312,-1
9335,-1
9358,-1
9381,-1
9404,-1
9427,-1
9450,-1
9473,-1
9496,-1
9519,-1
9542,-1
9565,-1
9588,-1
9611,-1
9634,-1
9657,-1
9680,-1
9703,-1
9726,-1
9749,-1
9772,-1
9795,-1
9818,-1
9841,-1
9864,-1
9887,-1
9910,-1
9933,-1
9956,-1
9979,-1
10002,-1
10025,-1
10048,-1
10071,-1
10094,-1
10117,-1
10140,-1
10163,-1
10186,-1
10209,-1
10232,-1
10255,-1
10278,-1
10301,-1
10324,-1
10347,-1
10370,-1
10393,82
10416,45
10439,47
10462,47
10485,71
10508,46
10531,73
10554,72
10577,44
10600,46
10623,72
10646,-1
10669,-1
10692,-1
10715,-1
10738,-1
10761,-1
10784,-1
10807,-1
10830,-1
10853,-1
10876,-1
10899,-1
10922,-1
10945,-1
10968,-1
10991,-1
11014,-1
11037,-1
11060,-1
11083,-1
11106,-1
11129,-1
11152,-1
11175,-1
11198,-1
11221,-1
11244,-1
11267,-1
11290,-1
11313,-1
11336,-1
11359,-1
11382,-1
11405,-1
11428,-1
11451,-1
11474,-1
11497,-1
11520,-1
11543,-1
11566,-1
11589,-1
11612,-1
11635,-1
11658,-1
11681,-1
11704,-1
11727,-1
11750,-1
11773,-1
11796,-1
11819,-1
11841,-1
11864,-1
11887,-1
11910,-1
11933,-1
11956,-1
11979,-1
12002,-1
12025,-1
12048,-1
12071,-1
12094,-1
12117,-1
12140,-1
12163,-1
12186,-1
12209,-1
12232,-1
12255,-1
12278,-1
12301,-1
12324,-1
12347,-1
12370,-1
12393,-1
12416,-1
12439,-1
12462,-1
12485,-1
12508,-1
12531,-1
12554,-1
12577,-1
12600,-1
12623,-1
12646,-1
12669,-1
12692,-1
12715,-1
12738,-1
12761,-1
12784,-1
12807,-1
12830,-1
12853,-1
12876,57
12899,49
12922,49
12945,49
12968,49
12991,50
13014,50
13037,50
13060,63
13083,50
13106,50
13129,50
13152,50
13175,50
13198,50
13221,82
13244,79
13267,45
13290,-1
13313,65
13336,48
13359,47
13382,84
13405,-1
13428,-1
13451,-1
13474,-1
13497,71
13520,70
13543,53
13566,53
13589,52
13612,52
13635,53
13658,53
13681,53
13704,53
13727,53
13750,53
13773,53
13796,53
13819,53
13842,52
13865,52
13888,52
13911,52
13934,52
13957,52
13980,52
14003,51
14026,51
14049,50
14072,50
14095,50
14118,50
14141,50
14164,50
14187,50
14210,48
14233,48
14256,48
14279,48
14302,48
14325,72
14348,66
14371,78
14394,57
14417,73
14440,59
14463,51
14486,50
14509,50
14532,50
14555,50
14578,51
14601,52
14624,52
14647,52
14670,52
14693,52
14716,52
14739,48
14762,47
14785,47
14808,82
14831,70
14854,53
14877,60
14900,48
14923,48
14946,48
14969,48
14992,48
15015,48
15038,48
15061,48
15084,48
15107,48
15130,48
15153,48
15176,48
15199,48
15221,48
15244,48
15267,48
15290,48
15313,47
15336,84
15359,-1
15382,-1
15405,-1
15428,-1
15451,-1
15474,-1
15497,-1
15520,-1
15543,-1
15566,-1
15589,-1
15612,-1
15635,-1
15658,-1
15681,-1
15704,-1
15727,-1
15750,-1
15773,-1
15796,-1
15819,-1
15842,-1
15865,-1
15888,-1
15911,-1
15934,-1
15957,-1
15980,-1
16003,-1
16026,-1
16049,-1
16072,-1
16095,-1
16118,-1
16141,-1
16164,-1
16187,-1
16210,-1
16233,-1
16256,-1
16279,-1
16302,-1
16325,-1
16348,-1
16371,-1
16394,-1
16417,-1
16440,-1
16463,-1
16486,-1
16509,-1
16532,-1
16555,-1
16578,-1
16601,-1
16624,-1
16647,-1
16670,-1
16693,-1
16716,-1
16739,-1
16762,-1
16785,-1
16808,-1
16831,-1
16854,-1
16877,-1
16900,-1
16923,-1
16946,-1
16969,-1
16992,-1
17015,-1
17038,-1
17061,-1
17084,-1
17107,71
17130,52
17153,71
17176,54
17199,53
17222,53
17245,53
17268,53
17291,53
17314,53
17337,52
17360,52
17383,52
17406,52
17429,52
17452,52
17475,52
17498,52
17521,52
17544,49
17567,50
17590,50
17613,50
17636,50
17659,50
17682,50
17705,50
17728,49
17751,48
17774,48
17797,48
17820,48
17843,48
17866,48
17889,48
17912,48
17935,48
17958,48
17981,60
18004,60
18027,50
18050,50
18073,50
18096,50
18119,50
18142,51
18165,52
18188,52
18211,52
18234,52
18257,52
18280,52
18303,52
18326,52
18349,52
18372,52
18395,52
18418,52
18441,52
18464,52
18487,52
18510,52
18533,52
18556,52
18579,52
18601,52
18624,52
18647,50
18670,49
18693,48
18716,48
18739,48
18762,48
18785,48
18808,48
18831,48
18854,48
18877,48
18900,48
18923,48
18946,48
18969,48
18992,48
19015,48
19038,48
19061,48
19084,48
19107,48
19130,48
19153,48
19176,48
19199,48
19222,48
19245,48
19268,48
19291,48
19314,48
19337,48
19360,48
19383,48
19406,48
19429,48
19452,48
19475,48
19498,48
19521,48
19544,45
19567,45
19590,45
19613,45
19636,45
19659,45
19682,45
19705,45
19728,45
19751,45
19774,45
19797,45
19820,45
19843,45
19866,45
19889,45
19912,45
19935,45
19958,45
19981,45
20004,45
20027,44
20050,44
20073,43
20096,43
20119,42
20142,45
20165,44
20188,-1
20211,-1
20234,-1
20257,-1
20280,-1
20303,-1
20326,-1
20349,-1
20372,-1
20395,-1
20418,-1
20441,-1
20464,-1
20487,-1
20510,-1
20533,-1
20556,-1
20579,-1
20602,-1
20625,-1
20648,54
20671,53
20694,53
20717,52
20740,53
20763,53
20786,53
20809,53
20832,52
20855,52
20878,52
20901,52
20924,52
20947,52
20970,52
20993,52
21016,52
21039,52
21062,52
21085,52
21108,51
21131,50
21154,50
21177,50
21200,50
21223,50
21246,50
21269,50
21292,49
21315,48
21338,48
21361,48
21384,49
21407,48
21430,82
21453,48
21476,58
21499,59
21522,58
21545,51
21568,63
21591,70
21614,50
21637,50
21660,50
21683,51
21706,52
21729,52
21752,52
21775,52
21798,52
21821,52
21844,52
21867,80
21890,57
21913,67
21936,57
21959,53
21981,48
22004,49
22027,48
22050,48
22073,48
22096,48
22119,48
22142,49
22165,48
22188,48
22211,48
22234,48
22257,48
22280,48
22303,48
22326,47
22349,47
22372,47
22395,47
22418,48
22441,-1
22464,-1
22487,-1
22510,-1
22533,-1
22556,-1
22579,-1
22602,-1
22625,-1
22648,-1
22671,-1
22694,-1
22717,-1
22740,-1
22763,-1
22786,-1
22809,-1
22832,-1
22855,-1
22878,-1
22901,-1
22924,-1
22947,84
22970,-1
22993,-1
23016,-1
23039,-1
23062,-1
23085,-1
23108,-1
23131,-1
23154,-1
23177,-1
23200,-1
23223,-1
23246,-1
23269,-1
23292,-1
23315,-1
23338,-1
23361,-1
23384,-1
23407,-1
23430,-1
23453,-1
23476,-1
23499,-1
23522,-1
23545,-1
23568,-1
23591,-1
23614,-1
23637,-1
23660,-1
23683,-1
23706,-1
23729,-1
23752,-1
23775,-1
23798,-1
23821,-1
23844,-1
23867,-1
23890,-1
23913,-1
23936,-1
23959,-1
23982,-1
24005,-1
24028,-1
24051,-1
24074,-1
24097,-1
24120,-1
24143,-1
24166,-1
24189,-1
24212,68
24235,74
24258,75
24281,72
24304,54
24327,53
24350,53
24373,53
24396,53
24419,53
24442,54
24465,52
24488,52
24511,52
24534,52
24557,52
24580,52
24603,52
24626,51
24649,50
24672,50
24695,50
24718,50
24741,50
24764,50
24787,50
24810,50
24833,49
24856,48
24879,58
24902,48
24925,49
24948,48
24971,48
24994,48
25017,48
25040,48
25063,48
25086,48
25109,48
25132,49
25155,50
25178,50
25201,50
25224,50
25247,50
25270,51
25293,52
25316,52
25339,52
25361,52
25384,52
25407,52
25430,52
25453,52
25476,52
25499,52
25522,52
25545,52
25568,52
25591,52
25614,52
25637,52
25660,52
25683,52
25706,52
25729,52
25752,48
25775,48
25798,48
25821,48
25844,48
25867,48
25890,48
25913,48
25936,48
25959,48
25982,48
26005,48
26028,48
26051,48
26074,48
26097,48
26120,48
26143,48
26166,48
26189,48
26212,48
26235,48
26258,48
26281,48
26304,48
26327,48
26350,48
26373,48
26396,48
26419,48
26442,48
26465,48
26488,48
26511,48
26534,48
26557,48
26580,48
26603,47
26626,46
26649,45
26672,45
26695,45
26718,45
26741,45
26764,45
26787,45
26810,45
26833,45
26856,45
26879,45
26902,45
26925,45
26948,45
26971,45
26994,45
27017,45
27040,45
27063,45
27086,45
27109,72
27132,45
27155,45
27178,45
27201,45
27224,45
27247,44
27270,45
27293,45
27316,-1
27339,-1
27362,-1
27385,-1
27408,-1
27431,-1
27454,-1
27477,-1
27500,-1
27523,62
27546,53
27569,55
27592,75
27615,70
27638,49
27661,41
27684,46
27707,-1
27730,57
27753,57
27776,78
27799,59
27822,59
27845,60
27868,60
27891,60
27914,60
27937,60
27960,60
27983,60
28006,60
28029,60
28052,60
28075,60
28098,60
28121,60
28144,60
28167,60
28190,60
28213,60
28236,60
28259,60
28282,71
28305,57
28328,57
28351,57
28374,57
28397,57
28420,57
28443,57
28466,57
28489,57
28512,57
28535,57
28558,57
28581,57
28604,57
28627,56
28650,56
28673,56
28696,57
28719,58
28741,59
28764,60
28787,60
28810,60
28833,60
28856,60
28879,60
28902,60
28925,60
28948,60
28971,60
28994,60
29017,60
29040,58
29063,59
29086,61
29109,61
29132,61
29155,61
29178,62
29201,62
29224,62
29247,62
29270,61
29293,59
29316,58
29339,-1
29362,-1
29385,-1
29408,-1
29431,60
29454,60
29477,-1
29500,-1
29523,-1
29546,-1
29569,-1
29592,-1
29615,-1
29638,-1
29661,-1
29684,-1
29707,-1
29730,-1
29753,-1
29776,-1
29799,-1
29822,-1
29845,-1
29868,-1
29891,-1
29914,-1
29937,-1
29960,-1
29983,-1
30006,-1
30029,-1
30052,-1
30075,-1
30098,-1
30121,-1
30144,-1
30167,-1
30190,-1
30213,-1
30236,-1
30259,-1
30282,-1
30305,-1
30328,-1
30351,-1
30374,-1
30397,-1
30420,-1
30443,-1
30466,-1
30489,-1
30512,-1
30535,-1
30558,-1
30581,-1
30604,-1
30627,-1
30650,-1
30673,-1
30696,-1
30719,-1
30742,-1
30765,-1
30788,-1
30811,-1
30834,-1
30857,-1
30880,-1
30903,-1
30926,-1
30949,-1
30972,-1
30995,-1
31018,-1
31041,-1
31064,-1
31087,-1
31110,-1
31133,-1
31156,-1
31179,-1
31202,-1
31225,-1
31248,-1
31271,-1
31294,-1
31317,72
31340,72
31363,53
31386,53
31409,53
31432,53
31455,53
31478,72
31501,-1
31524,-1
31547,54
31570,55
31593,55
31616,55
31639,56
31662,57
31685,57
31708,57
31731,57
31754,56
31777,56
31800,55
31823,55
31846,55
31869,55
31892,55
31915,55
31938,55
31961,55
31984,54
32007,53
32030,53
32053,53
32076,53
32099,53
32121,53
32144,53
32167,53
32190,53
32213,53
32236,53
32259,53
32282,54
32305,54
32328,55
32351,55
32374,55
32397,55
32420,55
32443,55
32466,55
32489,55
32512,55
32535,55
32558,55
32581,55
32604,-1
32627,56
32650,56
32673,55
32696,55
32719,55
32742,56
32765,57
32788,57
32811,57
32834,57
32857,57
32880,57
32903,57
32926,55
32949,53
32972,-1
32995,-1
33018,-1
33041,-1
33064,-1
33087,-1
33110,-1
33133,-1
33156,-1
33179,-1
33202,-1
33225,-1
33248,-1
33271,-1
33294,-1
33317,-1
33340,-1
33363,-1
33386,-1
33409,-1
33432,-1
33455,-1
33478,-1
33501,-1
33524,-1
33547,-1
33570,-1
33593,-1
33616,-1
33639,-1
33662,-1
33685,-1
33708,-1
33731,-1
33754,-1
33777,-1
33800,-1
33823,-1
33846,-1
33869,-1
33892,-1
33915,-1
33938,-1
33961,-1
33984,-1
34007,-1
34030,-1
34053,-1
34076,-1
34099,-1
34122,-1
34145,-1
34168,-1
34191,-1
34214,-1
34237,-1
34260,-1
34283,-1
34306,-1
34329,-1
34352,-1
34375,-1
34398,-1
34421,-1
34444,-1
34467,-1
34490,-1
34513,-1
34536,-1
34559,-1
34582,-1
34605,-1
34628,-1
34651,-1
34674,-1
34697,-1
34720,-1
34743,-1
34766,-1
34789,-1
34812,-1
34835,-1
34858,75
34881,56
34904,70
34927,58
34950,59
34973,60
34996,60
35019,60
35042,60
35065,60
35088,60
35111,60
35134,60
35157,60
35180,60
35203,60
35226,60
35249,60
35272,60
35295,60
35318,60
35341,60
35364,60
35387,58
35410,57
35433,57
35456,57
35479,57
35501,57
35524,57
35547,57
35570,57
35593,57
35616,57
35639,57
35662,57
35685,57
35708,57
35731,56
35754,55
35777,56
35800,57
35823,57
35846,59
35869,77
35892,60
35915,60
35938,60
35961,60
35984,60
36007,60
36030,60
36053,60
36076,60
36099,60
36122,60
36145,60
36168,59
36191,60
36214,60
36237,60
36260,60
36283,60
36306,61
36329,62
36352,62
36375,62
36398,60
36421,59
36444,55
36467,50
36490,-1
36513,60
36536,60
36559,-1
36582,-1
36605,-1
36628,-1
36651,-1
36674,-1
36697,-1
36720,-1
36743,-1
36766,-1
36789,-1
36812,-1
36835,-1
36858,-1
36881,-1
36904,-1
36927,-1
36950,-1
36973,-1
36996,-1
37019,-1
37042,-1
37065,-1
37088,-1
37111,-1
37134,84
37157,84
37180,-1
37203,-1
37226,-1
37249,-1
37272,-1
37295,-1
37318,-1
37341,-1
37364,-1
37387,-1
37410,-1
37433,-1
37456,-1
37479,-1
37502,-1
37525,-1
37548,-1
37571,-1
37594,-1
37617,-1
37640,-1
37663,-1
37686,-1
37709,-1
37732,-1
37755,-1
37778,-1
37801,-1
37824,-1
37847,-1
37870,-1
37893,-1
37916,-1
37939,-1
37962,-1
37985,-1
38008,-1
38031,-1
38054,-1
38077,-1
38100,-1
38123,-1
38146,-1
38169,-1
38192,-1
38215,-1
38238,-1
38261,-1
38284,-1
38307,-1
38330,-1
38353,-1
38376,-1
38399,-1
38422,-1
38445,52
38468,53
38491,53
38514,53
38537,53
38560,53
38583,-1
38606,-1
38629,-1
38652,41
38675,56
38698,57
38721,57
38744,57
38767,57
38790,57
38813,57
38836,57
38859,57
38881,55
38904,55
38927,55
38950,55
38973,55
38996,55
39019,55
39042,55
39065,55
39088,54
39111,54
39134,53
39157,53
39180,53
39203,53
39226,53
39249,53
39272,53
39295,53
39318,53
39341,53
39364,53
39387,53
39410,54
39433,55
39456,55
39479,55
39502,55
39525,55
39548,55
39571,55
39594,55
39617,55
39640,55
39663,54
39686,53
39709,-1
39732,-1
39755,55
39778,55
39801,55
39824,55
39847,55
39870,56
39893,57
39916,57
39939,57
39962,57
39985,57
40008,56
40031,56
40054,55
40077,53
40100,-1
40123,-1
40146,-1
40169,-1
40192,-1
40215,-1
40238,-1
40261,-1
40284,-1
40307,-1
40330,-1
40353,-1
40376,-1
40399,-1
40422,-1
40445,-1
40468,-1
40491,-1
40514,-1
40537,-1
40560,-1
40583,-1
40606,-1
40629,-1
40652,-1
40675,-1
40698,-1
40721,-1
40744,-1
40767,-1
40790,-1
40813,-1
40836,-1
40859,-1
40882,-1
40905,-1
40928,-1
40951,-1
40974,-1
40997,-1
41020,-1
41043,-1
41066,-1
41089,75
41112,74
41135,58
41158,60
41181,60
41204,60
41227,61
41250,60
41273,57
41296,54
41319,57
41342,57
41365,58
41388,60
41411,62
41434,59
41457,74
41480,83
41503,50
41526,72
41549,59
41572,60
41595,61
41618,60
41641,60
41664,60
41687,57
41710,81
41733,59
41756,58
41779,58
41802,58
41825,58
41848,57
41871,58
41894,58
41917,57
41940,57
41963,57
41986,58
42009,59
42032,60
42055,60
42078,60
42101,60
42124,60
42147,60
42170,60
42193,57
42216,57
42239,57
42261,54
42284,56
42307,82
42330,74
42353,68
42376,64
42399,60
42422,59
42445,61
42468,60
42491,60
42514,60
42537,60
42560,60
42583,60
42606,58
42629,58
42652,58
42675,57
42698,57
42721,57
42744,57
42767,57
42790,56
42813,55
42836,56
42859,59
42882,60
42905,60
42928,60
42951,60
42974,62
42997,62
43020,62
43043,62
43066,62
43089,62
43112,61
43135,60
43158,59
43181,57
43204,57
43227,57
43250,57
43273,57
43296,56
43319,56
43342,-1
43365,-1
43388,-1
43411,-1
43434,-1
43457,-1
43480,-1
43503,-1
43526,-1
43549,-1
43572,-1
43595,-1
43618,-1
43641,-1
43664,-1
43687,-1
43710,-1
43733,-1
43756,-1
43779,-1
43802,-1
43825,-1
43848,-1
43871,-1
43894,-1
43917,-1
43940,-1
43963,-1
43986,-1
44009,-1
44032,-1
44055,-1
44078,-1
44101,-1
44124,-1
44147,-1
44170,-1
44193,-1
44216,-1
44239,-1
44262,-1
44285,-1
44308,-1
44331,-1
44354,-1
44377,-1
44400,-1
44423,-1
44446,-1
44469,-1
44492,-1
44515,-1
44538,-1
44561,-1
44584,-1
44607,-1
44630,55
44653,68
44676,56
44699,56
44722,56
44745,57
44768,57
44791,57
44814,57
44837,57
44860,57
44883,57
44906,57
44929,57
44952,57
44975,57
44998,57
45021,57
45044,57
45067,57
45090,57
45113,57
45136,57
45159,57
45182,57
45205,57
45228,57
45251,-1
45274,-1
45297,60
45320,57
45343,57
45366,55
45389,55
45412,57
45435,57
45458,79
45481,53
45504,64
45527,60
45550,60
45573,60
45596,60
45619,59
45641,59
45664,60
45687,59
45710,47
45733,61
45756,69
45779,57
45802,57
45825,57
45848,57
45871,57
45894,57
45917,57
45940,69
45963,54
45986,55
46009,55
46032,55
46055,55
46078,55
46101,55
46124,55
46147,55
46170,54
46193,53
46216,53
46239,53
46262,52
46285,55
46308,70
46331,42
46354,74
46377,70
46400,59
46423,54
46446,54
46469,53
46492,54
46515,54
46538,55
46561,55
46584,55
46607,55
46630,55
46653,74
46676,55
46699,55
46722,54
46745,49
46768,51
46791,53
46814,53
46837,53
46860,53
46883,53
46906,53
46929,54
46952,55
46975,55
46998,55
47021,55
47044,55
47067,55
47090,54
47113,53
47136,52
47159,51
47182,50
47205,50
47228,50
47251,49
47274,49
47297,78
47320,-1
47343,-1
47366,-1
47389,-1
47412,62
47435,-1
47458,-1
47481,-1
47504,-1
47527,-1
47550,-1
47573,-1
47596,-1
47619,-1
47642,-1
47665,-1
47688,-1
47711,-1
47734,-1
47757,-1
47780,-1
47803,-1
47826,-1
47849,-1
47872,-1
47895,-1
47918,-1
47941,-1
47964,-1
47987,-1
48010,-1
48033,-1
48056,-1
48079,-1
48102,-1
48125,-1
48148,-1
48171,-1
48194,75
48217,56
48240,56
48263,57
48286,57
48309,58
48332,58
48355,57
48378,56
48401,55
48424,57
48447,58
48470,57
48493,57
48516,55
48539,53
48562,52
48585,52
48608,52
48631,54
48654,57
48677,57
48700,57
48723,57
48746,57
48769,57
48792,57
48815,57
48838,57
48861,72
48884,57
48907,57
48930,57
48953,57
48976,57
48999,57
49021,57
49044,57
49067,57
49090,57
49113,58
49136,58
49159,58
49182,58
49205,58
49228,58
49251,57
49274,57
49297,59
49320,57
49343,57
49366,57
49389,57
49412,57
49435,57
49458,57
49481,57
49504,57
49527,56
49550,79
49573,55
49596,55
49619,55
49642,54
49665,55
49688,55
49711,55
49734,79
49757,67
49780,53
49803,53
49826,53
49849,53
49872,53
49895,53
49918,53
49941,53
49964,53
49987,53
50010,53
50033,53
50056,53
50079,54
50102,55
50125,55
50148,55
50171,55
50194,55
50217,55
50240,55
50263,56
50286,55
50309,60
50332,-1
50355,73
50378,55
50401,69
50424,54
50447,54
50470,53
50493,54
50516,54
50539,55
50562,55
50585,55
50608,55
50631,54
50654,53
50677,53
50700,51
50723,49
50746,50
50769,50
50792,50
50815,50
50838,50
50861,-1
50884,-1
50907,60
50930,-1
50953,-1
50976,-1
50999,-1
51022,-1
51045,-1
51068,-1
51091,-1
51114,-1
51137,-1
51160,-1
51183,-1
51206,-1
51229,-1
51252,-1
51275,-1
51298,-1
51321,-1
51344,-1
51367,-1
51390,-1
51413,-1
51436,-1
51459,-1
51482,-1
51505,-1
51528,-1
51551,-1
51574,-1
51597,-1
51620,-1
51643,-1
51666,-1
51689,-1
51712,-1
51735,50
51758,53
51781,56
51804,56
51827,56
51850,57
51873,57
51896,58
51919,57
51942,58
51965,57
51988,57
52011,57
52034,57
52057,57
52080,52
52103,52
52126,50
52149,53
52172,55
52195,58
52218,57
52241,57
52264,57
52287,57
52310,57
52333,57
52356,57
52379,57
52401,57
52424,57
52447,57
52470,57
52493,55
52516,57
52539,57
52562,45
52585,52
52608,53
52631,72
52654,73
52677,79
52700,58
52723,58
52746,58
52769,58
52792,58
52815,58
52838,58
52861,58
52884,57
52907,57
52930,57
52953,57
52976,41
52999,52
53022,50
53045,52
53068,52
53091,70
53114,55
53137,55
53160,55
53183,55
53206,55
53229,54
53252,54
53275,53
53298,53
53321,53
53344,53
53367,53
53390,76
53413,52
53436,79
53459,71
53482,81
53505,75
53528,78
53551,66
53574,53
53597,53
53620,54
53643,55
53666,56
53689,55
53712,55
53735,55
53758,55
53781,56
53804,57
53827,59
53850,64
53873,81
53896,51
53919,50
53942,50
53965,68
53988,54
54011,53
54034,53
54057,77
54080,55
54103,56
54126,56
54149,55
54172,55
54195,54
54218,54
54241,78
54264,78
54287,50
54310,50
54333,50
54356,51
54379,50
54402,50
54425,49
54448,-1
54471,50
54494,53
54517,54
54540,-1
54563,-1
54586,-1
54609,-1
54632,-1
54655,-1
54678,-1
54701,-1
54724,-1
54747,-1
54770,-1
54793,-1
54816,-1
54839,-1
54862,-1
54885,-1
54908,-1
54931,-1
54954,-1
54977,-1
55000,-1
55023,-1
55046,-1
55069,66
55092,54
55115,67
55138,69
55161,51
55184,52
55207,51
55230,50
55253,50
55276,50
55299,53
55322,58
55345,72
55368,59
55391,60
55414,60
55437,60
55460,60
55483,44
55506,55
55529,57
55552,57
55575,57
55598,59
55621,82
55644,60
55667,53
55690,64
55713,57
55736,60
55759,60
55781,60
55804,60
55827,60
55850,61
55873,61
55896,82
55919,63
55942,79
55965,58
55988,57
56011,57
56034,57
56057,57
56080,58
56103,57
56126,57
56149,57
56172,57
56195,59
56218,60
56241,60
56264,60
56287,60
56310,60
56333,61
56356,60
56379,60
56402,56
56425,57
56448,57
56471,55
56494,70
56517,58
56540,68
56563,82
56586,63
56609,72
56632,58
56655,60
56678,60
56701,60
56724,60
56747,60
56770,60
56793,60
56816,59
56839,58
56862,57
56885,57
56908,57
56931,57
56954,57
56977,57
57000,56
57023,55
57046,51
57069,57
57092,60
57115,60
57138,60
57161,60
57184,61
57207,62
57230,62
57253,62
57276,61
57299,61
57322,60
57345,59
57368,58
57391,58
57414,57
57437,57
57460,57
57483,57
57506,56
57529,55
57552,-1
57575,-1
57598,-1
57621,-1
57644,-1
57667,-1
57690,-1
57713,-1
57736,-1
57759,-1
57782,-1
57805,-1
57828,-1
57851,-1
57874,-1
57897,-1
57920,-1
57943,-1
57966,-1
57989,-1
58012,-1
58035,-1
58058,-1
58081,-1
58104,-1
58127,-1
58150,-1
58173,-1
58196,-1
58219,-1
58242,-1
58265,-1
58288,-1
58311,-1
58334,-1
58357,-1
58380,-1
58403,-1
58426,-1
58449,-1
58472,-1
58495,-1
58518,-1
58541,-1
58564,-1
58587,-1
58610,-1
58633,-1
58656,80
58679,71
58702,63
58725,65
58748,81
58771,57
58794,80
58817,-1
58840,-1
58863,66
58886,68
58909,57
58932,57
58955,57
58978,57
59001,57
59024,57
59047,57
59070,57
59093,57
59116,57
59139,57
59161,57
59184,57
59207,57
59230,69
59253,57
59276,57
59299,57
59322,57
59345,57
59368,57
59391,57
59414,57
59437,57
59460,57
59483,57
59506,57
59529,57
59552,57
59575,57
59598,57
59621,57
59644,57
59667,57
59690,57
59713,57
59736,57
59759,57
59782,58
59805,58
59828,58
59851,58
59874,58
59897,65
59920,64
59943,49
59966,45
59989,57
60012,57
60035,57
60058,57
60081,57
60104,56
60127,55
60150,54
60173,54
60196,67
60219,55
60242,55
60265,55
60288,55
60311,55
60334,55
60357,55
60380,54
60403,53
60426,53
60449,53
60472,53
60495,53
60518,53
60541,53
60564,53
60587,53
60610,53
60633,53
60656,53
60679,53
60702,53
60725,53
60748,54
60771,55
60794,55
60817,55
60840,55
60863,55
60886,55
60909,55
60932,55
60955,54
60978,54
61001,53
61024,53
61047,53
61070,52
61093,53
61116,53
61139,54
61162,55
61185,55
61208,55
61231,55
61254,55
61277,55
61300,55
61323,54
61346,76
61369,48
61392,45
61415,46
61438,77
61461,84
61484,-1
61507,-1
61530,-1
61553,-1
61576,-1
61599,-1
61622,-1
61645,-1
61668,-1
61691,-1
61714,-1
61737,-1
61760,-1
61783,-1
61806,-1
61829,-1
61852,-1
61875,-1
61898,-1
61921,-1
61944,-1
61967,-1
61990,-1
62013,-1
62036,-1
62059,75
62082,-1
62105,73
62128,-1
62151,-1
62174,-1
62197,-1
62220,-1
62243,-1
62266,-1
62289,-1
62312,-1
62335,-1
62358,-1
62381,-1
62404,81
62427,53
62450,55
62473,56
62496,56
62519,57
62541,58
62564,58
62587,65
62610,82
62633,65
62656,60
62679,56
62702,57
62725,57
62748,57
62771,55
62794,55
62817,84
62840,53
62863,55
62886,56
62909,57
62932,57
62955,55
62978,84
63001,77
63024,60
63047,59
63070,81
63093,59
63116,70
63139,57
63162,57
63185,57
63208,57
63231,57
63254,57
63277,-1
63300,-1
63323,57
63346,58
63369,58
63392,58
63415,58
63438,58
63461,58
63484,58
63507,58
63530,58
63553,57
63576,57
63599,57
63622,57
63645,57
63668,57
63691,57
63714,57
63737,56
63760,56
63783,55
63806,55
63829,55
63852,55
63875,55
63898,54
63921,54
63944,53
63967,53
63990,53
64013,53
64036,52
64059,52
64082,53
64105,-1
64128,-1
64151,-1
64174,53
64197,53
64220,53
64243,53
64266,53
64289,54
64312,55
64335,55
64358,55
64381,55
64404,55
64427,55
64450,54
64473,74
64496,67
64519,63
64542,57
64565,57
64588,57
64611,52
64634,53
64657,53
64680,54
64703,54
64726,54
64749,55
64772,56
64795,56
64818,55
64841,55
64864,54
64887,53
64910,52
64933,50
64956,79
64979,50
65002,-1
65025,-1
65048,-1
65071,-1
65094,-1
65117,-1
65140,-1
65163,-1
65186,-1
65209,-1
65232,-1
65255,-1
65278,-1
65301,-1
65324,-1
65347,-1
65370,-1
65393,-1
65416,-1
65439,-1
65462,-1
65485,-1
65508,-1
65531,-1
65554,-1
65577,-1
65600,-1
65623,-1
65646,-1
65669,-1
65692,-1
65715,-1
65738,-1
65761,-1
65784,-1
65807,-1
65830,-1
65853,-1
65876,-1
65899,-1
65921,-1
65944,-1
65967,80
65990,75
66013,55
66036,56
66059,56
66082,56
66105,57
66128,57
66151,57
66174,57
66197,57
66220,57
66243,57
66266,57
66289,57
66312,57
66335,57
66358,57
66381,57
66404,57
66427,57
66450,57
66473,57
66496,69
66519,57
66542,65
66565,66
66588,45
66611,65
66634,70
66657,57
66680,58
66703,57
66726,57
66749,57
66772,57
66795,57
66818,57
66841,57
66864,57
66887,70
66910,58
66933,58
66956,58
66979,58
67002,58
67025,58
67048,57
67071,56
67094,57
67117,57
67140,57
67163,57
67186,57
67209,57
67232,57
67255,57
67278,56
67301,56
67324,55
67347,55
67370,55
67393,55
67416,55
67439,55
67462,55
67485,55
67508,54
67531,52
67554,53
67577,53
67600,53
67623,51
67646,51
67669,49
67692,60
67715,57
67738,80
67761,61
67784,53
67807,53
67830,53
67853,53
67876,54
67899,55
67922,55
67945,55
67968,55
67991,55
68014,55
68037,55
68060,56
68083,57
68106,57
68129,57
68152,55
68175,75
68198,-1
68221,55
68244,55
68267,55
68290,55
68313,55
68336,55
68359,55
68382,55
68405,55
68428,55
68451,55
68474,55
68497,55
68520,55
68543,55
68566,55
68589,55
68612,55
68635,55
68658,55
68681,-1
68704,-1
68727,-1
68750,-1
68773,-1
68796,-1
68819,-1
68842,-1
68865,-1
68888,-1
68911,-1
68934,-1
68957,-1
68980,-1
69003,-1
69026,-1
69049,-1
69072,-1
69095,-1
69118,-1
69141,-1
69164,-1
69187,-1
69210,-1
69233,-1
69256,-1
69279,-1
69301,-1
69324,-1
69347,-1
69370,-1
69393,-1
69416,-1
69439,-1
69462,-1
69485,-1
69508,-1
69531,-1
69554,-1
69577,-1
69600,-1
69623,-1
69646,-1
69669,-1
69692,-1
69715,-1
69738,-1
69761,61
69784,49
69807,49
69830,49
69853,49
69876,50
69899,62
69922,62
69945,62
69968,50
69991,50
70014,50
70037,50
70060,50
70083,50
70106,84
70129,84
70152,50
70175,50
70198,51
70221,49
70244,48
70267,48
70290,-1
70313,-1
70336,-1
70359,-1
70382,84
70405,70
70428,53
70451,52
70474,52
70497,52
70520,52
70543,53
70566,53
70589,53
70612,53
70635,52
70658,53
70681,53
70704,53
70727,53
70750,53
70773,52
70796,52
70819,52
70842,52
70865,52
70888,52
70911,51
70934,50
70957,50
70980,50
71003,50
71026,50
71049,50
71072,50
71095,48
71118,48
71141,48
71164,48
71187,48
71210,72
71233,80
71256,69
71279,63
71302,65
71325,59
71348,51
71371,51
71394,50
71417,50
71440,50
71463,51
71486,52
71509,52
71532,52
71555,52
71578,52
71601,52
71624,51
71647,66
71670,47
71693,54
71716,52
71739,82
71762,55
71785,48
71808,48
71831,48
71854,48
71877,48
71900,48
71923,48
71946,48
71969,48
71992,48
72015,48
72038,48
72061,48
72084,48
72107,48
72130,48
72153,48
72176,48
72199,47
72222,84
72245,45
72268,-1
72291,-1
72314,-1
72337,-1
72360,-1
72383,-1
72406,-1
72429,-1
72452,-1
72475,-1
72498,-1
72521,-1
72544,-1
72567,-1
72590,-1
72613,-1
72636,-1
72659,-1
72681,-1
72704,-1
72727,-1
72750,-1
72773,-1
72796,-1
72819,-1
72842,-1
72865,-1
72888,-1
72911,-1
72934,-1
72957,-1
72980,-1
73003,-1
73026,-1
73049,-1
73072,-1
73095,-1
73118,-1
73141,-1
73164,-1
73187,-1
73210,-1
73233,-1
73256,-1
73279,-1
73302,-1
73325,-1
73348,-1
73371,-1
73394,-1
73417,-1
73440,-1
73463,-1
73486,-1
73509,-1
73532,-1
73555,-1
73578,-1
73601,-1
73624,-1
73647,-1
73670,-1
73693,-1
73716,-1
73739,-1
73762,-1
73785,-1
73808,-1
73831,-1
73854,-1
73877,-1
73900,-1
73923,-1
73946,-1
73969,65
73992,67
74015,52
74038,53
74061,72
74084,53
74107,53
74130,53
74153,53
74176,53
74199,52
74222,52
74245,52
74268,52
74291,52
74314,52
74337,52
74360,52
74383,71
74406,52
74429,49
74452,50
74475,50
74498,50
74521,50
74544,50
74567,50
74590,50
74613,61
74636,59
74659,48
74682,48
74705,48
74728,48
74751,48
74774,48
74797,48
74820,48
74843,48
74866,48
74889,48
74912,49
74935,50
74958,50
74981,50
75004,50
75027,51
75050,51
75073,52
75096,52
75119,52
75142,52
75165,52
75188,52
75211,52
75234,52
75257,52
75280,52
75303,52
75326,52
75349,52
75372,52
75395,52
75418,52
75441,52
75464,52
75487,52
75510,52
75533,50
75556,50
75579,49
75602,48
75625,48
75648,48
75671,48
75694,48
75717,48
75740,48
75763,48
75786,48
75809,48
75832,48
75855,48
75878,48
75901,48
75924,48
75947,48
75970,48
75993,48
76016,48
76039,48
76061,48
76084,48
76107,48
76130,48
76153,48
76176,48
76199,48
76222,48
76245,48
76268,48
76291,48
76314,48
76337,48
76360,48
76383,48
76406,46
76429,45
76452,45
76475,45
76498,45
76521,45
76544,45
76567,45
76590,45
76613,45
76636,45
76659,45
76682,45
76705,45
76728,45
76751,45
76774,45
76797,45
76820,45
76843,45
76866,45
76889,44
76912,44
76935,43
76958,43
76981,43
77004,43
77027,77
77050,70
77073,70
77096,-1
77119,-1
77142,-1
77165,-1
77188,-1
77211,84
77234,48
77257,-1
77280,-1
77303,-1
77326,-1
77349,-1
77372,-1
77395,-1
77418,-1
77441,-1
77464,-1
77487,-1
77510,77
77533,53
77556,53
77579,53
77602,53
77625,53
77648,53
77671,53
77694,53
77717,53
77740,52
77763,52
77786,52
77809,52
77832,52
77855,52
77878,52
77901,52
77924,52
77947,52
77970,52
77993,51
78016,50
78039,50
78062,50
78085,50
78108,50
78131,50
78154,50
78177,48
78200,48
78223,48
78246,48
78269,48
78292,48
78315,70
78338,48
78361,50
78384,53
78407,81
78430,50
78453,54
78476,51
78499,50
78522,50
78545,50
78568,51
78591,52
78614,52
78637,52
78660,52
78683,52
78706,52
78729,52
78752,48
78775,78
78798,76
78821,52
78844,69
78867,58
78890,48
78913,48
78936,48
78959,48
78982,48
79005,48
79028,49
79051,48
79074,48
79097,48
79120,48
79143,48
79166,48
79189,48
79212,47
79235,48
79258,47
79281,48
79304,84
79327,84
79350,84
79373,47
79396,84
79419,84
79441,-1
79464,-1
79487,-1
79510,-1
79533,-1
79556,-1
79579,-1
79602,-1
79625,-1
79648,-1
79671,-1
79694,-1
79717,-1
79740,-1
79763,-1
79786,-1
79809,-1
79832,-1
79855,-1
79878,-1
79901,-1
79924,-1
79947,-1
79970,-1
79993,-1
80016,-1
80039,-1
80062,-1
80085,-1
80108,-1
80131,-1
80154,-1
80177,-1
80200,-1
80223,-1
80246,-1
80269,-1
80292,-1
80315,-1
80338,-1
80361,-1
80384,-1
80407,-1
80430,-1
80453,-1
80476,-1
80499,-1
80522,-1
80545,-1
80568,-1
80591,-1
80614,-1
80637,-1
80660,-1
80683,-1
80706,-1
80729,-1
80752,-1
80775,-1
80798,-1
80821,-1
80844,-1
80867,-1
80890,-1
80913,-1
80936,-1
80959,-1
80982,-1
81005,-1
81028,-1
81051,-1
81074,-1
81097,-1
81120,73
81143,75
81166,53
81189,72
81212,53
81235,53
81258,53
81281,53
81304,53
81327,53
81350,52
81373,52
81396,52
81419,52
81442,52
81465,52
81488,52
81511,52
81534,50
81557,50
81580,50
81603,50
81626,50
81649,50
81672,50
81695,50
81718,50
81741,48
81764,48
81787,49
81810,49
81833,48
81856,48
81879,48
81902,48
81925,48
81948,48
81971,48
81994,48
82017,49
82040,49
82063,50
82086,50
82109,50
82132,50
82155,51
82178,52
82201,52
82224,52
82247,52
82270,52
82293,52
82316,52
82339,52
82362,52
82385,52
82408,52
82431,52
82454,52
82477,52
82500,52
82523,52
82546,52
82569,52
82592,52
82615,51
82638,48
82661,48
82684,48
82707,48
82730,48
82753,48
82776,48
82799,48
82821,48
82844,48
82867,48
82890,48
82913,48
82936,48
82959,48
82982,48
83005,48
83028,48
83051,48
83074,48
83097,48
83120,48
83143,48
83166,48
83189,48
83212,48
83235,48
83258,48
83281,48
83304,48
83327,48
83350,48
83373,48
83396,48
83419,48
83442,48
83465,48
83488,47
83511,45
83534,57
83557,45
83580,57
83603,45
83626,45
83649,45
83672,45
83695,45
83718,45
83741,45
83764,45
83787,45
83810,45
83833,45
83856,45
83879,45
83902,45
83925,45
83948,45
83971,73
83994,45
84017,45
84040,45
84063,45
84086,45
84109,45
84132,44
84155,84
84178,-1
84201,-1
84224,-1
84247,-1
84270,-1
84293,-1
84316,-1
84339,-1
84362,-1
84385,-1
84408,-1
84431,-1
84454,-1
84477,-1
84500,-1
84523,-1
84546,-1
84569,-1
84592,-1
84615,-1
84638,-1
84661,60
84684,58
84707,58
84730,58
84753,59
84776,60
84799,60
84822,60
84845,60
84868,60
84891,60
84914,60
84937,60
84960,60
84983,60
85006,60
85029,60
85052,60
85075,60
85098,60
85121,60
85144,60
85167,59
85190,57
85213,57
85236,57
85259,57
85282,57
85305,57
85328,57
85351,57
85374,57
85397,57
85420,57
85443,57
85466,57
85489,57
85512,56
85535,55
85558,56
85581,57
85604,58
85627,58
85650,59
85673,59
85696,60
85719,60
85742,60
85765,60
85788,60
85811,60
85834,60
85857,60
85880,60
85903,60
85926,58
85949,57
85972,61
85995,61
86018,61
86041,61
86064,62
86087,62
86110,62
86133,62
86156,61
86179,59
86201,58
86224,-1
86247,-1
86270,-1
86293,-1
86316,-1
86339,-1
86362,60
86385,-1
86408,-1
86431,-1
86454,-1
86477,-1
86500,-1
86523,-1
86546,-1
86569,-1
86592,-1
86615,-1
86638,-1
86661,-1
86684,-1
86707,-1
86730,-1
86753,-1
86776,-1
86799,-1
86822,-1
86845,-1
86868,-1
86891,-1
86914,-1
86937,-1
86960,-1
86983,-1
87006,-1
87029,-1
87052,-1
87075,-1
87098,-1
87121,-1
87144,-1
87167,-1
87190,-1
87213,-1
87236,-1
87259,-1
87282,-1
87305,-1
87328,-1
87351,-1
87374,-1
87397,-1
87420,-1
87443,-1
87466,-1
87489,-1
87512,-1
87535,-1
87558,-1
87581,-1
87604,-1
87627,-1
87650,-1
87673,-1
87696,-1
87719,-1
87742,-1
87765,-1
87788,-1
87811,-1
87834,-1
87857,-1
87880,-1
87903,-1
87926,-1
87949,-1
87972,-1
87995,-1
88018,-1
88041,-1
88064,-1
88087,-1
88110,-1
88133,-1
88156,-1
88179,-1
88202,71
88225,72
88248,53
88271,53
88294,53
88317,53
88340,53
88363,72
88386,-1
88409,-1
88432,54
88455,55
88478,55
88501,55
88524,55
88547,56
88570,57
88593,57
88616,57
88639,56
88662,56
88685,55
88708,55
88731,55
88754,55
88777,55
88800,55
88823,55
88846,55
88869,55
88892,54
88915,53
88938,53
88961,53
88984,53
89007,53
89030,53
89053,53
89076,53
89099,53
89122,53
89145,53
89168,54
89191,54
89214,55
89237,55
89260,55
89283,55
89306,55
89329,55
89352,55
89375,55
89398,55
89421,55
89444,54
89467,55
89490,-1
89513,55
89536,56
89559,55
89581,55
89604,55
89627,56
89650,57
89673,57
89696,57
89719,57
89742,57
89765,57
89788,56
89811,54
89834,52
89857,36
89880,-1
89903,-1
89926,-1
89949,-1
89972,-1
89995,-1
90018,-1
90041,-1
90064,-1
90087,-1
90110,-1
90133,-1
90156,-1
90179,-1
90202,-1
90225,-1
90248,-1
90271,-1
90294,-1
90317,-1
90340,-1
90363,-1
90386,-1
90409,-1
90432,-1
90455,-1
90478,-1
90501,-1
90524,-1
90547,-1
90570,-1
90593,-1
90616,-1
90639,-1
90662,-1
90685,-1
90708,-1
90731,-1
90754,-1
90777,-1
90800,-1
90823,-1
90846,-1
90869,-1
90892,-1
90915,-1
90938,-1
90961,-1
90984,-1
91007,-1
91030,-1
91053,-1
91076,-1
91099,-1
91122,-1
91145,-1
91168,-1
91191,-1
91214,-1
91237,-1
91260,-1
91283,-1
91306,-1
91329,-1
91352,-1
91375,-1
91398,-1
91421,-1
91444,-1
91467,-1
91490,-1
91513,-1
91536,-1
91559,-1
91582,-1
91605,-1
91628,-1
91651,-1
91674,-1
91697,-1
91720,-1
91743,76
91766,69
91789,58
91812,59
91835,60
91858,60
91881,60
91904,60
91927,60
91950,60
91973,60
91996,60
92019,60
92042,60
92065,60
92088,60
92111,60
92134,60
92157,60
92180,60
92203,60
92226,60
92249,60
92272,59
92295,57
92318,57
92341,57
92364,57
92387,57
92410,57
92433,57
92456,57
92479,57
92502,57
92525,57
92548,57
92571,57
92594,57
92617,56
92640,55
92663,56
92686,56
92709,69
92732,58
92755,59
92778,59
92801,59
92824,59
92847,60
92870,60
92893,60
92916,60
92939,60
92961,60
92984,60
93007,60
93030,60
93053,60
93076,60
93099,60
93122,60
93145,60
93168,60
93191,61
93214,62
93237,62
93260,62
93283,61
93306,59
93329,56
93352,53
93375,62
93398,-1
93421,60
93444,-1
93467,57
93490,-1
93513,-1
93536,-1
93559,-1
93582,-1
93605,-1
93628,-1
93651,-1
93674,-1
93697,-1
93720,-1
93743,-1
93766,-1
93789,-1
93812,-1
93835,-1
93858,-1
93881,-1
93904,-1
93927,-1
93950,-1
93973,-1
93996,-1
94019,-1
94042,-1
94065,-1
94088,-1
94111,-1
94134,-1
94157,-1
94180,-1
94203,-1
94226,-1
94249,-1
94272,-1
94295,-1
94318,-1
94341,-1
94364,-1
94387,-1
94410,-1
94433,-1
94456,-1
94479,-1
94502,-1
94525,-1
94548,-1
94571,-1
94594,-1
94617,-1
94640,-1
94663,-1
94686,-1
94709,-1
94732,-1
94755,-1
94778,-1
94801,-1
94824,-1
94847,-1
94870,-1
94893,-1
94916,-1
94939,-1
94962,-1
94985,-1
95008,-1
95031,-1
95054,-1
95077,-1
95100,-1
95123,-1
95146,-1
95169,-1
95192,-1
95215,-1
95238,-1
95261,-1
95284,-1
95307,-1
95330,72
95353,53
95376,53
95399,53
95422,53
95445,52
95468,41
95491,-1
95514,-1
95537,53
95560,54
95583,55
95606,55
95629,55
95652,56
95675,57
95698,57
95721,57
95744,56
95767,55
95790,55
95813,55
95836,55
95859,55
95882,55
95905,55
95928,55
95951,54
95974,54
95997,53
96020,53
96043,53
96066,53
96089,53
96112,53
96135,53
96158,53
96181,53
96204,53
96227,53
96250,53
96273,54
96296,54
96319,55
96341,55
96364,55
96387,55
96410,55
96433,55
96456,55
96479,55
96502,55
96525,55
96548,55
96571,55
96594,55
96617,-1
96640,67
96663,55
96686,55
96709,55
96732,55
96755,56
96778,57
96801,57
96824,57
96847,57
96870,57
96893,57
96916,56
96939,55
96962,52
96985,52
97008,-1
97031,-1
97054,-1
97077,-1
97100,-1
97123,-1
97146,-1
97169,-1
97192,-1
97215,-1
97238,-1
97261,-1
97284,-1
97307,-1
97330,-1
97353,74
97376,-1
97399,-1
97422,-1
97445,-1
97468,-1
97491,-1
97514,-1
97537,-1
97560,-1
97583,-1
97606,-1
97629,-1
97652,-1
97675,-1
97698,-1
97721,-1
97744,-1
97767,-1
97790,-1
97813,-1
97836,-1
97859,-1
97882,-1
97905,-1
97928,-1
97951,-1
97974,-1
97997,74
98020,58
98043,59
98066,60
98089,60
98112,60
98135,60
98158,57
98181,55
98204,52
98227,57
98250,57
98273,54
98296,54
98319,70
98342,83
98365,73
98388,75
98411,68
98434,82
98457,60
98480,60
98503,60
98526,60
98549,60
98572,59
98595,60
98618,73
98641,58
98664,58
98687,58
98710,57
98733,57
98756,57
98779,57
98802,57
98825,57
98848,57
98871,57
98894,59
98917,60
98940,60
98963,60
98986,60
99009,60
99032,60
99055,60
99078,58
99101,57
99124,57
99147,57
99170,59
99193,46
99216,45
99239,47
99262,42
99285,58
99308,58
99331,60
99354,61
99377,60
99400,60
99423,60
99446,60
99469,60
99492,58
99515,59
99538,58
99561,57
99584,57
99607,57
99630,57
99653,57
99676,57
99699,56
99721,55
99744,57
99767,58
99790,60
99813,60
99836,60
99859,60
99882,60
99905,62
99928,62
99951,62
99974,62
99997,62
100020,62
100043,62
100066,61
100089,60
100112,61
100135,62
100158,63
100181,63
100204,64
100227,64
100250,64
100273,64
100296,64
100319,64
100342,64
100365,62
100388,59
100411,58
100434,60
100457,60
100480,60
100503,60
100526,60
100549,60
100572,60
100595,60
100618,60
100641,60
100664,59
100687,57
100710,57
100733,57
100756,58
100779,-1
100802,-1
100825,-1
100848,-1
100871,-1
100894,-1
100917,-1
100940,-1
100963,-1
100986,-1
101009,-1
101032,-1
101055,-1
101078,-1
101101,-1
101124,84
101147,84
101170,84
101193,-1
101216,-1
101239,-1
101262,-1
101285,-1
101308,-1
101331,-1
101354,-1
101377,-1
101400,-1
101423,-1
101446,-1
101469,-1
101492,-1
101515,-1
101538,-1
101561,-1
101584,-1
101607,-1
101630,-1
101653,-1
101676,-1
101699,-1
101722,-1
101745,-1
101768,-1
101791,-1
101814,-1
101837,-1
101860,-1
101883,-1
101906,-1
101929,-1
101952,-1
101975,80
101998,53
102021,56
102044,68
102067,56
102090,56
102113,57
102136,57
102159,57
102182,57
102205,57
102228,57
102251,57
102274,57
102297,57
102320,57
102343,57
102366,57
102389,57
102412,57
102435,57
102458,57
102481,57
102504,58
102527,58
102550,58
102573,58
102596,58
102619,58
102642,57
102665,57
102688,57
102711,57
102734,57
102757,57
102780,55
102803,54
102826,54
102849,53
102872,55
102895,55
102918,56
102941,56
102964,55
102987,51
103010,69
103033,56
103056,-1
103079,67
103101,54
103124,53
103147,53
103170,53
103193,53
103216,53
103239,53
103262,53
103285,-1
103308,53
103331,53
103354,53
103377,54
103400,54
103423,54
103446,55
103469,55
103492,56
103515,55
103538,55
103561,55
103584,55
103607,55
103630,54
103653,54
103676,53
103699,53
103722,54
103745,74
103768,55
103791,55
103814,55
103837,55
103860,55
103883,54
103906,53
103929,51
103952,49
103975,49
103998,49
104021,49
104044,49
104067,47
104090,84
104113,48
104136,84
104159,-1
104182,-1
104205,-1
104228,-1
104251,-1
104274,-1
104297,-1
104320,-1
104343,-1
104366,-1
104389,-1
104412,-1
104435,-1
104458,-1
104481,84
104504,84
104527,75
104550,-1
104573,-1
104596,-1
104619,-1
104642,-1
104665,-1
104688,-1
104711,-1
104734,-1
104757,-1
104780,-1
104803,-1
104826,-1
104849,-1
104872,-1
104895,-1
104918,-1
104941,-1
104964,-1
104987,-1
105010,-1
105033,-1
105056,-1
105079,-1
105102,-1
105125,-1
105148,-1
105171,-1
105194,-1
105217,-1
105240,-1
105263,-1
105286,-1
105309,-1
105332,84
105355,53
105378,56
105401,56
105424,56
105447,57
105470,57
105493,58
105516,58
105539,58
105562,57
105585,57
105608,57
105631,58
105654,57
105677,57
105700,57
105723,57
105746,57
105769,57
105792,57
105815,58
105838,57
105861,55
105884,60
105907,61
105930,70
105953,58
105976,57
105999,57
106022,57
106045,57
106068,58
106091,58
106114,58
106137,58
106160,58
106183,58
106206,58
106229,58
106252,57
106275,57
106298,57
106321,57
106344,57
106367,57
106390,57
106413,56
106436,56
106459,56
106481,55
106504,79
106527,55
106550,55
106573,55
106596,55
106619,79
106642,55
106665,74
106688,54
106711,54
106734,54
106757,54
106780,54
106803,54
106826,51
106849,54
106872,53
106895,53
106918,54
106941,55
106964,55
106987,54
107010,53
107033,79
107056,54
107079,55
107102,55
107125,55
107148,55
107171,54
107194,54
107217,53
107240,53
107263,54
107286,54
107309,55
107332,55
107355,56
107378,55
107401,55
107424,54
107447,53
107470,52
107493,50
107516,49
107539,49
107562,48
107585,48
107608,47
107631,61
107654,84
107677,48
107700,49
107723,84
107746,-1
107769,-1
107792,-1
107815,-1
107838,-1
107861,-1
107884,-1
107907,-1
107930,-1
107953,-1
107976,-1
107999,-1
108022,-1
108045,-1
108068,-1
108091,-1
108114,-1
108137,-1
108160,-1
108183,-1
108206,-1
108229,-1
108252,-1
108275,-1
108298,-1
108321,-1
108344,-1
108367,-1
108390,-1
108413,-1
108436,-1
108459,-1
108482,-1
108505,-1
108528,-1
108551,-1
108574,-1
108597,-1
108620,-1
108643,-1
108666,-1
108689,-1
108712,-1
108735,-1
108758,-1
108781,-1
108804,-1
108827,-1
108850,-1
108873,-1
108896,-1
108919,-1
108942,-1
108965,-1
108988,-1
109011,-1
109034,-1
109057,-1
109080,-1
109103,54
109126,56
109149,56
109172,56
109195,56
109218,57
109241,57
109264,57
109287,57
109310,57
109333,57
109356,57
109379,57
109402,57
109425,57
109448,57
109471,45
109494,57
109517,60
109540,58
109563,59
109586,58
109609,58
109632,58
109655,58
109678,58
109701,57
109724,63
109747,65
109770,60
109793,58
109816,57
109839,57
109861,57
109884,57
109907,56
109930,54
109953,54
109976,54
109999,55
110022,56
110045,56
110068,56
110091,56
110114,56
110137,55
110160,55
110183,55
110206,55
110229,52
110252,65
110275,53
110298,52
110321,52
110344,-1
110367,-1
110390,-1
110413,54
110436,54
110459,74
110482,53
110505,54
110528,55
110551,55
110574,55
110597,55
110620,55
110643,55
110666,55
110689,55
110712,55
110735,54
110758,54
110781,53
110804,53
110827,53
110850,54
110873,55
110896,55
110919,55
110942,55
110965,54
110988,54
111011,53
111034,51
111057,49
111080,60
111103,60
111126,60
111149,61
111172,60
111195,59
111218,-1
111241,-1
111264,-1
111287,76
111310,81
111333,69
111356,63
111379,-1
111402,-1
111425,-1
111448,-1
111471,-1
111494,-1
111517,-1
111540,-1
111563,-1
111586,-1
111609,-1
111632,-1
111655,-1
111678,-1
111701,-1
111724,-1
111747,-1
111770,-1
111793,-1
111816,-1
111839,-1
111862,-1
111885,-1
111908,-1
111931,-1
111954,77
111977,60
112000,60
112023,-1
112046,-1
112069,-1
112092,-1
112115,-1
112138,-1
112161,-1
112184,-1
112207,74
112230,74
112253,59
112276,60
112299,60
112322,60
112345,60
112368,60
112391,55
112414,54
112437,56
112460,57
112483,58
112506,48
112529,83
112552,50
112575,79
112598,70
112621,82
112644,80
112667,59
112690,60
112713,60
112736,60
112759,60
112782,60
112805,59
112828,60
112851,57
112874,59
112897,58
112920,58
112943,57
112966,57
112989,57
113012,57
113035,57
113058,56
113081,57
113104,70
113127,59
113150,60
113173,60
113196,60
113219,60
113241,60
113264,60
113287,60
113310,58
113333,58
113356,58
113379,50
113402,58
113425,54
113448,68
113471,80
113494,58
113517,79
113540,60
113563,61
113586,60
113609,60
113632,60
113655,60
113678,60
113701,60
113724,59
113747,59
113770,58
113793,57
113816,57
113839,58
113862,58
113885,58
113908,57
113931,56
113954,58
113977,61
114000,61
114023,60
114046,60
114069,61
114092,62
114115,62
114138,62
114161,62
114184,61
114207,61
114230,61
114253,60
114276,59
114299,57
114322,57
114345,57
114368,57
114391,57
114414,55
114437,56
114460,-1
114483,-1
114506,-1
114529,-1
114552,-1
114575,-1
114598,-1
114621,-1
114644,-1
114667,-1
114690,-1
114713,-1
114736,-1
114759,-1
114782,-1
114805,-1
114828,-1
114851,-1
114874,-1
114897,-1
114920,-1
114943,-1
114966,-1
114989,-1
115012,-1
115035,-1
115058,-1
115081,-1
115104,-1
115127,-1
115150,-1
115173,-1
115196,-1
115219,-1
115242,-1
115265,-1
115288,-1
115311,-1
115334,-1
115357,-1
115380,-1
115403,-1
115426,-1
115449,-1
115472,-1
115495,-1
115518,-1
115541,-1
115564,-1
115587,-1
115610,-1
115633,-1
115656,-1
115679,-1
115702,-1
115725,-1
115748,-1
115771,-1
115794,-1
115817,-1
115840,-1
115863,-1
115886,-1
115909,-1
115932,-1
115955,-1
115978,-1
116001,58
116024,58
116047,58
116070,58
116093,59
116116,60
116139,61
116162,61
116185,61
116208,60
116231,58
116254,58
116277,58
116300,58
116323,58
116346,58
116369,58
116392,58
116415,58
116438,58
116461,57
116484,57
116507,57
116530,57
116553,57
116576,58
116599,57
116621,55
116644,55
116667,55
116690,55
116713,73
116736,55
116759,55
116782,55
116805,55
116828,55
116851,55
116874,-1
116897,53
116920,53
116943,53
116966,53
116989,53
117012,53
117035,53
117058,53
117081,53
117104,53
117127,53
117150,53
117173,54
117196,54
117219,54
117242,54
117265,53
117288,53
117311,-1
117334,-1
117357,65
117380,53
117403,53
117426,53
117449,52
117472,68
117495,69
117518,-1
117541,-1
117564,80
117587,79
117610,53
117633,53
117656,54
117679,54
117702,55
117725,55
117748,55
117771,55
117794,54
117817,55
117840,53
117863,72
117886,75
117909,80
117932,51
117955,76
117978,53
118001,53
118024,54
118047,54
118070,54
118093,55
118116,55
118139,55
118162,55
118185,54
118208,54
118231,53
118254,52
118277,50
118300,49
118323,46
118346,62
118369,-1
118392,-1
118415,-1
118438,-1
118461,-1
118484,-1
118507,-1
118530,-1
118553,-1
118576,-1
118599,-1
118622,-1
118645,-1
118668,-1
118691,-1
118714,-1
118737,-1
118760,-1
118783,-1
118806,-1
118829,-1
118852,-1
118875,-1
118898,-1
118921,75
118944,73
118967,73
118990,-1
119013,-1
119036,-1
119059,-1
119082,-1
119105,-1
119128,-1
119151,-1
119174,-1
119197,-1
119220,-1
119243,-1
119266,-1
119289,-1
119312,58
119335,50
119358,54
119381,55
119404,56
119427,56
119450,56
119473,57
119496,57
119519,57
119542,57
119565,57
119588,57
119611,57
119634,57
119657,57
119680,57
119703,57
119726,57
119749,57
119772,57
119795,57
119818,57
119841,57
119864,57
119887,57
119910,57
119933,57
119956,57
119979,57
120001,57
120024,57
120047,57
120070,57
120093,55
120116,57
120139,57
120162,57
120185,-1
120208,-1
120231,58
120254,58
120277,58
120300,58
120323,58
120346,58
120369,58
120392,57
120415,57
120438,57
120461,55
120484,57
120507,57
120530,57
120553,57
120576,56
120599,71
120622,77
120645,51
120668,54
120691,55
120714,55
120737,55
120760,55
120783,55
120806,55
120829,55
120852,54
120875,54
120898,53
120921,53
120944,72
120967,53
120990,53
121013,53
121036,72
121059,-1
121082,-1
121105,54
121128,54
121151,74
121174,53
121197,53
121220,54
121243,55
121266,55
121289,55
121312,55
121335,74
121358,55
121381,55
121404,53
121427,82
121450,67
121473,72
121496,-1
121519,-1
121542,52
121565,53
121588,54
121611,54
121634,55
121657,55
121680,56
121703,55
121726,55
121749,73
121772,52
121795,75
121818,75
121841,47
121864,71
121887,-1
121910,-1
121933,-1
121956,-1
121979,-1
122002,-1
122025,-1
122048,-1
122071,-1
122094,-1
122117,-1
122140,-1
122163,-1
122186,-1
122209,74
122232,-1
122255,-1
122278,-1
122301,-1
122324,-1
122347,-1
122370,-1
122393,-1
122416,-1
122439,-1
122462,-1
122485,84
122508,84
122531,-1
122554,-1
122577,-1
122600,-1
122623,-1
122646,-1
122669,-1
122692,-1
122715,-1
122738,-1
122761,-1
122784,-1
122807,-1
122830,-1
122853,-1
122876,80
122899,55
122922,55
122945,55
122968,55
122991,55
123014,56
123037,57
123060,57
123083,57
123106,57
123129,57
123152,57
123175,57
123198,57
123221,57
123244,57
123267,57
123290,57
123313,57
123336,57
123359,57
123381,57
123404,56
123427,58
123450,50
123473,57
123496,78
123519,79
123542,82
123565,57
123588,57
123611,57
123634,57
123657,57
123680,57
123703,57
123726,57
123749,57
123772,56
123795,56
123818,56
123841,57
123864,57
123887,58
123910,58
123933,58
123956,58
123979,58
124002,58
124025,58
124048,58
124071,57
124094,57
124117,56
124140,56
124163,55
124186,55
124209,56
124232,57
124255,57
124278,57
124301,57
124324,57
124347,55
124370,54
124393,55
124416,55
124439,55
124462,55
124485,55
124508,74
124531,53
124554,53
124577,53
124600,53
124623,82
124646,71
124669,69
124692,66
124715,67
124738,53
124761,53
124784,53
124807,53
124830,54
124853,55
124876,55
124899,55
124922,55
124945,55
124968,54
124991,55
125014,57
125037,57
125060,56
125083,74
125106,62
125129,62
125152,63
125175,55
125198,55
125221,55
125244,55
125267,55
125290,55
125313,55
125336,55
125359,55
125382,55
125405,55
125428,55
125451,55
125474,55
125497,55
125520,55
125543,55
125566,55
125589,55
125612,55
125635,55
125658,55
125681,54
125704,55
125727,-1
125750,-1
125773,-1
125796,-1
125819,-1
125842,-1
125865,-1
125888,-1
125911,-1
125934,-1
125957,-1
125980,-1
126003,-1
126026,-1
126049,-1
126072,-1
126095,74
126118,55
126141,55
126164,-1
126187,-1
126210,-1
126233,-1
126256,-1
126279,-1
126302,-1
126325,-1
126348,-1
126371,-1
126394,-1
126417,-1
126440,-1
126463,-1
126486,-1
126509,-1
126532,-1
126555,-1
126578,-1
126601,-1
126624,-1
126647,57
126670,61
126693,49
126716,49
126739,49
126761,49
126784,50
126807,62
126830,63
126853,63
126876,50
126899,50
126922,50
126945,50
126968,50
126991,84
127014,65
127037,54
127060,59
127083,61
127106,53
127129,48
127152,47
127175,-1
127198,-1
127221,-1
127244,-1
127267,-1
127290,61
127313,53
127336,53
127359,52
127382,52
127405,52
127428,53
127451,53
127474,53
127497,53
127520,53
127543,53
127566,53
127589,53
127612,53
127635,52
127658,52
127681,52
127704,52
127727,52
127750,52
127773,52
127796,51
127819,50
127842,50
127865,50
127888,50
127911,50
127934,50
127957,50
127980,49
128003,48
128026,48
128049,48
128072,48
128095,51
128118,54
128141,68
128164,40
128187,59
128210,63
128233,66
128256,50
128279,50
128302,50
128325,50
128348,51
128371,51
128394,52
128417,52
128440,52
128463,52
128486,52
128509,51
128532,70
128555,71
128578,48
128601,54
128624,47
128647,60
128670,48
128693,48
128716,48
128739,48
128762,48
128785,48
128808,48
128831,48
128854,48
128877,48
128900,48
128923,48
128946,48
128969,48
128992,48
129015,48
129038,48
129061,48
129084,47
129107,84
129130,-1
129153,-1
129176,-1
129199,-1
129222,-1
129245,-1
129268,-1
129291,-1
129314,-1
129337,-1
129360,-1
129383,-1
129406,-1
129429,-1
129452,-1
129475,-1
129498,-1
129521,-1
129544,-1
129567,-1
129590,-1
129613,-1
129636,-1
129659,-1
129682,-1
129705,-1
129728,-1
129751,-1
129774,-1
129797,-1
129820,-1
129843,-1
129866,-1
129889,-1
129912,-1
129935,-1
129958,-1
129981,-1
130004,-1
130027,-1
130050,-1
130073,-1
130096,-1
130119,-1
130141,-1
130164,-1
130187,-1
130210,-1
130233,-1
130256,-1
130279,-1
130302,-1
130325,-1
130348,-1
130371,-1
130394,-1
130417,-1
130440,-1
130463,-1
130486,-1
130509,-1
130532,-1
130555,-1
130578,-1
130601,-1
130624,-1
130647,-1
130670,-1
130693,-1
130716,-1
130739,-1
130762,-1
130785,-1
130808,-1
130831,-1
130854,68
130877,67
130900,52
130923,53
130946,72
130969,53
130992,53
131015,53
131038,53
131061,53
131084,52
131107,52
131130,52
131153,52
131176,52
131199,52
131222,52
131245,52
131268,52
131291,51
131314,50
131337,50
131360,50
131383,50
131406,50
131429,50
131452,50
131475,50
131498,50
131521,48
131544,59
131567,48
131590,48
131613,48
131636,48
131659,48
131682,48
131705,48
131728,48
131751,48
131774,48
131797,49
131820,50
131843,50
131866,50
131889,50
131912,50
131935,51
131958,52
131981,52
132004,52
132027,52
132050,52
132073,52
132096,52
132119,52
132142,52
132165,52
132188,52
132211,52
132234,52
132257,52
132280,52
132303,52
132326,52
132349,52
132372,52
132395,52
132418,51
132441,49
132464,49
132487,48
132510,48
132533,48
132556,48
132579,48
132602,48
132625,48
132648,48
132671,48
132694,48
132717,48
132740,48
132763,48
132786,48
132809,48
132832,48
132855,48
132878,48
132901,48
132924,48
132947,48
132970,48
132993,48
133016,48
133039,48
133062,48
133085,48
133108,48
133131,48
133154,48
133177,48
133200,48
133223,48
133246,48
133269,48
133292,48
133315,46
133338,45
133361,45
133384,45
133407,45
133430,45
133453,45
133476,45
133499,45
133521,45
133544,45
133567,45
133590,45
133613,45
133636,45
133659,45
133682,45
133705,45
133728,45
133751,45
133774,45
133797,45
133820,44
133843,43
133866,43
133889,43
133912,43
133935,76
133958,59
133981,-1
134004,-1
134027,-1
134050,-1
134073,-1
134096,-1
134119,-1
134142,-1
134165,-1
134188,-1
134211,-1
134234,-1
134257,-1
134280,-1
134303,-1
134326,-1
134349,-1
134372,-1
134395,-1
134418,61
134441,53
134464,53
134487,52
134510,53
134533,53
134556,54
134579,53
134602,53
134625,52
134648,52
134671,52
134694,52
134717,52
134740,52
134763,52
134786,52
134809,52
134832,52
134855,52
134878,51
134901,51
134924,50
134947,50
134970,50
134993,50
135016,50
135039,50
135062,49
135085,48
135108,48
135131,48
135154,49
135177,48
135200,44
135223,82
135246,79
135269,83
135292,72
135315,53
135338,53
135361,51
135384,51
135407,50
135430,50
135453,51
135476,52
135499,52
135522,52
135545,52
135568,52
135591,52
135614,52
135637,77
135660,54
135683,69
135706,44
135729,83
135752,65
135775,49
135798,48
135821,48
135844,48
135867,48
135890,48
135913,49
135936,48
135959,48
135982,48
136005,48
136028,48
136051,48
136074,48
136097,47
136120,47
136143,47
136166,47
136189,47
136212,84
136235,78
136258,84
136281,48
136304,-1
136327,-1
136350,-1
136373,-1
136396,-1
136419,-1
136442,-1
136465,-1
136488,-1
136511,-1
136534,-1
136557,-1
136580,-1
136603,-1
136626,-1
136649,-1
136672,-1
136695,-1
136718,-1
136741,-1
136764,-1
136787,-1
136810,-1
136833,-1
136856,-1
136879,-1
136901,-1
136924,-1
136947,-1
136970,-1
136993,-1
137016,-1
137039,-1
137062,-1
137085,-1
137108,-1
137131,-1
137154,-1
137177,-1
137200,-1
137223,-1
137246,-1
137269,-1
137292,-1
137315,-1
137338,-1
137361,-1
137384,-1
137407,-1
137430,-1
137453,-1
137476,-1
137499,-1
137522,-1
137545,-1
137568,-1
137591,-1
137614,-1
137637,-1
137660,-1
137683,-1
137706,-1
137729,-1
137752,-1
137775,-1
137798,-1
137821,-1
137844,-1
137867,-1
137890,-1
137913,-1
137936,-1
137959,-1
137982,63
138005,49
138028,75
138051,53
138074,72
138097,53
138120,53
138143,53
138166,53
138189,53
138212,53
138235,52
138258,52
138281,52
138304,52
138327,52
138350,52
138373,52
138396,52
138419,50
138442,50
138465,50
138488,50
138511,50
138534,50
138557,50
138580,50
138603,50
138626,49
138649,47
138672,49
138695,49
138718,48
138741,48
138764,48
138787,48
138810,48
138833,48
138856,48
138879,48
138902,49
138925,49
138948,50
138971,50
138994,50
139017,50
139040,51
139063,52
139086,52
139109,52
139132,52
139155,52
139178,52
139201,52
139224,52
139247,52
139270,52
139293,52
139316,52
139339,52
139362,52
139385,52
139408,52
139431,52
139454,52
139477,52
139500,52
139523,51
139546,49
139569,48
139592,48
139615,48
139638,48
139661,48
139684,48
139707,48
139730,48
139753,48
139776,48
139799,48
139822,48
139845,48
139868,48
139891,48
139914,48
139937,48
139960,48
139983,48
140006,48
140029,48
140052,48
140075,48
140098,48
140121,48
140144,48
140167,48
140190,48
140213,48
140236,48
140259,48
140281,48
140304,48
140327,48
140350,48
140373,47
140396,46
140419,45
140442,57
140465,45
140488,57
140511,45
140534,45
140557,45
140580,45
140603,45
140626,45
140649,45
140672,45
140695,45
140718,45
140741,45
140764,45
140787,45
140810,45
140833,45
140856,45
140879,45
140902,45
140925,45
140948,45
140971,45
140994,45
141017,44
141040,84
141063,84
141086,-1
141109,-1
141132,-1
141155,-1
141178,-1
141201,-1
141224,-1
141247,-1
141270,-1
141293,-1
141316,74
141339,55
141362,54
141385,71
141408,70
141431,67
141454,42
141477,-1
141500,-1
141523,82
141546,57
141569,59
141592,59
141615,60
141638,60
141661,60
141684,60
141707,60
141730,60
141753,60
141776,60
141799,60
141822,60
141845,60
141868,60
141891,60
141914,60
141937,60
141960,60
141983,60
142006,60
142029,60
142052,71
142075,57
142098,57
142121,57
142144,57
142167,57
142190,57
142213,57
142236,57
142259,57
142282,57
142305,57
142328,57
142351,57
142374,57
142397,56
142420,56
142443,56
142466,57
142489,58
142512,59
142535,59
142558,60
142581,60
142604,60
142627,60
142650,60
142673,60
142696,60
142719,60
142742,60
142765,60
142788,60
142811,59
142834,57
142857,60
142880,61
142903,61
142926,61
142949,61
142972,62
142995,62
143018,62
143041,61
143064,60
143087,58
143110,60
143133,-1
143156,-1
143179,-1
143202,-1
143225,-1
143248,-1
143271,-1
143294,-1
143317,-1
143340,-1
143363,-1
143386,-1
143409,-1
143432,-1
143455,-1
143478,-1
143501,-1
143524,-1
143547,-1
143570,-1
143593,-1
143616,-1
143639,-1
143661,-1
143684,-1
143707,-1
143730,-1
143753,-1
143776,-1
143799,-1
143822,-1
143845,-1
143868,-1
143891,-1
143914,-1
143937,-1
143960,-1
143983,-1
144006,-1
144029,-1
144052,-1
144075,-1
144098,-1
144121,-1
144144,-1
144167,-1
144190,-1
144213,-1
144236,-1
144259,-1
144282,-1
144305,-1
144328,-1
144351,-1
144374,-1
144397,-1
144420,-1
144443,-1
144466,-1
144489,-1
144512,-1
144535,-1
144558,-1
144581,-1
144604,-1
144627,-1
144650,-1
144673,-1
144696,-1
144719,-1
144742,-1
144765,-1
144788,-1
144811,-1
144834,-1
144857,-1
144880,-1
144903,-1
144926,-1
144949,-1
144972,-1
144995,-1
145018,-1
145041,-1
145064,-1
145087,72
145110,71
145133,53
145156,53
145179,53
145202,72
145225,53
145248,72
145271,-1
145294,-1
145317,54
145340,55
145363,55
145386,55
145409,56
145432,56
145455,57
145478,57
145501,57
145524,56
145547,56
145570,55
145593,55
145616,55
145639,55
145662,55
145685,55
145708,55
145731,55
145754,55
145777,54
145800,53
145823,53
145846,53
145869,53
145892,53
145915,53
145938,53
145961,53
145984,53
146007,53
146030,53
146053,53
146076,54
146099,55
146122,55
146145,55
146168,55
146191,55
146214,55
146237,55
146260,55
146283,55
146306,55
146329,55
146352,55
146375,-1
146398,-1
146421,56
146444,55
146467,55
146490,55
146513,55
146536,56
146559,57
146582,57
146605,57
146628,57
146651,57
146674,57
146697,56
146720,54
146743,54
146766,-1
146789,-1
146812,-1
146835,-1
146858,-1
146881,-1
146904,-1
146927,-1
146950,-1
146973,-1
146996,-1
147019,-1
147041,-1
147064,-1
147087,-1
147110,-1
147133,-1
147156,-1
147179,-1
147202,-1
147225,-1
147248,-1
147271,-1
147294,-1
147317,-1
147340,-1
147363,-1
147386,-1
147409,-1
147432,-1
147455,-1
147478,-1
147501,-1
147524,-1
147547,-1
147570,-1
147593,-1
147616,-1
147639,-1
147662,-1
147685,-1
147708,-1
147731,-1
147754,-1
147777,-1
147800,-1
147823,-1
147846,-1
147869,-1
147892,-1
147915,-1
147938,-1
147961,-1
147984,-1
148007,-1
148030,-1
148053,-1
148076,-1
148099,-1
148122,-1
148145,-1
148168,-1
148191,-1
148214,-1
148237,-1
148260,-1
148283,-1
148306,-1
148329,-1
148352,-1
148375,-1
148398,-1
148421,-1
148444,-1
148467,-1
148490,-1
148513,-1
148536,-1
148559,-1
148582,-1
148605,-1
148628,84
148651,75
148674,69
148697,58
148720,58
148743,60
148766,60
148789,60
148812,60
148835,60
148858,60
148881,60
148904,60
148927,60
148950,60
148973,60
148996,60
149019,60
149042,60
149065,60
149088,60
149111,60
149134,60
149157,59
149180,58
149203,57
149226,57
149249,57
149272,57
149295,57
149318,57
149341,57
149364,57
149387,57
149410,57
149433,57
149456,57
149479,57
149502,57
149525,55
149548,55
149571,56
149594,57
149617,58
149640,59
149663,60
149686,60
149709,60
149732,60
149755,60
149778,60
149801,60
149824,60
149847,60
149870,60
149893,60
149916,60
149939,60
149962,60
149985,60
150008,60
150031,60
150054,60
150077,61
150100,62
150123,62
150146,62
150169,61
150192,60
150215,57
150238,53
150261,48
150284,60
150307,60
150330,-1
150353,-1
150376,-1
150399,-1
150421,-1
150444,-1
150467,-1
150490,-1
150513,-1
150536,-1
150559,-1
150582,-1
150605,-1
150628,-1
150651,-1
150674,-1
150697,-1
150720,-1
150743,60
150766,-1
150789,-1
150812,-1
150835,-1
150858,-1
150881,-1
150904,-1
150927,-1
150950,-1
150973,-1
150996,-1
151019,-1
151042,-1
151065,-1
151088,-1
151111,-1
151134,-1
151157,-1
151180,-1
151203,-1
151226,-1
151249,-1
151272,-1
151295,-1
151318,-1
151341,-1
151364,-1
151387,-1
151410,-1
151433,-1
151456,-1
151479,-1
151502,-1
151525,-1
151548,-1
151571,-1
151594,-1
151617,-1
151640,-1
151663,-1
151686,-1
151709,-1
151732,-1
151755,-1
151778,-1
151801,-1
151824,-1
151847,-1
151870,-1
151893,-1
151916,-1
151939,-1
151962,-1
151985,-1
152008,-1
152031,-1
152054,-1
152077,-1
152100,-1
152123,-1
152146,-1
152169,-1
152192,-1
152215,71
152238,53
152261,53
152284,53
152307,53
152330,51
152353,-1
152376,-1
152399,-1
152422,56
152445,56
152468,56
152491,57
152514,57
152537,57
152560,57
152583,57
152606,57
152629,57
152652,56
152675,55
152698,55
152721,55
152744,55
152767,55
152790,55
152813,55
152836,55
152859,54
152882,54
152905,53
152928,53
152951,53
152974,53
152997,53
153020,53
153043,53
153066,53
153089,53
153112,53
153135,53
153158,53
153181,54
153204,55
153227,55
153250,55
153273,55
153296,55
153319,55
153342,55
153365,55
153388,55
153411,55
153434,55
153457,52
153480,-1
153503,-1
153526,56
153549,56
153572,55
153595,55
153618,55
153641,56
153664,57
153687,57
153710,57
153733,57
153756,57
153779,56
153801,56
153824,56
153847,53
153870,57
153893,-1
153916,-1
153939,-1
153962,-1
153985,-1
154008,-1
154031,-1
154054,-1
154077,-1
154100,-1
154123,-1
154146,-1
154169,-1
154192,-1
154215,-1
154238,-1
154261,-1
154284,-1
154307,-1
154330,-1
154353,-1
154376,-1
154399,-1
154422,-1
154445,-1
154468,-1
154491,-1
154514,-1
154537,-1
154560,-1
154583,-1
154606,-1
154629,-1
154652,-1
154675,-1
154698,-1
154721,-1
154744,-1
154767,-1
154790,-1
154813,-1
154836,-1
154859,-1
154882,53
154905,55
154928,57
154951,58
154974,59
154997,59
155020,60
155043,60
155066,60
155089,60
155112,60
155135,59
155158,58
155181,58
155204,57
155227,57
155250,55
155273,54
155296,54
155319,54
155342,58
155365,58
155388,59
155411,60
155434,60
155457,61
155480,61
155503,60
155526,60
155549,59
155572,59
155595,58
155618,57
155641,57
155664,57
155687,57
155710,57
155733,56
155756,54
155779,56
155802,57
155825,57
155848,58
155871,58
155894,59
155917,60
155940,60
155963,60
155986,60
156009,60
156032,60
156055,60
156078,60
156101,60
156124,60
156147,60
156170,58
156193,57
156216,56
156239,56
156262,60
156285,60
156308,60
156331,60
156354,60
156377,60
156400,60
156423,60
156446,59
156469,58
156492,58
156515,58
156538,57
156561,56
156584,56
156607,56
156630,55
156653,55
156676,56
156699,56
156722,57
156745,57
156768,58
156791,58
156814,58
156837,58
156860,58
156883,58
156906,58
156929,58
156952,58
156975,58
156998,58
157021,58
157044,58
157067,58
157090,58
157113,58
157136,58
157159,58
157181,58
157204,58
157227,58
157250,56
157273,61
157296,75
157319,56
157342,56
157365,56
157388,57
157411,57
157434,56
157457,55
157480,54
157503,54
157526,54
157549,56
157572,57
157595,58
157618,58
157641,58
157664,58
157687,58
157710,58
157733,58
157756,58
157779,58
157802,57
157825,57
157848,57
157871,57
157894,57
157917,57
157940,57
157963,57
157986,57
158009,57
158032,57
158055,57
158078,57
158101,57
158124,57
158147,57
158170,56
158193,55
158216,55
158239,55
158262,55
158285,54
158308,43
158331,57
158354,57
158377,57
158400,58
158423,45
158446,72
158469,64
158492,57
158515,57
158538,57
158561,57
158584,57
158607,57
158630,57
158653,57
158676,56
158699,55
158722,55
158745,54
158768,72
158791,70
158814,68
158837,64
158860,65
158883,66
158906,55
158929,55
158952,55
158975,55
158998,55
159021,55
159044,54
159067,52
159090,53
159113,53
159136,53
159159,53
159182,51
159205,82
159228,63
159251,78
159274,48
159297,81
159320,54
159343,53
159366,53
159389,53
159412,53
159435,54
159458,55
159481,55
159504,55
159527,55
159550,55
159573,55
159596,55
159619,55
159642,56
159665,57
159688,57
159711,56
159734,56
159757,56
159780,55
159803,55
159826,55
159849,55
159872,55
159895,55
159918,55
159941,55
159964,55
159987,55
160010,-1
160033,-1
160056,-1
160079,-1
160102,58
160125,74
160148,-1
160171,-1
160194,-1
160217,-1
160240,-1
160263,69
160286,72
160309,54
160332,56
160355,57
160378,57
160401,58
160424,58
160447,58
160470,58
160493,58
160516,58
160539,58
160561,58
160584,58
160607,58
160630,58
160653,58
160676,58
160699,58
160722,58
160745,58
160768,58
160791,58
160814,58
160837,56
160860,57
160883,58
160906,56
160929,57
160952,57
160975,57
160998,57
161021,57
161044,57
161067,57
161090,56
161113,56
161136,57
161159,58
161182,58
161205,58
161228,58
161251,58
161274,58
161297,58
161320,58
161343,57
161366,57
161389,57
161412,57
161435,57
161458,57
161481,57
161504,57
161527,57
161550,57
161573,57
161596,57
161619,57
161642,57
161665,57
161688,57
161711,57
161734,54
161757,57
161780,57
161803,44
161826,43
161849,41
161872,-1
161895,-1
161918,-1
161941,-1
161964,-1
161987,63
162010,71
162033,74
162056,57
162079,58
162102,58
162125,57
162148,57
162171,57
162194,57
162217,57
162240,56
162263,56
162286,55
162309,55
162332,55
162355,55
162378,54
162401,76
162424,75
162447,56
162470,42
162493,55
162516,55
162539,55
162562,55
162585,55
162608,55
162631,54
162654,84
162677,54
162700,55
162723,54
162746,53
162769,53
162792,82
162815,74
162838,74
162861,52
162884,62
162907,67
162930,52
162953,53
162976,53
162999,53
163022,53
163045,54
163068,55
163091,55
163114,55
163137,55
163160,55
163183,56
163206,56
163229,56
163252,57
163275,57
163298,57
163321,57
163344,57
163367,57
163390,55
163413,55
163436,55
163459,55
163482,55
163505,55
163528,55
163551,55
163574,81
163597,78
163620,-1
163643,-1
163666,-1
163689,-1
163712,-1
163735,-1
163758,-1
163781,-1
163804,-1
163827,-1
163850,54
163873,53
163896,66
163919,55
163941,56
163964,57
163987,58
164010,58
164033,58
164056,58
164079,58
164102,58
164125,58
164148,58
164171,55
164194,58
164217,-1
164240,58
164263,58
164286,58
164309,58
164332,58
164355,58
164378,58
164401,58
164424,58
164447,55
164470,57
164493,57
164516,57
164539,57
164562,57
164585,57
164608,57
164631,57
164654,70
164677,64
164700,64
164723,59
164746,58
164769,58
164792,58
164815,58
164838,58
164861,57
164884,58
164907,58
164930,56
164953,59
164976,57
164999,57
165022,56
165045,55
165068,55
165091,54
165114,-1
165137,57
165160,57
165183,57
165206,57
165229,57
165252,57
165275,57
165298,57
165321,57
165344,56
165367,55
165390,55
165413,55
165436,55
165459,55
165482,55
165505,55
165528,55
165551,55
165574,56
165597,56
165620,57
165643,57
165666,57
165689,57
165712,57
165735,57
165758,57
165781,57
165804,56
165827,55
165850,55
165873,55
165896,55
165919,55
165942,55
165965,65
165988,46
166011,70
166034,-1
166057,64
166080,54
166103,55
166126,55
166149,55
166172,55
166195,54
166218,54
166241,52
166264,54
166287,53
166310,53
166333,50
166356,44
166379,63
166402,72
166425,74
166448,56
166471,62
166494,55
166517,53
166540,53
166563,53
166586,73
166609,55
166632,55
166655,55
166678,55
166701,55
166724,55
166747,55
166770,56
166793,57
166816,57
166839,57
166862,57
166885,57
166908,56
166931,56
166954,55
166977,55
167000,55
167023,55
167046,55
167069,55
167092,55
167115,55
167138,55
167161,55
167184,55
167207,55
167230,55
167253,54
167276,55
167299,-1
167321,-1
167344,-1
167367,74
167390,74
167413,76
167436,-1
167459,-1
167482,-1
167505,-1
167528,-1
167551,-1
167574,75
167597,47
167620,58
167643,58
167666,58
167689,59
167712,59
167735,60
167758,60
167781,60
167804,60
167827,57
167850,57
167873,55
167896,54
167919,53
167942,53
167965,53
167988,53
168011,53
168034,53
168057,53
168080,53
168103,53
168126,53
168149,53
168172,53
168195,53
168218,53
168241,53
168264,53
168287,53
168310,53
168333,53
168356,53
168379,55
168402,55
168425,55
168448,55
168471,55
168494,55
168517,54
168540,56
168563,57
168586,57
168609,57
168632,57
168655,56
168678,56
168701,56
168724,55
168747,55
168770,55
168793,55
168816,55
168839,55
168862,55
168885,55
168908,55
168931,55
168954,55
168977,55
169000,55
169023,55
169046,55
169069,51
169092,74
169115,78
169138,63
169161,58
169184,59
169207,58
169230,58
169253,58
169276,60
169299,60
169322,60
169345,60
169368,60
169391,60
169414,60
169437,60
169460,60
169483,60
169506,60
169529,60
169552,59
169575,57
169598,55
169621,53
169644,53
169667,53
169690,53
169713,53
169736,53
169759,53
169782,53
169805,53
169828,53
169851,53
169874,53
169897,53
169920,53
169943,53
169966,53
169989,53
170012,53
170035,53
170058,53
170081,53
170104,53
170127,54
170150,55
170173,55
170196,55
170219,55
170242,55
170265,55
170288,55
170311,55
170334,55
170357,55
170380,57
170403,58
170426,57
170449,57
170472,56
170495,55
170518,55
170541,55
170564,55
170587,55
170610,55
170633,55
170656,55
170679,55
170701,55
170724,55
170747,55
170770,55
170793,55
170816,54
170839,55
170862,55
170885,55
170908,55
170931,56
170954,57
170977,58
171000,58
171023,58
171046,57
171069,57
171092,57
171115,57
171138,56
171161,56
171184,55
171207,55
171230,54
171253,54
171276,53
171299,53
171322,53
171345,53
171368,53
171391,53
171414,53
171437,52
171460,-1
171483,-1
171506,-1
171529,-1
171552,-1
171575,-1
171598,-1
171621,-1
171644,-1
171667,-1
171690,-1
171713,-1
171736,-1
171759,-1
171782,62
171805,53
171828,55
171851,55
171874,56
171897,56
171920,56
171943,57
171966,57
171989,57
172012,57
172035,57
172058,57
172081,57
172104,57
172127,57
172150,57
172173,57
172196,57
172219,57
172242,57
172265,57
172288,57
172311,57
172334,57
172357,57
172380,55
172403,56
172426,57
172449,57
172472,57
172495,57
172518,57
172541,57
172564,57
172587,57
172610,57
172633,57
172656,57
172679,57
172702,57
172725,57
172748,57
172771,57
172794,57
172817,57
172840,57
172863,57
172886,57
172909,56
172932,56
172955,55
172978,55
173001,55
173024,54
173047,54
173070,54
173093,53
173116,53
173139,52
173162,51
173185,52
173208,54
173231,-1
173254,-1
173277,-1
173300,-1
173323,-1
173346,-1
173369,-1
173392,-1
173415,-1
173438,-1
173461,-1
173484,-1
173507,-1
173530,-1
173553,-1
173576,-1
173599,-1
173622,69
173645,72
173668,75
173691,55
173714,56
173737,57
173760,57
173783,57
173806,57
173829,58
173852,57
173875,57
173898,57
173921,57
173944,57
173967,57
173990,57
174013,57
174036,56
174059,57
174081,53
174104,57
174127,68
174150,83
174173,81
174196,59
174219,58
174242,57
174265,57
174288,55
174311,52
174334,80
174357,56
174380,56
174403,56
174426,56
174449,55
174472,56
174495,57
174518,57
174541,58
174564,58
174587,58
174610,57
174633,57
174656,57
174679,57
174702,57
174725,56
174748,56
174771,55
174794,54
174817,54
174840,53
174863,53
174886,53
174909,53
174932,53
174955,52
174978,52
175001,51
175024,51
175047,-1
175070,-1
175093,-1
175116,-1
175139,-1
175162,-1
175185,-1
175208,-1
175231,-1
175254,-1
175277,-1
175300,-1
175323,-1
175346,-1
175369,-1
175392,57
175415,54
175438,56
175461,57
175484,57
175507,57
175530,50
175553,56
175576,56
175599,57
175622,56
175645,56
175668,56
175691,57
175714,57
175737,58
175760,58
175783,58
175806,57
175829,56
175852,57
175875,57
175898,84
175921,60
175944,43
175967,72
175990,-1
176013,58
176036,57
176059,57
176082,57
176105,57
176128,57
176151,57
176174,57
176197,56
176220,56
176243,56
176266,55
176289,56
176312,57
176335,57
176358,57
176381,57
176404,57
176427,57
176450,57
176473,57
176496,57
176519,57
176542,55
176565,54
176588,54
176611,57
176634,57
176657,58
176680,58
176703,58
176726,57
176749,56
176772,56
176795,56
176818,54
176841,53
176864,53
176887,55
176910,57
176933,57
176956,58
176979,58
177002,57
177025,57
177048,57
177071,57
177094,56
177117,55
177140,53
177163,54
177186,56
177209,57
177232,57
177255,57
177278,57
177301,57
177324,57
177347,57
177370,57
177393,68
177416,57
177439,57
177461,57
177484,57
177507,58
177530,57
177553,57
177576,57
177599,56
177622,56
177645,54
177668,57
177691,54
177714,57
177737,57
177760,57
177783,57
177806,57
177829,56
177852,56
177875,55
177898,54
177921,54
177944,53
177967,51
177990,52
178013,56
178036,57
178059,57
178082,57
178105,57
178128,57
178151,57
178174,57
178197,57
178220,56
178243,56
178266,55
178289,55
178312,54
178335,54
178358,53
178381,53
178404,53
178427,52
178450,52
178473,52
178496,51
178519,51
178542,-1
178565,-1
178588,-1
178611,-1
178634,-1
178657,-1
178680,-1
178703,-1
178726,-1
178749,-1
178772,-1
178795,-1
178818,-1
178841,-1
178864,-1
178887,-1
178910,-1
178933,-1
178956,-1
178979,-1
179002,-1
179025,-1
179048,-1
179071,-1
179094,-1
179117,-1
179140,-1
179163,-1
179186,-1
179209,-1
179232,-1
179255,-1
179278,-1
179301,-1
179324,68
179347,54
179370,54
179393,54
179416,54
179439,53
179462,53
179485,53
179508,52
179531,51
179554,50
179577,48
179600,-1
179623,-1
179646,-1
179669,-1
179692,-1
179715,-1
179738,-1
179761,-1
179784,-1
179807,-1
179830,-1
179853,-1
179876,-1
179899,-1
179922,-1
179945,-1
179968,-1
179991,-1
180014,84
180037,58
180060,58
180083,58
180106,59
180129,59
180152,60
180175,60
180198,60
180221,60
180244,59
180267,61
180290,77
180313,72
180336,55
180359,54
180382,53
180405,53
180428,53
180451,52
180474,50
180497,50
180520,52
180543,53
180566,53
180589,53
180612,52
180635,50
180658,50
180681,50
180704,52
180727,52
180750,53
180773,53
180796,53
180819,53
180841,54
180864,55
180887,55
180910,55
180933,55
180956,55
180979,55
181002,57
181025,57
181048,58
181071,58
181094,50
181117,57
181140,79
181163,61
181186,67
181209,56
181232,55
181255,55
181278,55
181301,55
181324,55
181347,55
181370,55
181393,55
181416,55
181439,55
181462,55
181485,55
181508,55
181531,55
181554,55
181577,55
181600,-1
181623,55
181646,55
181669,-1
181692,-1
181715,-1
181738,-1
181761,-1
181784,-1
181807,-1
181830,57
181853,58
181876,58
181899,58
181922,58
181945,59
181968,60
181991,60
182014,60
182037,58
182060,57
182083,55
182106,54
182129,54
182152,53
182175,53
182198,53
182221,53
182244,53
182267,53
182290,53
182313,53
182336,53
182359,53
182382,53
182405,51
182428,78
182451,78
182474,55
182497,78
182520,54
182543,54
182566,53
182589,54
182612,55
182635,55
182658,55
182681,55
182704,55
182727,55
182750,55
182773,56
182796,57
182819,57
182842,57
182865,57
182888,57
182911,57
182934,57
182957,56
182980,55
183003,55
183026,55
183049,55
183072,55
183095,55
183118,55
183141,55
183164,55
183187,55
183210,55
183233,55
183256,55
183279,55
183302,55
183325,54
183348,78
183371,73
183394,55
183417,55
183440,-1
183463,-1
183486,-1
183509,-1
183532,58
183555,59
183578,49
183601,49
183624,49
183647,49
183670,50
183693,62
183716,62
183739,50
183762,62
183785,50
183808,50
183831,50
183854,50
183877,59
183900,61
183923,51
183946,55
183969,74
183992,51
184015,48
184038,47
184061,61
184084,61
184107,-1
184130,-1
184153,-1
184176,61
184199,55
184221,53
184244,52
184267,52
184290,52
184313,53
184336,53
184359,53
184382,53
184405,59
184428,53
184451,53
184474,53
184497,53
184520,52
184543,52
184566,52
184589,52
184612,52
184635,52
184658,52
184681,51
184704,50
184727,50
184750,50
184773,50
184796,50
184819,50
184842,50
184865,49
184888,48
184911,48
184934,48
184957,48
184980,50
185003,80
185026,46
185049,54
185072,65
185095,63
185118,50
185141,50
185164,50
185187,50
185210,50
185233,50
185256,51
185279,52
185302,52
185325,52
185348,52
185371,52
185394,51
185417,70
185440,50
185463,56
185486,67
185509,65
185532,68
185555,48
185578,48
185601,48
185624,48
185647,48
185670,48
185693,48
185716,48
185739,48
185762,48
185785,48
185808,48
185831,48
185854,48
185877,48
185900,48
185923,48
185946,48
185969,48
185992,84
186015,-1
186038,-1
186061,-1
186084,-1
186107,-1
186130,-1
186153,-1
186176,-1
186199,-1
186222,-1
186245,-1
186268,-1
186291,-1
186314,-1
186337,-1
186360,-1
186383,-1
186406,-1
186429,-1
186452,-1
186475,-1
186498,-1
186521,-1
186544,-1
186567,-1
186590,-1
186613,-1
186636,-1
186659,-1
186682,-1
186705,-1
186728,-1
186751,-1
186774,-1
186797,-1
186820,-1
186843,-1
186866,-1
186889,-1
186912,-1
186935,-1
186958,-1
186981,-1
187004,-1
187027,-1
187050,-1
187073,-1
187096,-1
187119,-1
187142,-1
187165,-1
187188,-1
187211,-1
187234,-1
187257,-1
187280,-1
187303,-1
187326,-1
187349,-1
187372,-1
187395,-1
187418,-1
187441,-1
187464,-1
187487,-1
187510,-1
187533,-1
187556,-1
187579,-1
187601,-1
187624,-1
187647,-1
187670,-1
187693,-1
187716,-1
187739,-1
187762,67
187785,52
187808,53
187831,72
187854,53
187877,53
187900,53
187923,53
187946,53
187969,52
187992,52
188015,52
188038,52
188061,52
188084,52
188107,52
188130,52
188153,52
188176,52
188199,52
188222,50
188245,50
188268,50
188291,50
188314,50
188337,50
188360,50
188383,50
188406,49
188429,80
188452,48
188475,48
188498,48
188521,48
188544,48
188567,48
188590,48
188613,48
188636,48
188659,48
188682,48
188705,50
188728,50
188751,50
188774,50
188797,50
188820,51
188843,52
188866,52
188889,52
188912,52
188935,52
188958,52
188981,52
189004,52
189027,52
189050,52
189073,52
189096,52
189119,52
189142,52
189165,52
189188,52
189211,52
189234,52
189257,52
189280,52
189303,52
189326,49
189349,49
189372,48
189395,48
189418,48
189441,48
189464,48
189487,48
189510,48
189533,48
189556,48
189579,48
189602,48
189625,48
189648,48
189671,48
189694,48
189717,48
189740,48
189763,48
189786,48
189809,48
189832,48
189855,48
189878,48
189901,48
189924,48
189947,48
189970,48
189993,48
190016,48
190039,48
190062,48
190085,48
190108,48
190131,48
190154,48
190177,48
190200,46
190223,45
190246,45
190269,45
190292,45
190315,45
190338,45
190361,45
190384,45
190407,45
190430,45
190453,46
190476,45
190499,45
190522,45
190545,45
190568,45
190591,45
190614,45
190637,45
190660,45
190683,45
190706,44
190729,43
190752,43
190775,43
190798,43
190821,44
190844,82
190867,-1
190890,-1
190913,-1
190936,-1
190959,-1
190981,-1
191004,-1
191027,-1
191050,-1
191073,-1
191096,-1
191119,-1
191142,-1
191165,-1
191188,-1
191211,-1
191234,-1
191257,-1
191280,-1
191303,77
191326,54
191349,54
191372,52
191395,52
191418,53
191441,54
191464,53
191487,53
191510,52
191533,52
191556,52
191579,52
191602,52
191625,52
191648,52
191671,52
191694,52
191717,52
191740,52
191763,52
191786,51
191809,50
191832,50
191855,50
191878,50
191901,50
191924,50
191947,49
191970,48
191993,48
192016,48
192039,49
192062,49
192085,48
192108,62
192131,48
192154,76
192177,46
192200,59
192223,75
192246,51
192269,51
192292,50
192315,50
192338,51
192361,52
192384,52
192407,52
192430,52
192453,52
192476,52
192499,52
192522,84
192545,52
192568,46
192591,57
192614,64
192637,84
192660,49
192683,48
192706,48
192729,48
192752,48
192775,48
192798,49
192821,48
192844,48
192867,48
192890,48
192913,48
192936,48
192959,48
192982,48
193005,47
193028,47
193051,47
193074,84
193097,84
193120,78
193143,-1
193166,-1
193189,-1
193212,-1
193235,-1
193258,-1
193281,-1
193304,-1
193327,-1
193350,-1
193373,-1
193396,-1
193419,-1
193442,-1
193465,-1
193488,-1
193511,-1
193534,-1
193557,-1
193580,-1
193603,-1
193626,-1
193649,-1
193672,-1
193695,-1
193718,-1
193741,-1
193764,-1
193787,-1
193810,-1
193833,-1
193856,-1
193879,-1
193902,-1
193925,-1
193948,-1
193971,-1
193994,-1
194017,-1
194040,-1
194063,-1
194086,-1
194109,-1
194132,-1
194155,-1
194178,-1
194201,-1
194224,-1
194247,-1
194270,-1
194293,-1
194316,-1
194339,-1
194361,-1
194384,-1
194407,-1
194430,-1
194453,-1
194476,-1
194499,-1
194522,-1
194545,-1
194568,-1
194591,-1
194614,-1
194637,-1
194660,-1
194683,-1
194706,-1
194729,-1
194752,-1
194775,-1
194798,-1
194821,-1
194844,-1
194867,51
194890,68
194913,74
194936,53
194959,72
194982,53
195005,53
195028,53
195051,53
195074,53
195097,53
195120,52
195143,52
195166,52
195189,52
195212,52
195235,52
195258,52
195281,52
195304,50
195327,50
195350,50
195373,50
195396,50
195419,50
195442,50
195465,50
195488,50
195511,49
195534,48
195557,48
195580,49
195603,48
195626,48
195649,48
195672,48
195695,48
195718,48
195741,48
195764,48
195787,49
195810,49
195833,50
195856,50
195879,50
195902,69
195925,51
195948,52
195971,52
195994,52
196017,52
196040,52
196063,52
196086,52
196109,52
196132,52
196155,52
196178,52
196201,52
196224,52
196247,52
196270,52
196293,52
196316,52
196339,52
196362,52
196385,52
196408,50
196431,49
196454,48
196477,48
196500,48
196523,48
196546,48
196569,48
196592,48
196615,48
196638,48
196661,48
196684,48
196707,48
196730,48
196753,48
196776,48
196799,48
196822,48
196845,48
196868,48
196891,48
196914,48
196937,48
196960,48
196983,48
197006,48
197029,48
197052,48
197075,48
197098,48
197121,48
197144,48
197167,48
197190,48
197213,48
197236,48
197259,47
197282,45
197305,46
197328,45
197351,45
197374,45
197397,45
197420,45
197443,45
197466,45
197489,45
197512,45
197535,45
197558,45
197581,45
197604,45
197627,45
197650,45
197673,45
197696,45
197719,45
197741,45
197764,45
197787,45
197810,45
197833,45
197856,45
197879,45
197902,44
197925,84
197948,84
197971,-1
197994,-1
198017,-1
198040,-1
198063,-1
198086,-1
198109,-1
198132,-1
198155,-1
198178,-1
198201,74
198224,55
198247,54
198270,71
198293,70
198316,47
198339,60
198362,-1
198385,-1
198408,49
198431,57
198454,77
198477,59
198500,59
198523,60
198546,60
198569,60
198592,60
198615,60
198638,60
198661,60
198684,60
198707,60
198730,60
198753,60
198776,60
198799,60
198822,60
198845,60
198868,60
198891,60
198914,60
198937,72
198960,58
198983,57
199006,57
199029,57
199052,57
199075,57
199098,57
199121,57
199144,57
199167,57
199190,57
199213,57
199236,57
199259,57
199282,57
199305,56
199328,56
199351,57
199374,57
199397,59
199420,59
199443,60
199466,60
199489,60
199512,60
199535,60
199558,60
199581,60
199604,60
199627,60
199650,60
199673,60
199696,59
199719,57
199742,60
199765,61
199788,61
199811,61
199834,61
199857,62
199880,62
199903,62
199926,61
199949,60
199972,59
199995,-1
200018,-1
200041,-1
200064,-1
200087,60
200110,-1
200133,-1
200156,-1
200179,-1
200202,-1
200225,-1
200248,-1
200271,-1
200294,-1
200317,-1
200340,-1
200363,-1
200386,-1
200409,-1
200432,-1
200455,-1
200478,-1
200501,-1
200524,-1
200547,-1
200570,-1
200593,-1
200616,-1
200639,-1
200662,-1
200685,-1
200708,-1
200731,-1
200754,-1
200777,-1
200800,-1
200823,-1
200846,-1
200869,-1
200892,-1
200915,-1
200938,-1
200961,-1
200984,-1
201007,-1
201030,-1
201053,-1
201076,-1
201099,-1
201121,-1
201144,-1
201167,-1
201190,-1
201213,-1
201236,-1
201259,-1
201282,-1
201305,-1
201328,-1
201351,-1
201374,-1
201397,-1
201420,-1
201443,-1
201466,-1
201489,-1
201512,-1
201535,-1
201558,-1
201581,-1
201604,-1
201627,-1
201650,-1
201673,-1
201696,-1
201719,-1
201742,-1
201765,-1
201788,-1
201811,-1
201834,-1
201857,-1
201880,-1
201903,-1
201926,-1
201949,-1
201972,-1
201995,72
202018,53
202041,53
202064,53
202087,72
202110,53
202133,72
202156,-1
202179,-1
202202,53
202225,55
202248,55
202271,55
202294,55
202317,56
202340,57
202363,57
202386,57
202409,56
202432,56
202455,56
202478,55
202501,55
202524,55
202547,55
202570,55
202593,55
202616,55
202639,55
202662,54
202685,53
202708,53
202731,53
202754,53
202777,53
202800,53
202823,53
202846,53
202869,53
202892,53
202915,53
202938,53
202961,54
202984,55
203007,55
203030,55
203053,55
203076,55
203099,55
203122,55
203145,55
203168,55
203191,55
203214,55
203237,55
203260,55
203283,-1
203306,56
203329,55
203352,55
203375,55
203398,55
203421,56
203444,57
203467,57
203490,57
203513,57
203536,57
203559,57
203582,56
203605,55
203628,53
203651,-1
203674,-1
203697,-1
203720,-1
203743,-1
203766,-1
203789,-1
203812,-1
203835,-1
203858,-1
203881,-1
203904,-1
203927,-1
203950,-1
203973,-1
203996,-1
204019,-1
204042,-1
204065,-1
204088,-1
204111,-1
204134,-1
204157,-1
204180,-1
204203,-1
204226,-1
204249,-1
204272,-1
204295,84
204318,-1
204341,-1
204364,-1
204387,-1
204410,-1
204433,-1
204456,-1
204479,-1
204501,-1
204524,-1
204547,-1
204570,-1
204593,-1
204616,-1
204639,-1
204662,-1
204685,-1
204708,-1
204731,-1
204754,-1
204777,-1
204800,-1
204823,-1
204846,-1
204869,-1
204892,-1
204915,-1
204938,-1
204961,-1
204984,-1
205007,-1
205030,-1
205053,-1
205076,-1
205099,-1
205122,-1
205145,-1
205168,-1
205191,-1
205214,-1
205237,-1
205260,-1
205283,-1
205306,-1
205329,-1
205352,-1
205375,-1
205398,-1
205421,-1
205444,-1
205467,-1
205490,-1
205513,-1
205536,75
205559,69
205582,58
205605,58
205628,60
205651,60
205674,60
205697,60
205720,60
205743,60
205766,60
205789,60
205812,60
205835,60
205858,60
205881,60
205904,60
205927,60
205950,60
205973,60
205996,60
206019,60
206042,59
206065,58
206088,57
206111,57
206134,57
206157,57
206180,57
206203,57
206226,57
206249,57
206272,57
206295,57
206318,57
206341,57
206364,57
206387,57
206410,56
206433,55
206456,56
206479,57
206502,58
206525,59
206548,59
206571,60
206594,60
206617,60
206640,60
206663,60
206686,60
206709,60
206732,60
206755,60
206778,60
206801,60
206824,60
206847,60
206870,60
206893,60
206916,60
206939,60
206962,61
206985,62
207008,62
207031,62
207054,61
207077,60
207100,58
207123,53
207146,48
207169,-1
207192,60
207215,60
207238,-1
207261,-1
207284,-1
207307,-1
207330,-1
207353,-1
207376,-1
207399,-1
207422,-1
207445,-1
207468,-1
207491,-1
207514,-1
207537,-1
207560,-1
207583,-1
207606,-1
207629,-1
207652,-1
207675,-1
207698,-1
207721,-1
207744,-1
207767,-1
207790,-1
207813,77
207836,77
207859,77
207881,-1
207904,-1
207927,-1
207950,-1
207973,-1
207996,-1
208019,-1
208042,-1
208065,-1
208088,-1
208111,-1
208134,-1
208157,-1
208180,-1
208203,-1
208226,-1
208249,-1
208272,-1
208295,-1
208318,-1
208341,-1
208364,-1
208387,-1
208410,-1
208433,-1
208456,-1
208479,-1
208502,-1
208525,-1
208548,-1
208571,-1
208594,-1
208617,-1
208640,-1
208663,-1
208686,-1
208709,-1
208732,-1
208755,-1
208778,-1
208801,-1
208824,-1
208847,-1
208870,-1
208893,-1
208916,-1
208939,-1
208962,-1
208985,-1
209008,-1
209031,-1
209054,-1
209077,-1
209100,-1
209123,53
209146,53
209169,53
209192,53
209215,65
209238,-1
209261,-1
209284,-1
209307,52
209330,55
209353,56
209376,57
209399,57
209422,57
209445,57
209468,57
209491,57
209514,57
209537,56
209560,55
209583,55
209606,55
209629,55
209652,55
209675,55
209698,55
209721,55
209744,54
209767,54
209790,53
209813,53
209836,53
209859,53
209882,53
209905,53
209928,53
209951,53
209974,53
209997,53
210020,53
210043,53
210066,54
210089,55
210112,55
210135,55
210158,55
210181,55
210204,55
210227,55
210250,55
210273,55
210296,55
210319,55
210342,53
210365,-1
210388,-1
210411,56
210434,56
210457,55
210480,55
210503,55
210526,56
210549,57
210572,57
210595,57
210618,57
210641,57
210664,56
210687,56
210710,56
210733,53
210756,53
210779,55
210802,-1
210825,-1
210848,-1
210871,-1
210894,-1
210917,-1
210940,-1
210963,-1
210986,-1
211009,-1
211032,-1
211055,-1
211078,-1
211101,-1
211124,-1
211147,-1
211170,-1
211193,-1
211216,-1
211239,-1
211261,-1
211284,-1
211307,-1
211330,-1
211353,-1
211376,-1
211399,-1
211422,-1
211445,-1
211468,-1
211491,-1
211514,79
211537,72
211560,81
211583,53
211606,-1
211629,-1
211652,-1
211675,-1
211698,-1
211721,-1
211744,-1
211767,74
211790,74
211813,59
211836,60
211859,60
211882,61
211905,61
211928,57
211951,55
211974,53
211997,57
212020,57
212043,57
212066,84
212089,38
212112,46
212135,67
212158,60
212181,45
212204,69
212227,60
212250,61
212273,60
212296,60
212319,60
212342,59
212365,58
212388,84
212411,59
212434,58
212457,58
212480,58
212503,57
212526,57
212549,58
212572,57
212595,57
212618,57
212641,57
212664,58
212687,60
212710,60
212733,60
212756,60
212779,60
212802,60
212825,60
212848,60
212871,57
212894,57
212917,57
212940,82
212963,82
212986,71
213009,65
213032,52
213055,63
213078,58
213101,60
213124,61
213147,60
213170,60
213193,60
213216,60
213239,60
213262,60
213285,59
213308,58
213331,57
213354,57
213377,57
213400,57
213423,57
213446,57
213469,56
213492,-1
213515,-1
213538,-1
213561,-1
213584,-1
213607,-1
213630,60
213653,-1
213676,-1
213699,-1
213722,-1
213745,-1
213768,-1
213791,-1
213814,-1
213837,-1
213860,-1
213883,-1
213906,-1
213929,-1
213952,-1
213975,-1
213998,-1
214021,-1
214044,-1
214067,-1
214090,-1
214113,-1
214136,-1
214159,-1
214182,-1
214205,-1
214228,-1
214251,-1
214274,-1
214297,-1
214320,-1
214343,-1
214366,-1
214389,-1
214412,-1
214435,-1
214458,-1
214481,-1
214504,-1
214527,-1
214550,-1
214573,-1
214596,-1
214619,-1
214641,-1
214664,-1
214687,-1
214710,-1
214733,-1
214756,-1
214779,-1
214802,-1
214825,-1
214848,-1
214871,-1
214894,-1
214917,-1
214940,-1
214963,-1
214986,-1
215009,-1
215032,-1
215055,-1
215078,-1
215101,-1
215124,-1
215147,-1
215170,-1
215193,-1
215216,-1
215239,-1
215262,-1
215285,-1
215308,-1
215331,-1
215354,-1
215377,-1
215400,-1
215423,-1
215446,-1
215469,-1
215492,-1
215515,-1
215538,-1
215561,-1
215584,-1
215607,-1
215630,-1
215653,-1
215676,-1
215699,-1
215722,-1
215745,-1
215768,-1
215791,-1
215814,-1
215837,-1
215860,-1
215883,-1
215906,-1
215929,-1
215952,-1
215975,-1
215998,-1
216021,-1
216044,-1
216067,-1
216090,-1
216113,-1
216136,-1
216159,-1
216182,-1
216205,-1
216228,-1
216251,-1
216274,-1
216297,-1
216320,-1
216343,-1
216366,-1
216389,-1
216412,-1
216435,-1
216458,-1
216481,-1
216504,-1
216527,-1
216550,-1
216573,-1
216596,-1
216619,-1
216642,-1
216665,-1
216688,-1
216711,-1
216734,-1
216757,-1
216780,-1
216803,-1
216826,-1
216849,-1
216872,-1
216895,-1
216918,-1
216941,-1
216964,-1
216987,-1
217010,-1
217033,-1
217056,-1
217079,-1
217102,-1
217125,-1
217148,-1
217171,-1
217194,-1
217217,-1
217240,-1
217263,-1
217286,-1
217309,-1
217332,-1
217355,-1
217378,-1
217401,-1
217424,-1
217447,-1
217470,-1
217493,-1
217516,-1
217539,-1
217562,-1
217585,-1
217608,-1
217631,-1
217654,-1
217677,-1
217700,-1
217723,-1
217746,-1
217769,-1
217792,-1
217815,-1
217838,-1
217861,-1
217884,-1
217907,-1
217930,-1
217953,-1
217976,-1
217999,-1
218021,-1
218044,-1
218067,-1
218090,-1
218113,-1
218136,-1
218159,-1
218182,-1
218205,-1
218228,-1
218251,-1
218274,-1
218297,-1
218320,-1
218343,-1
218366,-1
218389,-1
218412,-1
218435,-1
218458,-1
218481,-1
218504,-1
218527,-1
218550,-1
218573,-1
218596,-1
218619,-1
218642,-1
218665,-1
218688,-1
218711,-1
218734,-1
218757,-1
218780,-1
218803,-1
218826,-1
218849,-1
218872,-1
218895,-1
218918,-1
218941,-1
218964,-1
218987,-1
219010,-1
219033,-1
219056,-1
219079,-1
219102,-1
219125,-1
219148,-1
219171,-1
219194,-1
219217,-1
219240,-1
219263,-1
219286,-1
219309,-1
219332,-1
219355,-1
219378,-1
219401,-1
219424,-1
219447,-1
219470,-1
219493,-1
219516,-1
219539,-1
219562,-1
219585,-1
219608,-1
219631,-1
219654,-1
219677,-1
219700,-1
219723,-1
219746,-1
219769,-1
219792,-1
219815,-1
219838,-1
219861,-1
219884,-1
219907,-1
219930,-1
219953,-1
219976,-1
219999,-1
220022,-1
220045,-1
220068,-1
220091,-1
220114,-1
220137,-1
220160,-1
220183,-1
220206,-1
220229,-1
220252,-1
220275,-1
220298,-1
220321,-1
220344,-1
220367,-1
220390,-1
220413,-1
220436,-1
220459,-1
220482,-1
220505,-1
220528,-1
220551,-1
220574,-1
220597,-1
220620,-1
220643,-1
220666,-1
220689,-1
220712,-1
220735,-1
220758,-1
220781,-1
220804,-1
220827,-1
220850,-1
220873,-1
220896,-1
220919,-1
220942,-1
220965,-1
220988,-1
221011,-1
221034,-1
221057,-1
221080,-1
221103,-1
221126,-1
221149,-1
221172,-1
221195,-1
221218,-1
221241,-1
221264,-1
221287,-1
221310,-1
221333,-1
221356,-1
221379,-1
221401,-1
221424,-1
221447,-1
221470,-1
221493,-1
221516,-1
221539,-1
221562,-1
221585,-1
221608,-1
221631,-1
221654,-1
221677,-1
221700,-1
221723,-1
221746,-1
221769,-1
221792,-1
221815,-1
221838,-1
221861,-1
221884,-1
221907,-1
221930,-1
221953,-1
221976,-1
221999,-1
222022,-1
222045,-1
222068,-1
222091,-1
222114,-1
222137,-1
222160,-1
222183,-1
222206,-1
222229,-1
222252,-1
222275,-1
222298,-1
222321,-1
222344,-1
222367,-1
222390,-1
222413,-1
222436,-1
222459,-1
222482,-1
222505,-1
222528,-1
222551,-1
222574,-1
222597,-1
222620,-1
222643,-1
222666,-1
222689,-1
222712,-1
222735,-1
222758,-1
222781,-1
222804,-1
222827,-1
222850,-1
222873,-1
222896,-1
222919,-1
222942,-1
222965,-1
222988,-1
223011,-1
223034,-1
223057,-1
223080,-1
223103,-1
223126,-1
223149,-1
223172,-1
223195,-1
223218,-1
223241,-1
223264,-1
223287,-1
223310,-1
223333,-1
223356,-1
223379,-1
223402,-1
223425,-1
223448,-1
223471,-1
223494,-1
223517,-1
223540,-1
223563,-1
223586,-1
223609,-1
223632,-1
223655,-1
223678,-1
223701,-1
223724,-1
223747,-1
223770,-1
223793,-1
223816,-1
223839,-1
223862,-1
223885,-1
223908,-1
223931,-1
223954,-1
223977,-1
224000,-1
224023,-1
224046,-1
224069,-1
224092,-1
224115,-1
224138,-1
224161,-1
224184,-1
224207,-1
224230,-1
224253,-1
224276,-1
224299,-1
224322,-1
224345,-1
224368,-1
224391,-1
224414,-1
224437,-1
224460,-1
224483,-1
224506,-1
224529,-1
224552,-1
224575,-1
224598,-1
224621,-1
224644,-1
224667,-1
224690,-1
224713,-1
224736,-1
224759,-1
224781,-1
224804,-1
224827,-1
224850,-1
224873,-1
224896,-1
224919,-1
224942,-1
224965,-1
224988,-1
225011,-1
225034,-1
225057,-1
225080,-1
225103,-1
225126,-1
225149,-1
225172,-1
225195,-1
225218,-1
225241,-1
225264,-1
225287,-1
225310,-1
225333,-1
225356,-1
225379,-1
225402,-1
225425,-1
225448,-1
225471,-1
225494,-1
225517,-1
225540,-1
225563,-1
225586,-1
225609,-1
225632,-1
225655,-1
225678,-1
225701,-1
225724,-1
225747,-1
225770,-1
225793,-1
225816,-1
225839,-1
225862,-1
225885,-1
225908,-1
225931,-1
225954,-1
225977,-1
226000,-1
226023,-1
226046,-1
226069,-1
226092,-1
226115,-1
226138,-1
226161,-1
226184,-1
226207,-1
226230,-1
226253,-1
226276,-1
226299,-1
226322,-1
226345,-1
226368,-1
226391,-1
226414,-1
226437,-1
226460,-1
226483,-1
226506,-1
226529,-1
226552,-1
226575,-1
226598,-1
226621,-1
226644,-1
226667,-1
226690,-1
226713,-1
226736,-1
226759,-1
226782,-1
226805,-1
226828,-1
226851,-1
226874,-1
226897,-1
226920,-1
226943,-1
226966,-1
226989,-1
227012,-1
227035,-1
227058,-1
227081,-1
227104,-1
227127,-1
227150,-1
227173,-1
227196,-1
227219,-1
227242,-1
227265,-1
227288,-1
227311,-1
227334,-1
227357,-1
227380,-1
227403,-1
227426,-1
227449,-1
227472,-1
227495,-1
227518,-1
227541,-1
227564,-1
227587,-1
227610,-1
227633,-1
227656,-1
227679,-1
227702,-1
227725,-1
227748,-1
227771,-1
227794,-1
227817,-1
227840,-1
227863,-1
227886,-1
227909,-1
227932,-1
227955,-1
227978,-1
228001,-1
228024,-1
228047,-1
228070,-1
228093,-1
228116,-1
228139,-1
228161,-1
228184,-1
228207,-1
228230,-1
228253,-1
228276,-1
228299,-1
228322,-1
228345,-1
228368,-1
228391,-1
228414,-1
228437,-1
228460,-1
228483,-1
228506,-1
228529,-1
228552,-1
228575,-1
228598,-1
228621,-1
228644,-1
228667,-1
228690,-1
228713,-1
228736,-1
228759,-1
228782,-1
228805,-1
228828,-1
228851,-1
228874,-1
228897,-1
228920,-1
228943,-1
228966,-1
228989,-1
229012,-1
229035,-1
229058,-1
229081,-1
229104,-1
229127,-1
229150,-1
229173,-1
229196,-1
229219,-1
229242,-1
229265,-1
229288,-1
229311,-1
229334,-1
229357,-1
229380,-1
229403,-1
229426,-1
229449,-1
229472,-1
229495,-1
229518,-1
229541,-1
229564,-1
229587,-1
229610,-1
229633,-1
229656,-1
229679,-1
229702,-1
229725,-1
229748,-1
229771,-1
229794,-1
229817,-1
229840,-1
229863,-1
229886,-1
229909,-1
229932,-1
229955,-1
229978,-1
230001,-1
230024,-1
230047,-1
230070,-1
230093,-1
230116,-1
230139,-1
230162,-1
230185,-1
230208,-1
230231,-1
230254,-1
230277,-1
230300,-1
230323,-1
230346,-1
230369,-1
230392,-1
230415,-1
230438,-1
230461,-1
230484,-1
230507,-1
230530,-1
230553,-1
230576,-1
230599,-1
230622,-1
230645,-1
230668,-1
230691,-1
230714,-1
230737,-1
230760,-1
230783,-1
230806,-1
230829,-1
230852,-1
230875,-1
230898,-1
230921,-1
230944,-1
230967,-1
230990,-1
231013,-1
231036,-1
231059,-1
231082,-1
231105,-1
231128,-1
231151,-1
231174,-1
231197,-1
231220,-1
231243,-1
231266,-1
231289,-1
231312,-1
231335,-1
231358,-1
231381,-1
231404,-1
231427,-1
231450,-1
231473,-1
231496,-1
231519,-1
231541,-1
231564,-1
231587,-1
231610,-1
231633,-1
231656,-1
231679,-1
231702,-1
231725,-1
231748,-1
231771,-1
231794,-1
231817,-1
231840,-1
231863,-1
231886,-1
231909,-1
231932,-1
231955,-1
231978,-1
232001,-1
232024,-1
232047,-1
232070,-1
232093,-1
232116,-1
232139,-1
232162,-1
232185,-1
232208,-1
232231,-1
232254,-1
232277,-1
232300,-1
232323,-1
232346,-1
232369,-1
232392,-1
232415,-1
232438,-1
232461,-1
232484,-1
232507,-1
232530,-1
232553,-1
232576,-1
232599,-1
232622,-1
232645,-1
232668,-1
232691,-1
232714,-1
232737,-1
232760,-1
232783,-1
232806,-1
232829,-1
232852,-1
232875,-1
232898,-1
232921,-1
232944,-1
232967,-1
232990,-1
233013,-1
233036,-1
233059,-1
233082,-1
233105,-1
233128,-1
233151,-1
233174,-1
233197,-1
233220,-1
233243,-1
233266,-1
233289,-1
233312,-1
233335,-1
233358,-1
233381,-1
233404,-1
233427,-1
233450,-1
233473,-1
233496,-1
233519,-1
233542,-1
233565,-1
233588,-1
233611,-1
233634,-1
233657,-1
233680,-1
233703,-1
233726,-1
233749,-1
233772,-1
233795,-1
233818,-1
233841,-1
233864,-1
233887,-1
233910,-1
233933,-1
233956,-1
233979,-1
234002,-1
234025,-1
234048,-1
234071,-1
234094,-1
234117,-1
234140,-1
234163,-1
234186,-1
234209,-1
234232,-1
234255,-1
234278,-1
234301,-1
234324,-1
234347,-1
234370,58
234393,57
234416,-1
234439,57
234462,-1
234485,57
234508,57
234531,57
234554,58
234577,58
234600,45
234623,-1
234646,-1
234669,39
234692,48
234715,57
234738,59
234761,57
234784,58
234807,58
234830,-1
234853,-1
234876,-1
234899,-1
234921,-1
234944,-1
234967,-1
234990,-1
235013,-1
235036,-1
235059,-1
235082,-1
235105,-1
235128,-1
235151,-1
235174,-1
235197,-1
235220,-1
235243,-1
235266,-1
235289,-1
235312,-1
235335,-1
235358,-1
235381,-1
235404,-1
235427,-1
235450,-1
235473,-1
235496,-1
235519,-1
235542,-1
235565,-1
235588,-1
235611,-1
235634,-1
235657,-1
235680,-1
235703,-1
235726,-1
235749,-1
235772,-1
235795,-1
235818,-1
235841,-1
235864,-1
235887,-1
235910,-1
235933,-1
235956,-1
235979,-1
236002,-1
236025,-1
236048,-1
236071,-1
236094,-1
236117,-1
236140,-1
236163,-1
236186,-1
236209,-1
236232,-1
236255,-1
236278,-1
236301,-1
236324,-1
236347,-1
236370,-1
236393,-1
236416,-1
236439,-1
236462,-1
236485,-1
236508,-1
236531,-1
236554,-1
236577,-1
236600,-1
236623,-1
236646,-1
236669,-1
236692,-1
236715,-1
236738,-1
236761,-1
236784,-1
236807,-1
236830,-1
236853,-1
236876,-1
236899,-1
236922,-1
236945,-1
236968,-1
236991,-1
237014,-1
237037,-1
237060,-1
237083,-1
237106,-1
237129,-1
237152,-1
237175,-1
237198,-1
237221,-1
237244,-1
237267,-1
237290,-1
237313,-1
237336,-1
237359,-1
237382,-1
237405,-1
237428,-1
237451,-1
237474,-1
237497,-1
237520,-1
237543,-1
237566,-1
237589,-1
237612,-1
237635,-1
237658,-1
237681,-1
237704,-1
237727,-1
237750,-1
237773,-1
237796,-1
237819,-1
237842,-1
237865,-1
237888,-1
237911,-1
237934,-1
237957,-1
237980,-1
238003,-1
238026,-1
238049,-1
238072,-1
238095,-1
238118,-1
238141,-1
238164,-1
238187,-1
238210,-1
238233,-1
238256,-1
238279,-1
238301,-1
238324,-1
238347,-1
238370,-1
238393,-1
238416,-1
238439,-1
238462,-1
238485,-1
238508,45
238531,57
238554,45
238577,45
238600,45
238623,45
238646,45
238669,45
238692,57
238715,58
238738,57
238761,58
238784,57
238807,58
238830,57
238853,58
238876,57
238899,57
238922,58
238945,57
238968,57
238991,57
239014,45
239037,45
239060,63
239083,63
239106,63
239129,57
239152,58
239175,57
239198,57
239221,57
239244,57
239267,58
239290,57
239313,58
239336,58
239359,57
239382,58
239405,58
239428,57
239451,57
239474,-1
239497,67
239520,45
239543,63
239566,59
239589,58
239612,45
239635,60
239658,45
239681,45
239704,-1
239727,64
239750,60
239773,64
239796,-1
239819,-1
239842,-1
239865,-1
239888,-1
239911,-1
239934,-1
239957,67
239980,60
240003,48
240026,60
240049,60
240072,57
240095,-1
240118,57
240141,58
240164,58
240187,53
240210,84
240233,56
240256,60
240279,-1
240302,-1
240325,-1
240348,-1
240371,-1
240394,57
240417,57
240440,57
240463,57
240486,57
240509,57
240532,57
240555,-1
240578,-1
240601,65
240624,37
240647,37
240670,57
240693,57
240716,57
240739,57
240762,57
240785,64
240808,-1
240831,57
240854,60
240877,60
240900,45
240923,60
240946,-1
240969,-1
240992,-1
241015,45
241038,57
241061,57
241084,57
241107,60
241130,45
241153,57
241176,57
241199,58
241222,58
241245,58
241268,58
241291,57
241314,57
241337,64
241360,-1
241383,-1
241406,-1
241429,-1
241452,58
241475,58
241498,57
241521,48
241544,48
241567,56
241590,-1
241613,57
241636,-1
241659,-1
241681,-1
241704,-1
241727,-1
241750,-1
241773,-1
241796,-1
241819,-1
241842,-1
241865,-1
241888,-1
241911,-1
241934,-1
241957,-1
241980,-1
242003,-1
242026,-1
242049,-1
242072,-1
242095,-1
242118,-1
242141,-1
242164,-1
242187,-1
242210,-1
242233,-1
242256,-1
242279,-1
242302,-1
242325,-1
242348,-1
242371,-1
242394,-1
242417,-1
242440,-1
242463,-1
242486,-1
242509,-1
242532,-1
242555,-1
242578,-1
242601,-1
242624,-1
242647,-1
242670,-1
242693,-1
242716,-1
242739,-1
242762,-1
242785,-1
242808,-1
242831,-1
242854,-1
242877,-1
242900,-1
242923,-1
242946,-1
242969,-1
242992,-1
243015,-1
243038,-1
243061,-1
243084,-1
243107,-1
243130,-1
243153,-1
243176,-1
243199,-1
243222,-1
243245,-1
243268,-1
243291,-1
243314,-1
243337,-1
243360,-1
243383,-1
243406,-1
243429,-1
243452,-1
243475,-1
243498,-1
243521,-1
243544,-1
243567,-1
243590,-1
243613,-1
243636,-1
243659,-1
243682,-1
243705,-1
243728,-1
243751,-1
243774,-1
243797,-1
243820,-1
243843,-1
243866,-1
243889,-1
243912,-1
243935,-1
243958,-1
243981,-1
244004,-1
244027,-1
244050,-1
244073,-1
244096,-1
244119,-1
244142,-1
244165,-1
244188,-1
244211,-1
244234,-1
244257,-1
244280,-1
244303,-1
244326,-1
244349,-1
244372,-1
244395,-1
244418,-1
244441,-1
244464,-1
244487,-1
244510,-1
244533,-1
244556,-1
244579,-1
244602,-1
244625,-1
244648,-1
244671,-1
244694,-1
244717,-1
244740,-1
244763,-1
244786,-1
244809,-1
244832,-1
244855,-1
244878,-1
244901,-1
244924,-1
244947,-1
244970,-1
244993,-1
245016,-1
245039,-1
245061,-1
245084,-1
245107,-1
245130,-1
245153,-1
245176,-1
245199,-1
245222,-1
245245,-1
245268,-1
245291,-1
245314,-1
245337,-1
245360,-1
245383,-1
245406,-1
245429,-1
245452,-1
245475,-1
245498,-1
245521,-1
245544,-1
245567,-1
245590,-1
245613,-1
245636,-1
245659,-1
245682,-1
245705,-1
245728,-1
245751,-1
245774,-1
245797,-1
245820,-1
245843,-1
245866,-1
245889,-1
245912,-1
245935,-1
245958,-1
245981,-1
246004,-1
246027,-1
246050,-1
246073,-1
246096,-1
246119,-1
246142,-1
246165,-1
246188,-1
246211,-1
246234,-1
246257,-1
246280,-1
246303,-1
246326,-1
246349,-1
246372,-1
246395,-1
246418,-1
246441,-1
246464,-1
246487,-1
246510,-1
246533,-1
246556,-1
246579,-1
246602,-1
246625,-1
246648,-1
246671,-1
246694,-1
246717,-1
246740,-1
246763,-1
246786,-1
246809,-1
246832,-1
246855,-1
246878,-1
246901,-1
246924,-1
246947,-1
246970,-1
246993,-1
247016,-1
247039,-1
247062,-1
247085,-1
247108,-1
247131,-1
247154,-1
247177,-1
247200,-1
247223,-1
247246,-1
247269,-1
247292,-1
247315,-1
247338,-1
247361,-1
247384,-1
247407,-1
247430,-1
247453,-1
247476,-1
247499,-1
247522,-1
247545,-1
247568,-1
247591,-1
247614,-1
247637,-1
247660,-1
247683,-1
247706,-1
247729,-1
247752,-1
247775,-1
247798,-1
247821,-1
247844,-1
247867,-1
247890,-1
247913,-1
247936,-1
247959,-1
247982,-1
248005,-1
248028,-1
248051,-1
248074,-1
248097,-1
248120,-1
248143,-1
248166,-1
248189,-1
248212,-1
248235,-1
248258,-1
248281,-1
248304,-1
248327,-1
248350,-1
248373,-1
248396,-1
248419,-1
248441,-1
248464,-1
248487,-1
248510,-1
248533,-1
248556,-1
248579,-1
248602,-1
248625,-1
248648,-1
248671,-1
248694,-1
248717,-1
248740,-1
248763,-1
248786,-1
248809,-1
248832,-1
248855,-1
248878,-1
248901,-1
248924,-1
248947,-1
248970,-1
248993,-1
249016,-1
249039,-1
249062,-1
249085,-1
249108,-1
249131,-1
249154,-1
249177,-1
249200,-1
249223,-1
249246,-1
249269,-1
249292,-1
249315,-1
249338,-1
249361,-1
249384,-1
249407,-1
249430,-1
249453,-1
249476,-1
249499,-1
249522,-1
249545,-1
249568,-1
249591,-1
249614,-1
249637,-1
249660,-1
249683,-1
249706,-1
249729,-1
249752,-1
249775,-1
249798,-1
249821,-1
249844,-1
249867,-1
249890,-1
249913,-1
249936,-1
249959,-1
249982,-1
250005,-1
250028,-1
250051,-1
250074,-1
250097,-1
250120,-1
250143,-1
250166,-1
250189,-1
250212,-1
250235,-1
250258,-1
250281,-1
250304,-1
250327,-1
250350,-1
250373,-1
250396,-1
250419,-1
250442,-1
250465,-1
250488,-1
250511,-1
250534,-1
250557,-1
250580,-1
250603,-1
250626,-1
250649,-1
250672,-1
250695,-1
250718,-1
250741,-1
250764,-1
250787,-1
250810,-1
250833,-1
250856,-1
250879,-1
250902,-1
250925,-1
250948,-1
250971,-1
250994,-1
251017,-1
251040,-1
251063,-1
251086,-1
251109,-1
251132,-1
251155,-1
251178,-1
251201,-1
251224,-1
251247,-1
251270,-1
251293,-1
251316,-1
251339,-1
251362,-1
251385,-1
251408,-1
251431,-1
251454,-1
251477,-1
251500,-1
251523,-1
251546,-1
251569,-1
251592,-1
251615,-1
251638,-1
251661,-1
251684,-1
251707,-1
251730,-1
251753,-1
251776,-1
251799,-1
251821,-1
251844,-1
251867,-1
251890,-1
251913,-1
251936,-1
251959,-1
251982,-1
252005,-1
252028,-1
252051,-1
252074,-1
252097,-1
252120,-1
252143,-1
252166,-1
252189,-1
252212,-1
252235,-1
252258,-1
252281,-1
252304,-1
252327,-1
252350,-1
252373,-1
252396,-1
252419,-1
252442,-1
252465,-1
252488,-1
252511,-1
252534,-1
252557,-1
252580,-1
252603,-1
252626,-1
252649,-1
252672,-1
252695,-1
252718,-1
252741,-1
252764,-1
252787,-1
252810,-1
252833,-1
252856,-1
252879,-1
252902,-1
252925,-1
252948,-1
252971,-1
252994,-1
253017,-1
253040,-1
253063,-1
253086,-1
253109,-1
253132,-1
253155,-1
253178,-1
253201,-1
253224,-1
253247,-1
253270,-1
253293,-1
253316,-1
253339,-1
253362,-1
253385,-1
253408,-1
253431,-1
253454,-1
253477,-1
253500,-1
253523,-1
253546,-1
253569,-1
253592,-1
253615,-1
253638,-1
253661,-1
253684,-1
253707,-1
253730,-1
253753,-1
253776,-1
253799,-1
253822,-1
253845,-1
253868,-1
253891,-1
253914,-1
253937,-1
253960,-1
253983,-1
254006,-1
254029,-1
254052,-1
254075,-1
254098,-1
254121,-1
254144,-1
254167,-1
254190,-1
254213,-1
254236,-1
254259,-1
254282,-1
254305,-1
254328,-1
254351,-1
254374,-1
254397,-1
254420,-1
254443,-1
254466,-1
254489,-1
254512,-1
254535,-1
254558,-1
254581,-1
254604,-1
254627,-1
254650,-1
254673,-1
254696,-1
254719,-1
254742,-1
254765,-1
254788,-1
254811,-1
254834,-1
254857,-1
254880,-1
254903,-1
254926,-1
254949,-1
254972,-1
254995,-1
255018,-1
255041,-1
255064,-1
255087,-1
255110,-1
255133,-1
255156,-1
255179,-1
255201,-1
255224,-1
255247,-1
255270,-1
255293,-1
255316,-1
255339,-1
255362,-1
255385,-1
255408,-1
255431,-1
255454,-1
255477,-1
255500,-1
255523,-1
255546,-1
255569,-1
255592,-1
255615,-1
255638,-1
255661,-1
255684,-1
255707,-1
255730,-1
255753,-1
255776,-1
255799,-1
255822,-1
255845,-1
255868,-1
255891,-1
255914,-1
255937,-1
255960,-1
255983,-1
256006,-1
256029,-1
256052,-1
256075,-1
256098,-1
256121,-1
256144,-1
256167,-1
256190,-1
256213,-1
256236,-1
256259,-1
256282,-1
256305,-1
256328,-1
256351,-1
256374,-1
256397,-1
256420,-1
256443,-1
256466,-1
256489,-1
256512,-1
256535,-1
256558,-1
256581,-1
256604,-1
256627,-1
256650,-1
256673,-1
256696,-1
256719,-1
256742,-1
256765,-1
256788,-1
256811,-1
256834,-1
256857,-1
256880,-1
256903,-1
256926,-1
256949,-1
256972,-1
256995,-1
257018,-1
257041,-1
257064,-1
257087,-1
257110,-1
257133,-1
257156,-1
257179,-1
257202,-1
257225,-1
257248,-1
257271,-1
257294,-1
257317,-1
257340,-1
257363,-1
257386,-1
257409,-1
257432,-1
257455,-1
257478,-1
257501,-1
257524,-1
257547,-1
257570,-1
257593,-1
257616,-1
257639,-1
257662,-1
257685,-1
257708,-1
257731,-1
257754,-1
257777,-1
257800,-1
257823,-1
257846,-1
257869,-1
257892,-1
257915,-1
257938,-1
257961,-1
257984,-1
258007,-1
258030,-1
258053,-1
258076,-1
258099,-1
258122,-1
258145,-1
258168,-1
258191,-1
258214,-1
258237,-1
258260,-1
258283,-1
258306,-1
258329,-1
258352,-1
258375,-1
258398,-1
258421,-1
258444,-1
258467,-1
258490,-1
258513,-1
258536,-1
258559,-1
258581,-1
258604,-1
258627,-1
258650,-1
258673,-1
258696,-1
258719,-1
258742,-1
258765,-1
258788,-1
258811,-1
258834,-1
258857,-1
258880,-1
258903,-1
258926,-1
258949,-1
258972,-1
258995,-1
259018,-1
259041,-1
259064,-1
259087,-1
259110,-1
259133,-1
259156,-1
259179,-1
259202,-1
259225,-1
259248,-1
259271,-1
259294,-1
259317,-1
259340,-1
259363,-1
259386,-1
259409,-1
259432,-1
259455,-1
259478,-1
259501,-1
259524,-1
259547,-1
259570,-1
259593,-1
259616,-1
259639,-1
259662,-1
259685,-1
259708,-1
259731,-1
259754,-1
259777,-1
259800,-1
259823,-1
259846,-1
259869,-1
259892,-1
259915,-1
259938,-1
259961,-1
259984,-1
260007,-1
260030,-1
260053,-1
260076,-1
260099,-1
260122,-1
260145,-1
260168,-1
260191,-1
260214,-1
260237,-1
260260,-1
260283,-1
260306,-1
260329,-1
260352,-1
260375,-1
260398,-1
260421,-1
260444,-1
260467,-1
260490,-1
260513,-1
260536,-1
260559,-1
260582,-1
260605,-1
260628,-1
260651,-1
260674,-1
260697,-1
260720,-1
260743,-1
260766,-1
260789,-1
260812,-1
260835,-1
260858,-1
260881,-1
260904,-1
260927,-1
260950,-1
260973,-1
260996,-1
261019,-1
261042,-1
261065,-1
261088,-1
261111,-1
261134,-1
261157,-1
261180,-1
261203,-1
261226,-1
261249,-1
261272,-1
261295,-1
261318,-1
261341,-1
261364,-1
261387,-1
261410,-1
261433,-1
261456,-1
261479,-1
261502,-1
261525,-1
261548,-1
261571,-1
261594,-1
261617,-1
261640,-1
261663,-1
261686,-1
261709,-1
261732,-1
261755,-1
261778,-1
261801,-1
261824,-1
261847,-1
261870,-1
261893,-1
261916,-1
261939,-1
261961,-1
261984,-1
262007,-1
262030,-1
262053,-1
262076,-1
262099,-1
262122,-1
262145,-1
262168,-1
262191,-1
262214,-1
262237,-1
262260,-1
262283,-1
262306,-1
262329,-1
262352,-1
262375,-1
262398,-1
262421,-1
262444,-1
262467,-1
262490,-1
262513,-1
262536,-1
262559,-1
262582,-1
262605,-1
262628,-1
262651,-1
262674,-1
262697,-1
262720,-1
262743,-1
262766,-1
262789,-1
262812,-1
262835,-1
262858,-1
262881,-1
262904,-1
262927,-1
262950,-1
262973,-1
262996,-1
263019,-1
263042,-1
263065,-1
263088,-1
263111,-1
263134,-1
263157,-1
263180,-1
263203,-1
263226,-1
263249,-1
263272,-1
263295,-1
263318,-1
263341,-1
263364,-1
263387,-1
263410,-1
263433,-1
263456,-1
263479,-1
263502,-1
263525,-1
263548,-1
263571,-1
263594,-1
263617,-1
263640,-1
263663,-1
263686,-1
263709,-1
263732,-1
263755,-1
263778,-1
263801,-1
263824,-1
263847,-1
263870,-1
263893,-1
263916,-1
263939,-1
263962,-1
263985,-1
264008,-1
264031,-1
264054,-1
264077,-1
264100,-1
264123,-1
264146,-1
264169,-1
264192,-1
264215,-1
264238,-1
264261,-1
264284,-1
264307,-1
264330,-1
264353,-1
264376,-1
264399,-1
264422,-1
264445,-1
264468,-1
264491,-1
264514,-1
264537,-1
264560,-1
264583,-1
264606,-1
264629,-1
264652,-1
264675,-1
264698,-1
264721,-1
264744,-1
264767,-1
264790,-1
264813,-1
264836,-1
264859,-1
264882,-1
264905,-1
264928,-1
264951,-1
264974,-1
264997,-1
265020,-1
265043,-1
265066,-1
265089,-1
265112,-1
265135,-1
265158,-1
265181,-1
265204,-1
265227,-1
265250,-1
265273,-1
265296,-1
265319,-1
265341,-1
265364,-1
265387,-1
265410,-1
265433,-1
265456,-1
265479,-1
265502,-1
265525,-1
265548,-1
265571,-1
265594,-1
265617,-1
265640,-1
265663,-1
265686,-1
265709,-1
265732,-1
265755,-1
265778,-1
265801,-1
265824,-1
265847,-1
265870,-1
265893,-1
265916,-1
265939,-1
265962,-1
265985,-1
266008,-1
266031,-1
266054,-1
266077,-1
266100,-1
266123,-1
266146,-1
266169,-1
266192,-1
266215,-1
266238,-1
266261,-1
266284,-1
266307,-1
266330,-1
266353,-1
266376,-1
266399,-1
266422,-1
266445,-1
266468,-1
266491,-1
266514,-1
266537,-1
266560,-1
266583,-1
266606,-1
266629,-1
266652,-1
266675,-1
266698,-1
266721,-1
266744,-1
266767,-1
266790,-1
266813,-1
266836,-1
266859,-1
266882,-1
266905,-1
266928,-1
266951,-1
266974,-1
266997,-1
267020,-1
267043,-1
267066,-1
267089,-1
267112,-1
267135,-1
267158,-1
267181,-1
267204,-1
267227,-1
267250,-1
267273,-1
267296,-1
267319,-1
