0,-1
23,-1
46,-1
69,-1
92,-1
115,-1
138,-1
161,-1
184,-1
207,-1
230,-1
253,-1
276,-1
299,-1
322,-1
345,-1
368,-1
391,-1
414,-1
437,-1
460,-1
483,-1
506,-1
529,-1
552,-1
575,-1
598,-1
621,-1
644,-1
667,-1
690,-1
713,-1
736,-1
759,-1
782,-1
805,-1
828,-1
851,-1
874,-1
897,-1
920,-1
943,-1
966,-1
989,-1
1012,-1
1035,-1
1058,-1
1081,-1
1104,-1
1127,-1
1150,-1
1173,-1
1196,-1
1219,-1
1242,-1
1265,-1
1288,-1
1311,-1
1334,-1
1357,-1
1380,-1
1403,-1
1426,-1
1449,-1
1472,-1
1495,-1
1518,-1
1541,-1
1564,-1
1587,-1
1610,-1
1633,-1
1656,-1
1679,-1
1701,-1
1724,-1
1747,-1
1770,-1
1793,-1
1816,-1
1839,-1
1862,-1
1885,-1
1908,-1
1931,-1
1954,-1
1977,-1
2000,-1
2023,-1
2046,-1
2069,-1
2092,-1
2115,-1
2138,-1
2161,-1
2184,-1
2207,-1
2230,-1
2253,-1
2276,-1
2299,-1
2322,-1
2345,-1
2368,-1
2391,-1
2414,-1
2437,-1
2460,-1
2483,-1
2506,-1
2529,-1
2552,-1
2575,-1
2598,-1
2621,-1
2644,-1
2667,-1
2690,-1
2713,-1
2736,-1
2759,-1
2782,-1
2805,-1
2828,-1
2851,-1
2874,-1
2897,-1
2920,-1
2943,-1
2966,-1
2989,-1
3012,-1
3035,-1
3058,-1
3081,-1
3104,-1
3127,-1
3150,-1
3173,-1
3196,-1
3219,-1
3242,-1
3265,-1
3288,-1
3311,-1
3334,-1
3357,-1
3380,-1
3403,-1
3426,-1
3449,-1
3472,-1
3495,-1
3518,-1
3541,-1
3564,-1
3587,-1
3610,-1
3633,-1
3656,-1
3679,-1
3702,-1
3725,-1
3748,-1
3771,-1
3794,-1
3817,-1
3840,-1
3863,-1
3886,-1
3909,-1
3932,-1
3955,-1
3978,-1
4001,-1
4024,-1
4047,-1
4070,-1
4093,-1
4116,-1
4139,-1
4162,-1
4185,-1
4208,-1
4231,-1
4254,-1
4277,-1
4300,-1
4323,-1
4346,-1
4369,-1
4392,-1
4415,-1
4438,-1
4461,-1
4484,-1
4507,-1
4530,-1
4553,-1
4576,-1
4599,-1
4622,-1
4645,-1
4668,-1
4691,-1
4714,-1
4737,-1
4760,-1
4783,-1
4806,-1
4829,-1
4852,-1
4875,-1
4898,-1
4921,-1
4944,-1
4967,-1
4990,-1
5013,-1
5036,-1
5059,-1
5081,-1
5104,-1
5127,-1
5150,-1
5173,-1
5196,-1
5219,-1
5242,-1
5265,-1
5288,-1
5311,-1
5334,-1
5357,-1
5380,-1
5403,-1
5426,-1
5449,-1
5472,-1
5495,-1
5518,-1
5541,-1
5564,-1
5587,-1
5610,-1
5633,-1
5656,-1
5679,-1
5702,-1
5725,-1
5748,-1
5771,-1
5794,-1
5817,-1
5840,-1
5863,-1
5886,-1
5909,-1
5932,-1
5955,-1
5978,-1
6001,-1
6024,-1
6047,-1
6070,-1
6093,-1
6116,-1
6139,-1
6162,-1
6185,-1
6208,-1
6231,-1
6254,-1
6277,-1
6300,-1
6323,-1
6346,-1
6369,-1
6392,-1
6415,-1
6438,-1
6461,-1
6484,-1
6507,-1
6530,-1
6553,-1
6576,-1
6599,-1
6622,-1
6645,-1
6668,-1
6691,-1
6714,-1
6737,-1
6760,-1
6783,-1
6806,-1
6829,-1
6852,-1
6875,-1
6898,-1
6921,-1
6944,-1
6967,-1
6990,-1
7013,-1
7036,-1
7059,-1
7082,-1
7105,-1
7128,-1
7151,-1
7174,-1
7197,-1
7220,-1
7243,-1
7266,-1
7289,-1
7312,-1
7335,-1
7358,-1
7381,-1
7404,-1
7427,-1
7450,-1
7473,-1
7496,-1
7519,-1
7542,-1
7565,-1
7588,-1
7611,-1
7634,-1
7657,-1
7680,-1
7703,-1
7726,-1
7749,-1
7772,-1
7795,-1
7818,-1
7841,-1
7864,-1
7887,-1
7910,-1
7933,-1
7956,-1
7979,-1
8002,-1
8025,-1
8048,-1
8071,-1
8094,-1
8117,-1
8140,-1
8163,-1
8186,-1
8209,-1
8232,-1
8255,-1
8278,-1
8301,-1
8324,-1
8347,-1
8370,-1
8393,-1
8416,-1
8439,-1
8461,-1
8484,-1
8507,-1
8530,-1
8553,-1
8576,-1
8599,-1
8622,-1
8645,-1
8668,-1
8691,-1
8714,-1
8737,-1
8760,-1
8783,-1
8806,-1
8829,-1
8852,-1
8875,-1
8898,-1
8921,-1
8944,-1
8967,-1
8990,-1
9013,-1
9036,-1
9059,-1
9082,-1
9105,-1
9128,-1
9151,-1
9174,-1
9197,-1
9220,-1
9243,-1
9266,-1
9289,-1
9312,-1
9335,-1
9358,-1
9381,-1
9404,-1
9427,-1
9450,-1
9473,-1
9496,-1
9519,-1
9542,-1
9565,-1
9588,-1
9611,-1
9634,-1
9657,-1
9680,-1
9703,-1
9726,-1
9749,-1
9772,-1
9795,-1
9818,-1
9841,-1
9864,-1
9887,-1
9910,-1
9933,-1
9956,-1
9979,-1
10002,-1
10025,-1
10048,-1
10071,-1
10094,-1
10117,-1
10140,-1
10163,-1
10186,-1
10209,-1
10232,-1
10255,-1
10278,-1
10301,-1
10324,-1
10347,-1
10370,-1
10393,-1
10416,-1
10439,-1
10462,-1
10485,-1
10508,-1
10531,-1
10554,-1
10577,-1
10600,-1
10623,-1
10646,-1
10669,-1
10692,-1
10715,-1
10738,-1
10761,-1
10784,-1
10807,-1
10830,-1
10853,-1
10876,-1
10899,-1
10922,-1
10945,-1
10968,-1
10991,-1
11014,-1
11037,-1
11060,-1
11083,-1
11106,-1
11129,-1
11152,-1
11175,-1
11198,-1
11221,-1
11244,-1
11267,-1
11290,-1
11313,-1
11336,-1
11359,-1
11382,-1
11405,-1
11428,-1
11451,-1
11474,-1
11497,-1
11520,-1
11543,-1
11566,-1
11589,-1
11612,-1
11635,-1
11658,-1
11681,-1
11704,-1
11727,-1
11750,-1
11773,-1
11796,-1
11819,-1
11841,-1
11864,-1
11887,-1
11910,-1
11933,-1
11956,-1
11979,-1
12002,-1
12025,-1
12048,-1
12071,-1
12094,-1
12117,-1
12140,-1
12163,-1
12186,-1
12209,-1
12232,-1
12255,-1
12278,-1
12301,-1
12324,-1
12347,-1
12370,-1
12393,-1
12416,-1
12439,-1
12462,-1
12485,-1
12508,-1
12531,-1
12554,-1
12577,-1
12600,-1
12623,-1
12646,-1
12669,-1
12692,-1
12715,-1
12738,-1
12761,-1
12784,-1
12807,-1
12830,-1
12853,-1
12876,-1
12899,-1
12922,-1
12945,-1
12968,-1
12991,-1
13014,-1
13037,-1
13060,-1
13083,-1
13106,-1
13129,-1
13152,-1
13175,-1
13198,-1
13221,-1
13244,-1
13267,-1
13290,-1
13313,-1
13336,-1
13359,-1
13382,-1
13405,-1
13428,-1
13451,-1
13474,-1
13497,-1
13520,-1
13543,-1
13566,-1
13589,-1
13612,-1
13635,-1
13658,-1
13681,-1
13704,-1
13727,-1
13750,-1
13773,-1
13796,-1
13819,-1
13842,-1
13865,-1
13888,-1
13911,-1
13934,-1
13957,-1
13980,-1
14003,-1
14026,-1
14049,-1
14072,-1
14095,-1
14118,-1
14141,-1
14164,-1
14187,-1
14210,-1
14233,-1
14256,-1
14279,-1
14302,-1
14325,-1
14348,-1
14371,-1
14394,-1
14417,-1
14440,-1
14463,-1
14486,-1
14509,-1
14532,-1
14555,-1
14578,-1
14601,-1
14624,-1
14647,-1
14670,-1
14693,-1
14716,-1
14739,-1
14762,-1
14785,-1
14808,-1
14831,-1
14854,-1
14877,-1
14900,-1
14923,-1
14946,-1
14969,-1
14992,-1
15015,-1
15038,-1
15061,-1
15084,-1
15107,-1
15130,-1
15153,-1
15176,-1
15199,-1
15221,-1
15244,-1
15267,-1
15290,-1
15313,-1
15336,-1
15359,-1
15382,-1
15405,-1
15428,-1
15451,-1
15474,-1
15497,-1
15520,-1
15543,-1
15566,-1
15589,-1
15612,-1
15635,-1
15658,-1
15681,-1
15704,-1
15727,-1
15750,-1
15773,-1
15796,-1
15819,-1
15842,-1
15865,-1
15888,-1
15911,-1
15934,-1
15957,-1
15980,-1
16003,-1
16026,-1
16049,-1
16072,-1
16095,-1
16118,-1
16141,-1
16164,-1
16187,-1
16210,-1
16233,-1
16256,-1
16279,-1
16302,-1
16325,-1
16348,-1
16371,-1
16394,-1
16417,-1
16440,-1
16463,-1
16486,-1
16509,-1
16532,-1
16555,-1
16578,-1
16601,-1
16624,-1
16647,-1
16670,-1
16693,-1
16716,-1
16739,-1
16762,-1
16785,-1
16808,-1
16831,-1
16854,-1
16877,-1
16900,-1
16923,-1
16946,-1
16969,-1
16992,-1
17015,-1
17038,-1
17061,-1
17084,-1
17107,-1
17130,-1
17153,-1
17176,-1
17199,-1
17222,-1
17245,-1
17268,-1
17291,-1
17314,-1
17337,-1
17360,-1
17383,-1
17406,-1
17429,-1
17452,-1
17475,-1
17498,-1
17521,-1
17544,-1
17567,-1
17590,-1
17613,-1
17636,-1
17659,-1
17682,-1
17705,-1
17728,-1
17751,-1
17774,-1
17797,-1
17820,-1
17843,-1
17866,-1
17889,-1
17912,-1
17935,-1
17958,-1
17981,-1
18004,-1
18027,-1
18050,-1
18073,-1
18096,-1
18119,-1
18142,-1
18165,-1
18188,-1
18211,-1
18234,-1
18257,-1
18280,-1
18303,-1
18326,-1
18349,-1
18372,-1
18395,-1
18418,-1
18441,-1
18464,-1
18487,-1
18510,-1
18533,-1
18556,-1
18579,-1
18601,-1
18624,-1
18647,-1
18670,-1
18693,-1
18716,-1
18739,-1
18762,-1
18785,-1
18808,-1
18831,-1
18854,-1
18877,-1
18900,-1
18923,-1
18946,-1
18969,-1
18992,-1
19015,-1
19038,-1
19061,-1
19084,-1
19107,-1
19130,-1
19153,-1
19176,-1
19199,-1
19222,-1
19245,-1
19268,-1
19291,-1
19314,-1
19337,-1
19360,-1
19383,-1
19406,-1
19429,-1
19452,-1
19475,-1
19498,-1
19521,-1
19544,-1
19567,-1
19590,-1
19613,-1
19636,-1
19659,-1
19682,-1
19705,-1
19728,-1
19751,-1
19774,-1
19797,-1
19820,-1
19843,-1
19866,-1
19889,-1
19912,-1
19935,-1
19958,-1
19981,-1
20004,-1
20027,-1
20050,-1
20073,-1
20096,-1
20119,-1
20142,-1
20165,-1
20188,-1
20211,-1
20234,-1
20257,-1
20280,-1
20303,-1
20326,-1
20349,-1
20372,-1
20395,-1
20418,-1
20441,-1
20464,-1
20487,-1
20510,-1
20533,-1
20556,-1
20579,-1
20602,-1
20625,-1
20648,-1
20671,-1
20694,-1
20717,-1
20740,-1
20763,-1
20786,-1
20809,-1
20832,-1
20855,-1
20878,-1
20901,-1
20924,-1
20947,-1
20970,-1
20993,-1
21016,-1
21039,-1
21062,-1
21085,-1
21108,-1
21131,-1
21154,-1
21177,-1
21200,-1
21223,-1
21246,-1
21269,-1
21292,-1
21315,-1
21338,-1
21361,-1
21384,-1
21407,-1
21430,-1
21453,-1
21476,-1
21499,-1
21522,-1
21545,-1
21568,-1
21591,-1
21614,-1
21637,-1
21660,-1
21683,-1
21706,-1
21729,-1
21752,-1
21775,-1
21798,-1
21821,-1
21844,-1
21867,-1
21890,-1
21913,-1
21936,-1
21959,-1
21981,-1
22004,-1
22027,-1
22050,-1
22073,-1
22096,-1
22119,-1
22142,-1
22165,-1
22188,-1
22211,-1
22234,-1
22257,-1
22280,-1
22303,-1
22326,-1
22349,-1
22372,-1
22395,-1
22418,-1
22441,-1
22464,-1
22487,-1
22510,-1
22533,-1
22556,-1
22579,-1
22602,-1
22625,-1
22648,-1
22671,-1
22694,-1
22717,-1
22740,-1
22763,-1
22786,-1
22809,-1
22832,-1
22855,-1
22878,-1
22901,-1
22924,-1
22947,-1
22970,-1
22993,-1
23016,-1
23039,-1
23062,-1
23085,-1
23108,-1
23131,-1
23154,-1
23177,-1
23200,-1
23223,-1
23246,-1
23269,-1
23292,-1
23315,-1
23338,-1
23361,-1
23384,-1
23407,-1
23430,-1
23453,-1
23476,-1
23499,-1
23522,-1
23545,-1
23568,-1
23591,-1
23614,-1
23637,-1
23660,-1
23683,-1
23706,-1
23729,-1
23752,-1
23775,-1
23798,-1
23821,-1
23844,-1
23867,-1
23890,-1
23913,-1
23936,-1
23959,-1
23982,-1
24005,-1
24028,-1
24051,-1
24074,-1
24097,-1
24120,-1
24143,-1
24166,-1
24189,-1
24212,-1
24235,-1
24258,-1
24281,-1
24304,-1
24327,-1
24350,-1
24373,-1
24396,-1
24419,-1
24442,-1
24465,-1
24488,-1
24511,-1
24534,-1
24557,-1
24580,-1
24603,-1
24626,-1
24649,-1
24672,-1
24695,-1
24718,-1
24741,-1
24764,-1
24787,-1
24810,-1
24833,-1
24856,-1
24879,-1
24902,-1
24925,-1
24948,-1
24971,-1
24994,-1
25017,-1
25040,-1
25063,-1
25086,-1
25109,-1
25132,-1
25155,-1
25178,-1
25201,-1
25224,-1
25247,-1
25270,-1
25293,-1
25316,-1
25339,-1
25361,-1
25384,-1
25407,-1
25430,-1
25453,-1
25476,-1
25499,-1
25522,-1
25545,-1
25568,-1
25591,-1
25614,-1
25637,-1
25660,-1
25683,-1
25706,-1
25729,-1
25752,-1
25775,-1
25798,-1
25821,-1
25844,-1
25867,-1
25890,-1
25913,-1
25936,-1
25959,-1
25982,-1
26005,-1
26028,-1
26051,-1
26074,-1
26097,-1
26120,-1
26143,-1
26166,-1
26189,-1
26212,-1
26235,-1
26258,-1
26281,-1
26304,-1
26327,-1
26350,-1
26373,-1
26396,-1
26419,-1
26442,-1
26465,-1
26488,-1
26511,-1
26534,-1
26557,-1
26580,-1
26603,-1
26626,-1
26649,-1
26672,-1
26695,-1
26718,-1
26741,-1
26764,-1
26787,-1
26810,-1
26833,-1
26856,-1
26879,-1
26902,-1
26925,-1
26948,-1
26971,-1
26994,-1
27017,-1
27040,-1
27063,-1
27086,-1
27109,-1
27132,-1
27155,-1
27178,-1
27201,-1
27224,-1
27247,-1
27270,-1
27293,-1
27316,-1
27339,-1
27362,-1
27385,-1
27408,-1
27431,-1
27454,-1
27477,-1
27500,-1
27523,-1
27546,-1
27569,-1
27592,-1
27615,-1
27638,-1
27661,-1
27684,-1
27707,-1
27730,-1
27753,-1
27776,-1
27799,-1
27822,-1
27845,-1
27868,-1
27891,-1
27914,-1
27937,-1
27960,-1
27983,-1
28006,-1
28029,-1
28052,-1
28075,-1
28098,-1
28121,-1
28144,-1
28167,-1
28190,-1
28213,-1
28236,-1
28259,-1
28282,-1
28305,-1
28328,-1
28351,-1
28374,-1
28397,-1
28420,-1
28443,-1
28466,-1
28489,-1
28512,-1
28535,-1
28558,-1
28581,-1
28604,-1
28627,-1
28650,-1
28673,-1
28696,-1
28719,-1
28741,-1
28764,-1
28787,-1
28810,-1
28833,-1
28856,-1
28879,-1
28902,-1
28925,-1
28948,-1
28971,-1
28994,-1
29017,-1
29040,-1
29063,-1
29086,-1
29109,-1
29132,-1
29155,-1
29178,-1
29201,73
29224,73
29247,82
29270,79
29293,79
29316,82
29339,62
29362,62
29385,72
29408,79
29431,50
29454,63
29477,60
29500,60
29523,61
29546,61
29569,61
29592,61
29615,62
29638,61
29661,61
29684,60
29707,61
29730,-1
29753,-1
29776,50
29799,81
29822,57
29845,70
29868,69
29891,68
29914,67
29937,65
29960,60
29983,72
30006,72
30029,73
30052,74
30075,74
30098,62
30121,62
30144,73
30167,60
30190,61
30213,60
30236,80
30259,81
30282,81
30305,57
30328,57
30351,56
30374,56
30397,-1
30420,-1
30443,-1
30466,-1
30489,-1
30512,-1
30535,-1
30558,-1
30581,-1
30604,-1
30627,-1
30650,-1
30673,-1
30696,-1
30719,55
30742,60
30765,60
30788,59
30811,59
30834,60
30857,60
30880,59
30903,60
30926,60
30949,60
30972,59
30995,59
31018,-1
31041,59
31064,-1
31087,-1
31110,-1
31133,-1
31156,74
31179,59
31202,84
31225,63
31248,61
31271,60
31294,60
31317,60
31340,61
31363,62
31386,62
31409,61
31432,61
31455,61
31478,61
31501,61
31524,-1
31547,-1
31570,-1
31593,-1
31616,-1
31639,-1
31662,-1
31685,-1
31708,-1
31731,-1
31754,-1
31777,76
31800,60
31823,59
31846,58
31869,57
31892,58
31915,57
31938,57
31961,58
31984,58
32007,59
32030,59
32053,59
32076,59
32099,60
32121,60
32144,60
32167,59
32190,60
32213,60
32236,58
32259,55
32282,57
32305,58
32328,59
32351,58
32374,48
32397,59
32420,73
32443,49
32466,44
32489,46
32512,47
32535,59
32558,-1
32581,-1
32604,60
32627,61
32650,61
32673,61
32696,61
32719,61
32742,61
32765,61
32788,60
32811,57
32834,51
32857,84
32880,83
32903,70
32926,-1
32949,-1
32972,60
32995,48
33018,61
33041,59
33064,61
33087,57
33110,64
33133,60
33156,59
33179,55
33202,-1
33225,-1
33248,-1
33271,82
33294,65
33317,54
33340,55
33363,44
33386,48
33409,73
33432,83
33455,63
33478,46
33501,59
33524,52
33547,56
33570,72
33593,71
33616,71
33639,72
33662,61
33685,61
33708,61
33731,72
33754,59
33777,60
33800,60
33823,61
33846,61
33869,73
33892,61
33915,61
33938,61
33961,61
33984,61
34007,61
34030,61
34053,61
34076,59
34099,59
34122,60
34145,61
34168,61
34191,61
34214,61
34237,62
34260,62
34283,60
34306,58
34329,58
34352,60
34375,59
34398,-1
34421,-1
34444,58
34467,59
34490,58
34513,-1
34536,-1
34559,-1
34582,-1
34605,-1
34628,-1
34651,-1
34674,-1
34697,-1
34720,-1
34743,56
34766,56
34789,56
34812,-1
34835,60
34858,60
34881,59
34904,59
34927,59
34950,60
34973,59
34996,59
35019,60
35042,61
35065,60
35088,58
35111,57
35134,57
35157,69
35180,69
35203,57
35226,58
35249,59
35272,59
35295,59
35318,59
35341,59
35364,59
35387,60
35410,59
35433,60
35456,61
35479,61
35501,61
35524,61
35547,61
35570,61
35593,61
35616,61
35639,61
35662,60
35685,59
35708,59
35731,59
35754,60
35777,60
35800,60
35823,59
35846,58
35869,59
35892,57
35915,57
35938,58
35961,59
35984,59
36007,59
36030,59
36053,59
36076,59
36099,59
36122,59
36145,59
36168,59
36191,59
36214,59
36237,59
36260,60
36283,60
36306,60
36329,59
36352,58
36375,56
36398,57
36421,57
36444,56
36467,56
36490,57
36513,58
36536,58
36559,58
36582,57
36605,57
36628,56
36651,57
36674,57
36697,57
36720,57
36743,57
36766,57
36789,57
36812,56
36835,55
36858,53
36881,52
36904,54
36927,55
36950,55
36973,54
36996,54
37019,55
37042,56
37065,55
37088,54
37111,53
37134,55
37157,55
37180,55
37203,55
37226,54
37249,53
37272,55
37295,57
37318,55
37341,55
37364,53
37387,54
37410,55
37433,55
37456,54
37479,-1
37502,-1
37525,-1
37548,-1
37571,-1
37594,-1
37617,-1
37640,-1
37663,-1
37686,-1
37709,-1
37732,-1
37755,-1
37778,-1
37801,-1
37824,-1
37847,-1
37870,-1
37893,-1
37916,73
37939,71
37962,-1
37985,-1
38008,-1
38031,-1
38054,-1
38077,72
38100,-1
38123,-1
38146,-1
38169,-1
38192,-1
38215,-1
38238,-1
38261,-1
38284,-1
38307,-1
38330,-1
38353,-1
38376,-1
38399,-1
38422,76
38445,52
38468,83
38491,81
38514,-1
38537,-1
38560,-1
38583,-1
38606,-1
38629,-1
38652,75
38675,55
38698,54
38721,54
38744,55
38767,54
38790,56
38813,57
38836,57
38859,56
38881,53
38904,53
38927,57
38950,57
38973,57
38996,56
39019,54
39042,53
39065,54
39088,54
39111,54
39134,54
39157,53
39180,54
39203,55
39226,55
39249,84
39272,63
39295,72
39318,74
39341,71
39364,73
39387,76
39410,71
39433,71
39456,84
39479,51
39502,-1
39525,53
39548,59
39571,78
39594,79
39617,84
39640,-1
39663,-1
39686,55
39709,53
39732,51
39755,54
39778,55
39801,55
39824,56
39847,57
39870,56
39893,-1
39916,-1
39939,56
39962,57
39985,57
40008,56
40031,54
40054,53
40077,54
40100,54
40123,54
40146,53
40169,53
40192,53
40215,54
40238,55
40261,57
40284,80
40307,80
40330,81
40353,82
40376,83
40399,54
40422,-1
40445,-1
40468,-1
40491,-1
40514,-1
40537,79
40560,60
40583,58
40606,56
40629,55
40652,84
40675,-1
40698,-1
40721,-1
40744,52
40767,54
40790,55
40813,54
40836,53
40859,68
40882,56
40905,56
40928,56
40951,56
40974,56
40997,56
41020,56
41043,56
41066,55
41089,54
41112,54
41135,55
41158,55
41181,54
41204,53
41227,53
41250,54
41273,54
41296,54
41319,54
41342,54
41365,54
41388,54
41411,55
41434,55
41457,54
41480,54
41503,54
41526,54
41549,56
41572,54
41595,54
41618,53
41641,54
41664,54
41687,55
41710,54
41733,53
41756,-1
41779,-1
41802,-1
41825,-1
41848,-1
41871,-1
41894,-1
41917,-1
41940,-1
41963,-1
41986,-1
42009,-1
42032,-1
42055,-1
42078,-1
42101,-1
42124,-1
42147,-1
42170,-1
42193,-1
42216,-1
42239,-1
42261,-1
42284,-1
42307,-1
42330,-1
42353,-1
42376,-1
42399,-1
42422,-1
42445,-1
42468,-1
42491,-1
42514,-1
42537,-1
42560,-1
42583,-1
42606,-1
42629,-1
42652,-1
42675,-1
42698,-1
42721,-1
42744,-1
42767,-1
42790,-1
42813,-1
42836,-1
42859,-1
42882,-1
42905,-1
42928,-1
42951,-1
42974,-1
42997,-1
43020,-1
43043,74
43066,-1
43089,-1
43112,-1
43135,-1
43158,-1
43181,-1
43204,-1
43227,-1
43250,-1
43273,-1
43296,-1
43319,-1
43342,-1
43365,-1
43388,-1
43411,-1
43434,-1
43457,71
43480,49
43503,70
43526,58
43549,76
43572,-1
43595,-1
43618,65
43641,53
43664,53
43687,54
43710,54
43733,54
43756,54
43779,54
43802,55
43825,57
43848,55
43871,56
43894,56
43917,57
43940,57
43963,57
43986,57
44009,58
44032,58
44055,58
44078,57
44101,56
44124,57
44147,57
44170,59
44193,60
44216,59
44239,59
44262,59
44285,59
44308,59
44331,59
44354,59
44377,59
44400,59
44423,59
44446,59
44469,59
44492,59
44515,59
44538,60
44561,60
44584,59
44607,57
44630,57
44653,57
44676,57
44699,57
44722,57
44745,58
44768,58
44791,57
44814,57
44837,57
44860,56
44883,56
44906,56
44929,56
44952,56
44975,56
44998,56
45021,56
45044,53
45067,52
45090,52
45113,54
45136,54
45159,54
45182,53
45205,54
45228,55
45251,55
45274,55
45297,54
45320,53
45343,55
45366,55
45389,55
45412,54
45435,54
45458,55
45481,55
45504,56
45527,54
45550,54
45573,54
45596,54
45619,54
45641,54
45664,54
45687,54
45710,84
45733,54
45756,54
45779,-1
45802,53
45825,-1
45848,-1
45871,-1
45894,-1
45917,-1
45940,-1
45963,-1
45986,-1
46009,-1
46032,-1
46055,-1
46078,-1
46101,-1
46124,66
46147,-1
46170,-1
46193,-1
46216,-1
46239,-1
46262,-1
46285,-1
46308,-1
46331,-1
46354,-1
46377,-1
46400,-1
46423,-1
46446,-1
46469,-1
46492,-1
46515,-1
46538,-1
46561,-1
46584,-1
46607,-1
46630,84
46653,-1
46676,-1
46699,56
46722,-1
46745,-1
46768,-1
46791,-1
46814,-1
46837,-1
46860,74
46883,68
46906,55
46929,55
46952,54
46975,54
46998,56
47021,57
47044,57
47067,69
47090,-1
47113,-1
47136,58
47159,58
47182,57
47205,56
47228,54
47251,53
47274,54
47297,55
47320,54
47343,54
47366,54
47389,55
47412,55
47435,54
47458,54
47481,52
47504,84
47527,52
47550,47
47573,78
47596,65
47619,69
47642,76
47665,84
47688,-1
47711,-1
47734,54
47757,54
47780,57
47803,56
47826,57
47849,54
47872,53
47895,-1
47918,-1
47941,54
47964,54
47987,54
48010,53
48033,55
48056,56
48079,56
48102,54
48125,-1
48148,57
48171,69
48194,58
48217,56
48240,55
48263,53
48286,54
48309,54
48332,55
48355,54
48378,52
48401,52
48424,54
48447,-1
48470,55
48493,83
48516,62
48539,65
48562,56
48585,54
48608,52
48631,82
48654,-1
48677,-1
48700,-1
48723,-1
48746,-1
48769,-1
48792,56
48815,57
48838,55
48861,51
48884,-1
48907,-1
48930,-1
48953,-1
48976,67
48999,54
49021,53
49044,55
49067,56
49090,56
49113,57
49136,57
49159,57
49182,57
49205,57
49228,57
49251,56
49274,55
49297,54
49320,53
49343,55
49366,55
49389,55
49412,53
49435,54
49458,54
49481,54
49504,54
49527,54
49550,55
49573,54
49596,54
49619,55
49642,55
49665,55
49688,54
49711,53
49734,54
49757,54
49780,55
49803,54
49826,53
49849,54
49872,54
49895,55
49918,55
49941,54
49964,53
49987,54
50010,-1
50033,-1
50056,-1
50079,-1
50102,-1
50125,-1
50148,-1
50171,-1
50194,-1
50217,-1
50240,55
50263,54
50286,84
50309,84
50332,84
50355,-1
50378,-1
50401,-1
50424,-1
50447,-1
50470,-1
50493,-1
50516,-1
50539,-1
50562,-1
50585,-1
50608,-1
50631,-1
50654,-1
50677,-1
50700,-1
50723,-1
50746,-1
50769,-1
50792,-1
50815,-1
50838,-1
50861,-1
50884,-1
50907,-1
50930,-1
50953,-1
50976,-1
50999,-1
51022,-1
51045,-1
51068,-1
51091,-1
51114,-1
51137,-1
51160,-1
51183,-1
51206,-1
51229,-1
51252,-1
51275,-1
51298,-1
51321,-1
51344,-1
51367,-1
51390,-1
51413,-1
51436,-1
51459,-1
51482,-1
51505,-1
51528,-1
51551,-1
51574,-1
51597,-1
51620,-1
51643,-1
51666,-1
51689,-1
51712,-1
51735,-1
51758,-1
51781,-1
51804,-1
51827,-1
51850,-1
51873,-1
51896,-1
51919,-1
51942,-1
51965,-1
51988,-1
52011,-1
52034,-1
52057,-1
52080,-1
52103,-1
52126,-1
52149,-1
52172,-1
52195,-1
52218,-1
52241,-1
52264,-1
52287,-1
52310,-1
52333,-1
52356,-1
52379,-1
52401,-1
52424,-1
52447,-1
52470,-1
52493,-1
52516,-1
52539,-1
52562,-1
52585,-1
52608,-1
52631,-1
52654,-1
52677,-1
52700,-1
52723,-1
52746,-1
52769,-1
52792,-1
52815,-1
52838,-1
52861,-1
52884,-1
52907,-1
52930,-1
52953,-1
52976,-1
52999,-1
53022,-1
53045,-1
53068,-1
53091,-1
53114,-1
53137,-1
53160,-1
53183,-1
53206,-1
53229,-1
53252,-1
53275,-1
53298,-1
53321,-1
53344,-1
53367,-1
53390,-1
53413,-1
53436,-1
53459,-1
53482,-1
53505,-1
53528,-1
53551,-1
53574,-1
53597,-1
53620,-1
53643,-1
53666,-1
53689,-1
53712,-1
53735,-1
53758,43
53781,56
53804,80
53827,80
53850,72
53873,71
53896,71
53919,-1
53942,-1
53965,-1
53988,-1
54011,66
54034,46
54057,59
54080,70
54103,70
54126,71
54149,72
54172,62
54195,62
54218,61
54241,61
54264,61
54287,61
54310,61
54333,61
54356,62
54379,62
54402,62
54425,62
54448,68
54471,69
54494,69
54517,70
54540,70
54563,69
54586,68
54609,69
54632,72
54655,73
54678,74
54701,74
54724,74
54747,61
54770,72
54793,-1
54816,61
54839,60
54862,60
54885,59
54908,56
54931,56
54954,58
54977,59
55000,57
55023,57
55046,57
55069,57
55092,57
55115,59
55138,58
55161,57
55184,-1
55207,-1
55230,55
55253,55
55276,55
55299,55
55322,55
55345,55
55368,56
55391,60
55414,60
55437,59
55460,60
55483,59
55506,58
55529,59
55552,60
55575,60
55598,59
55621,58
55644,57
55667,57
55690,58
55713,-1
55736,-1
55759,-1
55781,-1
55804,80
55827,74
55850,43
55873,55
55896,56
55919,60
55942,60
55965,60
55988,61
56011,61
56034,61
56057,61
56080,61
56103,61
56126,60
56149,59
56172,-1
56195,-1
56218,-1
56241,62
56264,61
56287,62
56310,66
56333,61
56356,-1
56379,-1
56402,60
56425,73
56448,65
56471,49
56494,61
56517,44
56540,57
56563,57
56586,62
56609,-1
56632,61
56655,62
56678,60
56701,57
56724,57
56747,59
56770,60
56793,48
56816,68
56839,76
56862,-1
56885,84
56908,59
56931,56
56954,84
56977,59
57000,83
57023,83
57046,67
57069,83
57092,49
57115,66
57138,65
57161,61
57184,59
57207,59
57230,60
57253,61
57276,62
57299,61
57322,61
57345,61
57368,61
57391,61
57414,59
57437,55
57460,83
57483,82
57506,84
57529,60
57552,-1
57575,-1
57598,61
57621,61
57644,62
57667,61
57690,62
57713,50
57736,61
57759,64
57782,64
57805,63
57828,62
57851,58
57874,-1
57897,-1
57920,60
57943,62
57966,62
57989,62
58012,63
58035,66
58058,70
58081,70
58104,70
58127,70
58150,70
58173,67
58196,72
58219,71
58242,72
58265,74
58288,62
58311,73
58334,73
58357,61
58380,61
58403,-1
58426,61
58449,62
58472,62
58495,62
58518,67
58541,68
58564,69
58587,69
58610,69
58633,69
58656,69
58679,67
58702,70
58725,71
58748,73
58771,62
58794,74
58817,73
58840,61
58863,61
58886,-1
58909,-1
58932,-1
58955,62
58978,61
59001,59
59024,57
59047,57
59070,59
59093,58
59116,57
59139,57
59161,57
59184,58
59207,58
59230,57
59253,-1
59276,-1
59299,73
59322,58
59345,80
59368,-1
59391,-1
59414,-1
59437,-1
59460,-1
59483,59
59506,60
59529,58
59552,58
59575,59
59598,60
59621,59
59644,72
59667,-1
59690,-1
59713,-1
59736,-1
59759,-1
59782,-1
59805,-1
59828,-1
59851,-1
59874,-1
59897,-1
59920,-1
59943,57
59966,59
59989,60
60012,60
60035,60
60058,61
60081,61
60104,61
60127,60
60150,61
60173,61
60196,61
60219,60
60242,59
60265,60
60288,60
60311,60
60334,59
60357,58
60380,57
60403,-1
60426,56
60449,55
60472,54
60495,58
60518,58
60541,57
60564,58
60587,59
60610,59
60633,59
60656,59
60679,59
60702,59
60725,59
60748,59
60771,59
60794,59
60817,59
60840,59
60863,59
60886,59
60909,60
60932,60
60955,60
60978,59
61001,56
61024,57
61047,57
61070,57
61093,57
61116,58
61139,58
61162,58
61185,57
61208,58
61231,58
61254,58
61277,57
61300,56
61323,56
61346,57
61369,57
61392,57
61415,57
61438,56
61461,55
61484,52
61507,52
61530,54
61553,54
61576,53
61599,53
61622,53
61645,54
61668,55
61691,55
61714,54
61737,53
61760,55
61783,55
61806,55
61829,54
61852,54
61875,54
61898,54
61921,56
61944,56
61967,54
61990,54
62013,54
62036,55
62059,56
62082,55
62105,54
62128,54
62151,54
62174,54
62197,54
62220,54
62243,53
62266,-1
62289,-1
62312,-1
62335,-1
62358,-1
62381,-1
62404,-1
62427,-1
62450,-1
62473,-1
62496,-1
62519,-1
62541,75
62564,72
62587,71
62610,-1
62633,-1
62656,-1
62679,-1
62702,-1
62725,-1
62748,74
62771,74
62794,-1
62817,-1
62840,-1
62863,-1
62886,-1
62909,-1
62932,-1
62955,-1
62978,-1
63001,-1
63024,-1
63047,83
63070,83
63093,61
63116,59
63139,79
63162,-1
63185,-1
63208,-1
63231,-1
63254,-1
63277,-1
63300,64
63323,54
63346,54
63369,54
63392,66
63415,54
63438,57
63461,57
63484,54
63507,53
63530,-1
63553,64
63576,59
63599,58
63622,56
63645,54
63668,53
63691,56
63714,55
63737,54
63760,54
63783,53
63806,54
63829,56
63852,56
63875,46
63898,58
63921,80
63944,64
63967,41
63990,83
64013,69
64036,84
64059,84
64082,84
64105,-1
64128,-1
64151,83
64174,55
64197,51
64220,54
64243,53
64266,-1
64289,-1
64312,-1
64335,82
64358,55
64381,54
64404,54
64427,55
64450,56
64473,69
64496,57
64519,-1
64542,-1
64565,-1
64588,57
64611,57
64634,56
64657,67
64680,54
64703,54
64726,54
64749,54
64772,54
64795,54
64818,54
64841,56
64864,56
64887,56
64910,81
64933,82
64956,43
64979,83
65002,60
65025,76
65048,81
65071,43
65094,81
65117,57
65140,55
65163,57
65186,70
65209,58
65232,58
65255,55
65278,-1
65301,-1
65324,-1
65347,-1
65370,-1
65393,-1
65416,54
65439,54
65462,54
65485,55
65508,57
65531,57
65554,57
65577,56
65600,56
65623,57
65646,57
65669,56
65692,56
65715,54
65738,53
65761,54
65784,56
65807,55
65830,56
65853,53
65876,54
65899,54
65921,55
65944,54
65967,55
65990,54
66013,54
66036,55
66059,56
66082,54
66105,54
66128,54
66151,54
66174,54
66197,56
66220,55
66243,54
66266,53
66289,55
66312,55
66335,55
66358,54
66381,-1
66404,-1
66427,-1
66450,-1
66473,-1
66496,-1
66519,-1
66542,-1
66565,-1
66588,-1
66611,-1
66634,-1
66657,-1
66680,-1
66703,-1
66726,-1
66749,-1
66772,-1
66795,-1
66818,-1
66841,-1
66864,-1
66887,-1
66910,-1
66933,-1
66956,-1
66979,-1
67002,-1
67025,-1
67048,-1
67071,-1
67094,-1
67117,-1
67140,-1
67163,-1
67186,-1
67209,-1
67232,-1
67255,-1
67278,-1
67301,-1
67324,-1
67347,-1
67370,-1
67393,-1
67416,-1
67439,-1
67462,-1
67485,-1
67508,-1
67531,-1
67554,-1
67577,-1
67600,-1
67623,-1
67646,-1
67669,-1
67692,-1
67715,-1
67738,-1
67761,-1
67784,-1
67807,-1
67830,-1
67853,-1
67876,-1
67899,-1
67922,-1
67945,-1
67968,-1
67991,-1
68014,-1
68037,-1
68060,-1
68083,-1
68106,-1
68129,-1
68152,-1
68175,-1
68198,-1
68221,-1
68244,-1
68267,-1
68290,-1
68313,-1
68336,-1
68359,-1
68382,-1
68405,-1
68428,-1
68451,-1
68474,-1
68497,-1
68520,-1
68543,-1
68566,-1
68589,-1
68612,-1
68635,-1
68658,-1
68681,-1
68704,-1
68727,-1
68750,-1
68773,-1
68796,-1
68819,-1
68842,-1
68865,-1
68888,-1
68911,-1
68934,-1
68957,-1
68980,-1
69003,-1
69026,-1
69049,-1
69072,-1
69095,-1
69118,-1
69141,-1
69164,-1
69187,-1
69210,-1
69233,-1
69256,-1
69279,-1
69301,-1
69324,-1
69347,-1
69370,-1
69393,79
69416,84
69439,63
69462,64
69485,-1
69508,-1
69531,-1
69554,-1
69577,-1
69600,-1
69623,-1
69646,-1
69669,-1
69692,-1
69715,-1
69738,-1
69761,-1
69784,-1
69807,-1
69830,-1
69853,-1
69876,-1
69899,-1
69922,-1
69945,-1
69968,-1
69991,67
70014,66
70037,67
70060,66
70083,66
70106,67
70129,67
70152,48
70175,60
70198,64
70221,75
70244,78
70267,-1
70290,-1
70313,-1
70336,83
70359,84
70382,66
70405,65
70428,66
70451,67
70474,67
70497,66
70520,65
70543,-1
70566,-1
70589,-1
70612,81
70635,71
70658,67
70681,57
70704,71
70727,72
70750,63
70773,67
70796,67
70819,67
70842,66
70865,66
70888,66
70911,67
70934,67
70957,66
70980,67
71003,68
71026,68
71049,67
71072,66
71095,65
71118,65
71141,66
71164,67
71187,67
71210,66
71233,67
71256,68
71279,70
71302,70
71325,70
71348,69
71371,70
71394,75
71417,75
71440,73
71463,66
71486,-1
71509,-1
71532,-1
71555,-1
71578,-1
71601,-1
71624,-1
71647,-1
71670,62
71693,62
71716,-1
71739,-1
71762,-1
71785,68
71808,67
71831,66
71854,67
71877,67
71900,67
71923,-1
71946,-1
71969,-1
71992,-1
72015,65
72038,69
72061,68
72084,69
72107,69
72130,69
72153,70
72176,70
72199,69
72222,-1
72245,-1
72268,66
72291,66
72314,65
72337,-1
72360,-1
72383,67
72406,67
72429,67
72452,66
72475,67
72498,67
72521,68
72544,-1
72567,81
72590,-1
72613,-1
72636,-1
72659,-1
72681,-1
72704,84
72727,65
72750,67
72773,67
72796,66
72819,66
72842,66
72865,65
72888,64
72911,65
72934,65
72957,63
72980,61
73003,61
73026,62
73049,61
73072,60
73095,-1
73118,-1
73141,-1
73164,-1
73187,-1
73210,-1
73233,-1
73256,-1
73279,-1
73302,-1
73325,64
73348,84
73371,55
73394,82
73417,83
73440,-1
73463,-1
73486,-1
73509,-1
73532,-1
73555,-1
73578,-1
73601,-1
73624,-1
73647,-1
73670,-1
73693,-1
73716,80
73739,73
73762,-1
73785,-1
73808,-1
73831,70
73854,67
73877,66
73900,65
73923,66
73946,67
73969,67
73992,66
74015,-1
74038,-1
74061,-1
74084,65
74107,65
74130,65
74153,64
74176,65
74199,66
74222,67
74245,67
74268,66
74291,65
74314,65
74337,66
74360,66
74383,66
74406,66
74429,66
74452,65
74475,66
74498,67
74521,67
74544,66
74567,66
74590,66
74613,66
74636,66
74659,66
74682,-1
74705,-1
74728,-1
74751,-1
74774,67
74797,67
74820,66
74843,66
74866,66
74889,66
74912,-1
74935,-1
74958,63
74981,64
75004,64
75027,64
75050,64
75073,64
75096,66
75119,67
75142,67
75165,66
75188,66
75211,66
75234,67
75257,67
75280,67
75303,66
75326,-1
75349,66
75372,67
75395,66
75418,67
75441,68
75464,69
75487,68
75510,68
75533,69
75556,69
75579,68
75602,80
75625,68
75648,67
75671,82
75694,74
75717,60
75740,71
75763,73
75786,71
75809,69
75832,69
75855,68
75878,68
75901,66
75924,65
75947,65
75970,67
75993,67
76016,66
76039,66
76061,66
76084,66
76107,65
76130,64
76153,64
76176,63
76199,62
76222,61
76245,61
76268,61
76291,62
76314,61
76337,-1
76360,-1
76383,-1
76406,-1
76429,61
76452,60
76475,56
76498,84
76521,60
76544,-1
76567,-1
76590,-1
76613,-1
76636,-1
76659,-1
76682,-1
76705,-1
76728,-1
76751,-1
76774,-1
76797,-1
76820,-1
76843,-1
76866,-1
76889,69
76912,71
76935,72
76958,72
76981,72
77004,72
77027,72
77050,72
77073,73
77096,73
77119,73
77142,73
77165,73
77188,-1
77211,-1
77234,73
77257,73
77280,-1
77303,-1
77326,73
77349,73
77372,73
77395,73
77418,73
77441,73
77464,-1
77487,73
77510,73
77533,72
77556,72
77579,71
77602,71
77625,71
77648,70
77671,68
77694,69
77717,69
77740,69
77763,69
77786,69
77809,69
77832,69
77855,69
77878,69
77901,70
77924,69
77947,69
77970,46
77993,64
78016,64
78039,51
78062,51
78085,51
78108,64
78131,64
78154,51
78177,62
78200,63
78223,66
78246,66
78269,66
78292,66
78315,67
78338,67
78361,-1
78384,65
78407,58
78430,70
78453,-1
78476,-1
78499,-1
78522,84
78545,84
78568,67
78591,66
78614,66
78637,67
78660,68
78683,66
78706,66
78729,66
78752,67
78775,68
78798,62
78821,73
78844,61
78867,77
78890,66
78913,66
78936,67
78959,66
78982,65
79005,66
79028,67
79051,67
79074,66
79097,66
79120,67
79143,67
79166,67
79189,67
79212,66
79235,65
79258,65
79281,64
79304,63
79327,63
79350,61
79373,56
79396,59
79419,84
79441,84
79464,-1
79487,-1
79510,-1
79533,-1
79556,-1
79579,-1
79602,-1
79625,-1
79648,-1
79671,-1
79694,-1
79717,75
79740,-1
79763,-1
79786,-1
79809,-1
79832,-1
79855,-1
79878,71
79901,61
79924,-1
79947,-1
79970,-1
79993,68
80016,67
80039,66
80062,67
80085,67
80108,-1
80131,-1
80154,-1
80177,-1
80200,-1
80223,-1
80246,72
80269,68
80292,69
80315,69
80338,69
80361,57
80384,70
80407,70
80430,-1
80453,-1
80476,66
80499,66
80522,51
80545,-1
80568,81
80591,47
80614,65
80637,66
80660,66
80683,66
80706,67
80729,67
80752,65
80775,65
80798,68
80821,65
80844,65
80867,65
80890,66
80913,66
80936,67
80959,67
80982,66
81005,67
81028,66
81051,65
81074,64
81097,64
81120,64
81143,63
81166,61
81189,61
81212,61
81235,-1
81258,60
81281,84
81304,84
81327,84
81350,84
81373,84
81396,83
81419,69
81442,83
81465,-1
81488,-1
81511,-1
81534,-1
81557,-1
81580,-1
81603,-1
81626,-1
81649,-1
81672,-1
81695,61
81718,-1
81741,-1
81764,62
81787,-1
81810,62
81833,-1
81856,-1
81879,-1
81902,-1
81925,61
81948,62
81971,63
81994,-1
82017,-1
82040,68
82063,68
82086,76
82109,67
82132,67
82155,67
82178,-1
82201,-1
82224,-1
82247,-1
82270,84
82293,41
82316,54
82339,46
82362,60
82385,60
82408,60
82431,62
82454,62
82477,-1
82500,-1
82523,63
82546,63
82569,50
82592,60
82615,60
82638,60
82661,64
82684,51
82707,62
82730,61
82753,61
82776,61
82799,61
82821,61
82844,61
82867,73
82890,73
82913,73
82936,65
82959,83
82982,65
83005,65
83028,65
83051,65
83074,66
83097,67
83120,67
83143,66
83166,66
83189,66
83212,68
83235,68
83258,67
83281,65
83304,66
83327,67
83350,68
83373,68
83396,66
83419,61
83442,84
83465,75
83488,75
83511,76
83534,75
83557,73
83580,72
83603,72
83626,84
83649,84
83672,73
83695,73
83718,73
83741,73
83764,73
83787,61
83810,66
83833,61
83856,57
83879,73
83902,84
83925,-1
83948,83
83971,83
83994,-1
84017,-1
84040,-1
84063,60
84086,55
84109,72
84132,72
84155,73
84178,73
84201,72
84224,72
84247,73
84270,72
84293,73
84316,65
84339,66
84362,84
84385,84
84408,83
84431,84
84454,84
84477,73
84500,84
84523,84
84546,84
84569,74
84592,84
84615,84
84638,84
84661,65
84684,-1
84707,-1
84730,73
84753,66
84776,65
84799,65
84822,65
84845,64
84868,64
84891,65
84914,-1
84937,-1
84960,65
84983,65
85006,65
85029,-1
85052,-1
85075,-1
85098,72
85121,48
85144,55
85167,65
85190,65
85213,84
85236,48
85259,73
85282,73
85305,73
85328,73
85351,72
85374,71
85397,84
85420,84
85443,57
85466,73
85489,73
85512,73
85535,73
85558,73
85581,84
85604,72
85627,65
85650,66
85673,66
85696,66
85719,66
85742,66
85765,66
85788,66
85811,66
85834,66
85857,66
85880,66
85903,68
85926,69
85949,57
85972,57
85995,57
86018,81
86041,80
86064,80
86087,80
86110,80
86133,46
86156,66
86179,67
86201,79
86224,66
86247,66
86270,67
86293,48
86316,54
86339,60
86362,-1
86385,-1
86408,-1
86431,-1
86454,55
86477,55
86500,55
86523,56
86546,56
86569,54
86592,54
86615,54
86638,55
86661,53
86684,76
86707,54
86730,56
86753,56
86776,56
86799,57
86822,56
86845,57
86868,57
86891,56
86914,56
86937,68
86960,53
86983,67
87006,67
87029,66
87052,69
87075,69
87098,66
87121,66
87144,66
87167,67
87190,67
87213,64
87236,58
87259,-1
87282,54
87305,58
87328,66
87351,58
87374,50
87397,81
87420,59
87443,60
87466,47
87489,57
87512,57
87535,40
87558,40
87581,57
87604,57
87627,48
87650,63
87673,52
87696,53
87719,62
87742,62
87765,63
87788,60
87811,63
87834,63
87857,63
87880,63
87903,61
87926,61
87949,61
87972,62
87995,-1
88018,-1
88041,63
88064,62
88087,83
88110,64
88133,59
88156,-1
88179,-1
88202,-1
88225,-1
88248,-1
88271,-1
88294,-1
88317,-1
88340,-1
88363,-1
88386,-1
88409,-1
88432,69
88455,80
88478,66
88501,67
88524,66
88547,57
88570,54
88593,52
88616,52
88639,52
88662,53
88685,54
88708,64
88731,65
88754,59
88777,64
88800,57
88823,66
88846,67
88869,67
88892,66
88915,69
88938,70
88961,67
88984,55
89007,55
89030,57
89053,61
89076,62
89099,61
89122,62
89145,57
89168,57
89191,57
89214,60
89237,68
89260,81
89283,53
89306,52
89329,57
89352,57
89375,57
89398,48
89421,80
89444,59
89467,80
89490,80
89513,53
89536,80
89559,80
89581,61
89604,61
89627,62
89650,62
89673,60
89696,60
89719,61
89742,62
89765,61
89788,52
89811,61
89834,47
89857,60
89880,62
89903,62
89926,62
89949,-1
89972,-1
89995,-1
90018,-1
90041,-1
90064,-1
90087,-1
90110,-1
90133,-1
90156,-1
90179,-1
90202,-1
90225,75
90248,78
90271,78
90294,74
90317,-1
90340,-1
90363,-1
90386,-1
90409,-1
90432,-1
90455,-1
90478,-1
90501,-1
90524,-1
90547,-1
90570,-1
90593,-1
90616,-1
90639,54
90662,83
90685,52
90708,46
90731,50
90754,70
90777,69
90800,68
90823,68
90846,68
90869,69
90892,67
90915,68
90938,67
90961,71
90984,54
91007,69
91030,68
91053,64
91076,83
91099,72
91122,67
91145,60
91168,83
91191,72
91214,68
91237,69
91260,64
91283,61
91306,50
91329,51
91352,61
91375,52
91398,63
91421,63
91444,78
91467,52
91490,69
91513,61
91536,70
91559,69
91582,78
91605,65
91628,53
91651,69
91674,53
91697,63
91720,59
91743,59
91766,63
91789,52
91812,49
91835,61
91858,51
91881,64
91904,62
91927,60
91950,60
91973,57
91996,58
92019,60
92042,-1
92065,-1
92088,63
92111,63
92134,63
92157,64
92180,63
92203,61
92226,-1
92249,-1
92272,-1
92295,-1
92318,-1
92341,-1
92364,-1
92387,-1
92410,-1
92433,-1
92456,-1
92479,-1
92502,-1
92525,-1
92548,67
92571,67
92594,66
92617,67
92640,67
92663,67
92686,67
92709,66
92732,69
92755,69
92778,69
92801,70
92824,70
92847,70
92870,69
92893,69
92916,70
92939,70
92961,69
92984,67
93007,69
93030,-1
93053,-1
93076,-1
93099,-1
93122,-1
93145,-1
93168,-1
93191,-1
93214,-1
93237,-1
93260,-1
93283,-1
93306,60
93329,68
93352,69
93375,69
93398,70
93421,70
93444,71
93467,71
93490,72
93513,72
93536,71
93559,71
93582,71
93605,71
93628,71
93651,71
93674,71
93697,71
93720,71
93743,71
93766,72
93789,72
93812,72
93835,71
93858,69
93881,69
93904,69
93927,69
93950,69
93973,69
93996,70
94019,70
94042,70
94065,69
94088,69
94111,69
94134,69
94157,69
94180,69
94203,69
94226,69
94249,69
94272,68
94295,63
94318,62
94341,66
94364,66
94387,66
94410,66
94433,66
94456,66
94479,67
94502,67
94525,66
94548,66
94571,66
94594,66
94617,67
94640,67
94663,66
94686,66
94709,66
94732,-1
94755,-1
94778,72
94801,72
94824,72
94847,83
94870,60
94893,60
94916,61
94939,61
94962,61
94985,61
95008,61
95031,61
95054,61
95077,61
95100,61
95123,57
95146,57
95169,72
95192,72
95215,45
95238,70
95261,69
95284,69
95307,72
95330,71
95353,71
95376,58
95399,50
95422,68
95445,68
95468,58
95491,70
95514,69
95537,57
95560,58
95583,70
95606,70
95629,58
95652,70
95675,58
95698,70
95721,69
95744,69
95767,58
95790,58
95813,58
95836,57
95859,79
95882,67
95905,66
95928,66
95951,67
95974,67
95997,67
96020,66
96043,83
96066,80
96089,-1
96112,-1
96135,-1
96158,-1
96181,-1
96204,-1
96227,-1
96250,-1
96273,-1
96296,-1
96319,-1
96341,-1
96364,-1
96387,66
96410,66
96433,66
96456,66
96479,67
96502,-1
96525,-1
96548,-1
96571,76
96594,74
96617,76
96640,73
96663,75
96686,64
96709,71
96732,72
96755,73
96778,73
96801,61
96824,61
96847,61
96870,73
96893,61
96916,71
96939,71
96962,72
96985,72
97008,71
97031,71
97054,71
97077,72
97100,72
97123,71
97146,71
97169,71
97192,83
97215,71
97238,71
97261,71
97284,59
97307,59
97330,59
97353,84
97376,84
97399,70
97422,39
97445,47
97468,47
97491,47
97514,47
97537,54
97560,54
97583,47
97606,65
97629,52
97652,67
97675,67
97698,66
97721,65
97744,66
97767,66
97790,54
97813,-1
97836,53
97859,51
97882,50
97905,50
97928,62
97951,62
97974,50
97997,50
98020,50
98043,50
98066,50
98089,50
98112,62
98135,62
98158,49
98181,49
98204,61
98227,50
98250,50
98273,84
98296,50
98319,54
98342,63
98365,57
98388,62
98411,62
98434,84
98457,50
98480,49
98503,49
98526,49
98549,49
98572,50
98595,50
98618,50
98641,49
98664,48
98687,49
98710,62
98733,62
98756,48
98779,48
98802,49
98825,62
98848,62
98871,63
98894,62
98917,61
98940,61
98963,61
98986,62
99009,62
99032,61
99055,-1
99078,-1
99101,-1
99124,-1
99147,-1
99170,-1
99193,-1
99216,-1
99239,-1
99262,-1
99285,-1
99308,-1
99331,-1
99354,-1
99377,-1
99400,-1
99423,-1
99446,-1
99469,77
99492,78
99515,79
99538,79
99561,79
99584,79
99607,79
99630,79
99653,79
99676,79
99699,79
99721,78
99744,78
99767,78
99790,77
99813,76
99836,76
99859,75
99882,74
99905,74
99928,73
99951,60
99974,59
99997,-1
100020,-1
100043,-1
100066,-1
100089,-1
100112,-1
100135,-1
100158,-1
100181,-1
100204,-1
100227,-1
100250,-1
100273,-1
100296,-1
100319,-1
100342,-1
100365,-1
100388,-1
100411,-1
100434,-1
100457,-1
100480,-1
100503,77
100526,-1
100549,-1
100572,-1
100595,-1
100618,-1
100641,-1
100664,-1
100687,-1
100710,-1
100733,-1
100756,-1
100779,-1
100802,-1
100825,-1
100848,-1
100871,-1
100894,72
100917,60
100940,84
100963,80
100986,80
101009,66
101032,66
101055,66
101078,66
101101,67
101124,68
101147,64
101170,65
101193,78
101216,76
101239,61
101262,69
101285,70
101308,69
101331,69
101354,70
101377,70
101400,70
101423,69
101446,69
101469,69
101492,69
101515,69
101538,70
101561,70
101584,69
101607,70
101630,70
101653,71
101676,71
101699,71
101722,71
101745,71
101768,71
101791,71
101814,71
101837,71
101860,71
101883,71
101906,71
101929,71
101952,71
101975,71
101998,71
102021,71
102044,69
102067,69
102090,69
102113,69
102136,69
102159,69
102182,69
102205,69
102228,69
102251,70
102274,70
102297,69
102320,69
102343,69
102366,69
102389,68
102412,68
102435,68
102458,68
102481,68
102504,62
102527,63
102550,66
102573,66
102596,66
102619,66
102642,65
102665,66
102688,66
102711,67
102734,66
102757,66
102780,66
102803,67
102826,67
102849,67
102872,67
102895,66
102918,64
102941,71
102964,71
102987,71
103010,71
103033,84
103056,84
103079,84
103101,84
103124,84
103147,73
103170,73
103193,73
103216,73
103239,73
103262,73
103285,73
103308,73
103331,73
103354,73
103377,-1
103400,-1
103423,57
103446,73
103469,73
103492,72
103515,72
103538,71
103561,63
103584,78
103607,53
103630,70
103653,69
103676,68
103699,56
103722,72
103745,71
103768,-1
103791,-1
103814,-1
103837,-1
103860,-1
103883,-1
103906,-1
103929,-1
103952,-1
103975,-1
103998,-1
104021,-1
104044,-1
104067,67
104090,78
104113,65
104136,65
104159,66
104182,66
104205,67
104228,82
104251,76
104274,-1
104297,-1
104320,-1
104343,-1
104366,-1
104389,-1
104412,-1
104435,-1
104458,-1
104481,-1
104504,-1
104527,-1
104550,-1
104573,-1
104596,67
104619,66
104642,66
104665,66
104688,-1
104711,-1
104734,-1
104757,-1
104780,76
104803,52
104826,80
104849,61
104872,61
104895,71
104918,72
104941,73
104964,74
104987,73
105010,73
105033,73
105056,73
105079,73
105102,72
105125,71
105148,71
105171,71
105194,71
105217,71
105240,71
105263,71
105286,72
105309,71
105332,71
105355,71
105378,71
105401,71
105424,71
105447,71
105470,71
105493,72
105516,60
105539,48
105562,73
105585,53
105608,54
105631,66
105654,66
105677,66
105700,66
105723,66
105746,66
105769,66
105792,66
105815,65
105838,64
105861,68
105884,67
105907,66
105930,66
105953,65
105976,66
105999,66
106022,-1
106045,-1
106068,-1
106091,50
106114,50
106137,62
106160,62
106183,62
106206,62
106229,62
106252,62
106275,62
106298,62
106321,62
106344,62
106367,61
106390,62
106413,61
106436,61
106459,61
106481,61
106504,67
106527,84
106550,81
106573,81
106596,79
106619,72
106642,81
106665,63
106688,62
106711,62
106734,62
106757,62
106780,61
106803,60
106826,61
106849,61
106872,61
106895,60
106918,60
106941,60
106964,61
106987,62
107010,61
107033,61
107056,61
107079,62
107102,62
107125,61
107148,69
107171,69
107194,69
107217,70
107240,71
107263,60
107286,72
107309,72
107332,72
107355,72
107378,72
107401,-1
107424,-1
107447,-1
107470,-1
107493,-1
107516,-1
107539,-1
107562,69
107585,69
107608,69
107631,69
107654,69
107677,69
107700,69
107723,69
107746,70
107769,50
107792,74
107815,62
107838,62
107861,62
107884,62
107907,60
107930,60
107953,54
107976,55
107999,66
108022,66
108045,66
108068,67
108091,67
108114,67
108137,66
108160,66
108183,67
108206,67
108229,67
108252,-1
108275,-1
108298,-1
108321,-1
108344,-1
108367,-1
108390,73
108413,73
108436,61
108459,73
108482,74
108505,74
108528,74
108551,61
108574,60
108597,60
108620,61
108643,60
108666,59
108689,-1
108712,-1
108735,-1
108758,-1
108781,-1
108804,-1
108827,-1
108850,-1
108873,-1
108896,-1
108919,-1
108942,-1
108965,-1
108988,-1
109011,-1
109034,-1
109057,-1
109080,-1
109103,-1
109126,-1
109149,-1
109172,-1
109195,-1
109218,-1
109241,70
109264,69
109287,69
109310,70
109333,71
109356,71
109379,71
109402,72
109425,72
109448,72
109471,72
109494,72
109517,-1
109540,-1
109563,-1
109586,-1
109609,69
109632,69
109655,69
109678,69
109701,69
109724,70
109747,70
109770,70
109793,70
109816,70
109839,70
109861,70
109884,-1
109907,-1
109930,-1
109953,-1
109976,-1
109999,-1
110022,67
110045,67
110068,67
110091,66
110114,66
110137,67
110160,67
110183,67
110206,66
110229,65
110252,-1
110275,-1
110298,-1
110321,-1
110344,-1
110367,-1
110390,-1
110413,-1
110436,-1
110459,-1
110482,-1
110505,-1
110528,-1
110551,79
110574,-1
110597,79
110620,79
110643,78
110666,78
110689,78
110712,78
110735,77
110758,-1
110781,-1
110804,-1
110827,-1
110850,-1
110873,-1
110896,-1
110919,-1
110942,-1
110965,-1
110988,-1
111011,-1
111034,-1
111057,-1
111080,-1
111103,62
111126,62
111149,62
111172,61
111195,61
111218,61
111241,61
111264,60
111287,59
111310,61
111333,61
111356,62
111379,61
111402,62
111425,61
111448,62
111471,61
111494,61
111517,69
111540,69
111563,70
111586,72
111609,73
111632,74
111655,74
111678,74
111701,74
111724,62
111747,61
111770,61
111793,61
111816,61
111839,61
111862,61
111885,61
111908,61
111931,61
111954,61
111977,61
112000,61
112023,61
112046,61
112069,60
112092,61
112115,62
112138,62
112161,61
112184,61
112207,61
112230,62
112253,61
112276,57
112299,60
112322,59
112345,70
112368,56
112391,58
112414,58
112437,57
112460,57
112483,57
112506,58
112529,61
112552,61
112575,-1
112598,-1
112621,-1
112644,-1
112667,-1
112690,62
112713,50
112736,-1
112759,-1
112782,-1
112805,60
112828,60
112851,60
112874,59
112897,59
112920,60
112943,59
112966,59
112989,59
113012,60
113035,60
113058,59
113081,61
113104,55
113127,56
113150,56
113173,55
113196,55
113219,42
113241,57
113264,58
113287,58
113310,59
113333,60
113356,61
113379,60
113402,59
113425,61
113448,62
113471,61
113494,61
113517,61
113540,61
113563,61
113586,61
113609,-1
113632,-1
113655,-1
113678,61
113701,61
113724,61
113747,61
113770,61
113793,61
113816,61
113839,61
113862,58
113885,82
113908,64
113931,61
113954,61
113977,57
114000,58
114023,57
114046,83
114069,50
114092,58
114115,58
114138,50
114161,64
114184,52
114207,52
114230,52
114253,58
114276,47
114299,60
114322,59
114345,58
114368,57
114391,56
114414,59
114437,62
114460,68
114483,53
114506,63
114529,52
114552,64
114575,63
114598,64
114621,63
114644,60
114667,59
114690,59
114713,61
114736,61
114759,61
114782,61
114805,61
114828,61
114851,60
114874,58
114897,52
114920,84
114943,59
114966,59
114989,59
115012,59
115035,59
115058,60
115081,59
115104,59
115127,60
115150,60
115173,54
115196,54
115219,53
115242,53
115265,57
115288,61
115311,61
115334,61
115357,61
115380,75
115403,64
115426,61
115449,62
115472,62
115495,62
115518,61
115541,62
115564,62
115587,61
115610,61
115633,61
115656,62
115679,61
115702,59
115725,60
115748,61
115771,61
115794,61
115817,61
115840,61
115863,61
115886,62
115909,62
115932,62
115955,61
115978,68
116001,70
116024,70
116047,51
116070,60
116093,61
116116,62
116139,60
116162,60
116185,59
116208,59
116231,60
116254,61
116277,61
116300,61
116323,61
116346,61
116369,61
116392,61
116415,60
116438,60
116461,60
116484,60
116507,60
116530,60
116553,59
116576,-1
116599,-1
116621,61
116644,61
116667,49
116690,59
116713,59
116736,57
116759,57
116782,58
116805,58
116828,57
116851,56
116874,56
116897,56
116920,57
116943,59
116966,59
116989,59
117012,60
117035,60
117058,59
117081,59
117104,59
117127,60
117150,59
117173,58
117196,70
117219,57
117242,57
117265,57
117288,58
117311,58
117334,58
117357,58
117380,58
117403,59
117426,60
117449,59
117472,59
117495,60
117518,61
117541,61
117564,61
117587,61
117610,61
117633,61
117656,61
117679,61
117702,61
117725,60
117748,60
117771,60
117794,60
117817,60
117840,66
117863,68
117886,70
117909,69
117932,68
117955,69
117978,56
118001,58
118024,58
118047,59
118070,59
118093,60
118116,60
118139,60
118162,60
118185,60
118208,59
118231,59
118254,60
118277,59
118300,60
118323,59
118346,60
118369,60
118392,59
118415,59
118438,59
118461,59
118484,59
118507,59
118530,56
118553,57
118576,57
118599,57
118622,58
118645,58
118668,58
118691,59
118714,58
118737,58
118760,57
118783,57
118806,57
118829,-1
118852,57
118875,57
118898,56
118921,56
118944,56
118967,56
118990,57
119013,57
119036,57
119059,56
119082,55
119105,54
119128,51
119151,54
119174,55
119197,56
119220,68
119243,56
119266,56
119289,56
119312,56
119335,56
119358,56
119381,55
119404,53
119427,52
119450,53
119473,54
119496,53
119519,53
119542,53
119565,55
119588,55
119611,55
119634,66
119657,54
119680,54
119703,55
119726,56
119749,56
119772,54
119795,54
119818,54
119841,56
119864,55
119887,54
119910,50
119933,52
119956,53
119979,84
120001,55
120024,56
120047,56
120070,55
120093,53
120116,54
120139,55
120162,54
120185,55
120208,56
120231,54
120254,55
120277,54
120300,-1
120323,54
120346,53
120369,54
120392,53
120415,55
120438,70
120461,83
120484,54
120507,53
120530,53
120553,-1
120576,54
120599,54
120622,54
120645,55
120668,-1
120691,-1
120714,-1
120737,83
120760,55
120783,55
120806,54
120829,54
120852,56
120875,57
120898,56
120921,54
120944,55
120967,-1
120990,70
121013,58
121036,57
121059,55
121082,54
121105,54
121128,55
121151,54
121174,54
121197,55
121220,55
121243,56
121266,55
121289,56
121312,55
121335,50
121358,70
121381,60
121404,53
121427,84
121450,50
121473,80
121496,56
121519,55
121542,55
121565,55
121588,54
121611,55
121634,54
121657,54
121680,55
121703,-1
121726,-1
121749,-1
121772,57
121795,58
121818,54
121841,54
121864,54
121887,55
121910,56
121933,55
121956,54
121979,53
122002,54
122025,58
122048,57
122071,57
122094,55
122117,52
122140,53
122163,54
122186,55
122209,54
122232,53
122255,54
122278,55
122301,55
122324,69
122347,82
122370,82
122393,56
122416,52
122439,82
122462,55
122485,57
122508,55
122531,58
122554,60
122577,84
122600,57
122623,57
122646,41
122669,-1
122692,-1
122715,-1
122738,-1
122761,-1
122784,-1
122807,70
122830,65
122853,54
122876,54
122899,54
122922,56
122945,57
122968,58
122991,58
123014,58
123037,57
123060,58
123083,57
123106,56
123129,53
123152,52
123175,66
123198,54
123221,55
123244,54
123267,53
123290,53
123313,54
123336,67
123359,55
123381,55
123404,55
123427,56
123450,56
123473,55
123496,54
123519,54
123542,55
123565,56
123588,56
123611,55
123634,55
123657,54
123680,54
123703,84
123726,54
123749,53
123772,-1
123795,-1
123818,55
123841,-1
123864,-1
123887,-1
123910,-1
123933,-1
123956,-1
123979,-1
124002,-1
124025,-1
124048,-1
124071,-1
124094,73
124117,73
124140,73
124163,73
124186,72
124209,72
124232,71
124255,70
124278,-1
124301,-1
124324,-1
124347,-1
124370,-1
124393,-1
124416,-1
124439,-1
124462,-1
124485,-1
124508,-1
124531,-1
124554,-1
124577,-1
124600,81
124623,84
124646,75
124669,55
124692,53
124715,-1
124738,-1
124761,-1
124784,-1
124807,-1
124830,-1
124853,-1
124876,-1
124899,-1
124922,-1
124945,-1
124968,-1
124991,-1
125014,-1
125037,-1
125060,-1
125083,-1
125106,78
125129,77
125152,79
125175,-1
125198,-1
125221,-1
125244,-1
125267,-1
125290,79
125313,79
125336,64
125359,64
125382,64
125405,61
125428,50
125451,-1
125474,-1
125497,64
125520,72
125543,75
125566,47
125589,68
125612,58
125635,49
125658,52
125681,52
125704,53
125727,53
125750,55
125773,55
125796,54
125819,53
125842,-1
125865,-1
125888,50
125911,69
125934,57
125957,57
125980,58
126003,56
126026,57
126049,57
126072,58
126095,59
126118,58
126141,57
126164,57
126187,57
126210,57
126233,59
126256,59
126279,58
126302,58
126325,59
126348,60
126371,60
126394,57
126417,82
126440,66
126463,61
126486,52
126509,60
126532,64
126555,-1
126578,-1
126601,-1
126624,-1
126647,57
126670,57
126693,57
126716,57
126739,57
126761,57
126784,57
126807,57
126830,57
126853,57
126876,57
126899,57
126922,57
126945,57
126968,57
126991,57
127014,57
127037,57
127060,57
127083,57
127106,57
127129,57
127152,57
127175,57
127198,56
127221,56
127244,55
127267,54
127290,53
127313,52
127336,52
127359,52
127382,53
127405,55
127428,55
127451,54
127474,53
127497,54
127520,55
127543,56
127566,56
127589,54
127612,54
127635,55
127658,56
127681,56
127704,55
127727,55
127750,56
127773,56
127796,56
127819,55
127842,53
127865,54
127888,56
127911,55
127934,55
127957,44
127980,56
128003,74
128026,67
128049,65
128072,77
128095,63
128118,48
128141,48
128164,64
128187,56
128210,84
128233,84
128256,53
128279,84
128302,57
128325,58
128348,56
128371,59
128394,59
128417,60
128440,59
128463,60
128486,-1
128509,-1
128532,-1
128555,-1
128578,48
128601,51
128624,52
128647,84
128670,66
128693,54
128716,56
128739,54
128762,53
128785,54
128808,55
128831,75
128854,72
128877,82
128900,63
128923,-1
128946,-1
128969,-1
128992,-1
129015,-1
129038,54
129061,57
129084,55
129107,-1
129130,-1
129153,-1
129176,-1
129199,53
129222,55
129245,55
129268,54
129291,54
129314,55
129337,55
129360,54
129383,54
129406,54
129429,55
129452,54
129475,72
129498,61
129521,61
129544,62
129567,62
129590,62
129613,62
129636,62
129659,62
129682,62
129705,62
129728,62
129751,62
129774,62
129797,60
129820,60
129843,62
129866,62
129889,61
129912,61
129935,61
129958,61
129981,61
130004,61
130027,61
130050,61
130073,-1
130096,62
130119,78
130141,57
130164,57
130187,57
130210,57
130233,57
130256,57
130279,57
130302,57
130325,57
130348,57
130371,57
130394,57
130417,57
130440,69
130463,57
130486,56
130509,56
130532,56
130555,56
130578,56
130601,56
130624,56
130647,56
130670,56
130693,56
130716,56
130739,56
130762,55
130785,53
130808,52
130831,54
130854,54
130877,54
130900,53
130923,54
130946,54
130969,54
130992,52
131015,83
131038,57
131061,74
131084,78
131107,-1
131130,-1
131153,51
131176,50
131199,49
131222,49
131245,49
131268,50
131291,50
131314,50
131337,50
131360,50
131383,84
131406,49
131429,55
131452,84
131475,50
131498,49
131521,49
131544,49
131567,49
131590,49
131613,49
131636,49
131659,49
131682,49
131705,49
131728,49
131751,49
131774,49
131797,50
131820,50
131843,50
131866,49
131889,50
131912,49
131935,51
131958,83
131981,51
132004,49
132027,83
132050,-1
132073,-1
132096,-1
132119,-1
132142,-1
132165,-1
132188,-1
132211,-1
132234,-1
132257,-1
132280,-1
132303,-1
132326,-1
132349,-1
132372,-1
132395,-1
132418,-1
132441,-1
132464,-1
132487,-1
132510,-1
132533,-1
132556,-1
132579,-1
132602,-1
132625,-1
132648,-1
132671,-1
132694,-1
132717,-1
132740,-1
132763,-1
132786,76
132809,69
132832,69
132855,69
132878,69
132901,70
132924,71
132947,84
132970,71
132993,71
133016,71
133039,71
133062,-1
133085,-1
133108,-1
133131,-1
133154,-1
133177,69
133200,70
133223,69
133246,69
133269,69
133292,69
133315,69
133338,70
133361,70
133384,69
133407,70
133430,70
133453,69
133476,75
133499,57
133521,65
133544,78
133567,78
133590,64
133613,66
133636,67
133659,66
133682,66
133705,67
133728,69
133751,70
133774,69
133797,69
133820,69
133843,69
133866,69
133889,70
133912,71
133935,72
133958,60
133981,71
134004,71
134027,72
134050,72
134073,71
134096,71
134119,71
134142,71
134165,68
134188,45
134211,70
134234,57
134257,69
134280,57
134303,69
134326,70
134349,70
134372,70
134395,69
134418,69
134441,55
134464,50
134487,55
134510,63
134533,77
134556,58
134579,81
134602,59
134625,65
134648,66
134671,66
134694,66
134717,67
134740,69
134763,70
134786,69
134809,69
134832,69
134855,70
134878,70
134901,70
134924,70
134947,69
134970,70
134993,71
135016,72
135039,71
135062,70
135085,72
135108,73
135131,74
135154,67
135177,79
135200,81
135223,66
135246,66
135269,78
135292,78
135315,78
135338,78
135361,50
135384,76
135407,59
135430,58
135453,77
135476,76
135499,76
135522,75
135545,76
135568,75
135591,75
135614,75
135637,-1
135660,-1
135683,-1
135706,-1
135729,62
135752,75
135775,70
135798,50
135821,61
135844,62
135867,62
135890,62
135913,62
135936,62
135959,61
135982,61
136005,61
136028,62
136051,61
136074,63
136097,65
136120,63
136143,70
136166,71
136189,60
136212,71
136235,73
136258,62
136281,62
136304,61
136327,61
136350,61
136373,61
136396,61
136419,61
136442,61
136465,61
136488,61
136511,61
136534,61
136557,61
136580,61
136603,61
136626,61
136649,60
136672,60
136695,60
136718,60
136741,61
136764,62
136787,62
136810,61
136833,62
136856,62
136879,60
136901,61
136924,59
136947,60
136970,57
136993,56
137016,58
137039,58
137062,57
137085,58
137108,59
137131,60
137154,60
137177,56
137200,57
137223,59
137246,-1
137269,61
137292,61
137315,61
137338,61
137361,43
137384,43
137407,43
137430,61
137453,60
137476,59
137499,59
137522,59
137545,59
137568,59
137591,60
137614,63
137637,61
137660,62
137683,60
137706,61
137729,62
137752,62
137775,61
137798,61
137821,61
137844,61
137867,61
137890,61
137913,36
137936,60
137959,60
137982,60
138005,60
138028,61
138051,61
138074,61
138097,61
138120,61
138143,61
138166,61
138189,61
138212,-1
138235,-1
138258,-1
138281,61
138304,61
138327,62
138350,61
138373,61
138396,61
138419,61
138442,60
138465,60
138488,70
138511,72
138534,75
138557,56
138580,57
138603,57
138626,55
138649,54
138672,57
138695,59
138718,60
138741,59
138764,59
138787,63
138810,64
138833,64
138856,63
138879,63
138902,63
138925,63
138948,72
138971,72
138994,66
139017,62
139040,63
139063,63
139086,64
139109,64
139132,63
139155,63
139178,63
139201,63
139224,61
139247,60
139270,60
139293,60
139316,61
139339,62
139362,61
139385,61
139408,61
139431,61
139454,59
139477,56
139500,84
139523,61
139546,61
139569,-1
139592,-1
139615,-1
139638,-1
139661,60
139684,60
139707,60
139730,60
139753,60
139776,60
139799,61
139822,61
139845,62
139868,62
139891,61
139914,61
139937,61
139960,61
139983,62
140006,63
140029,63
140052,62
140075,62
140098,63
140121,62
140144,60
140167,58
140190,61
140213,60
140236,69
140259,60
140281,60
140304,59
140327,59
140350,61
140373,61
140396,61
140419,61
140442,62
140465,62
140488,61
140511,61
140534,61
140557,61
140580,55
140603,44
140626,60
140649,61
140672,62
140695,61
140718,61
140741,60
140764,60
140787,59
140810,71
140833,72
140856,61
140879,61
140902,61
140925,61
140948,62
140971,61
140994,60
141017,60
141040,71
141063,57
141086,57
141109,57
141132,58
141155,58
141178,-1
141201,-1
141224,-1
141247,61
141270,59
141293,-1
141316,-1
141339,-1
141362,-1
141385,-1
141408,-1
141431,-1
141454,-1
141477,-1
141500,-1
141523,59
141546,71
141569,71
141592,70
141615,70
141638,60
141661,60
141684,59
141707,60
141730,60
141753,58
141776,59
141799,56
141822,57
141845,57
141868,-1
141891,-1
141914,-1
141937,70
141960,71
141983,60
142006,63
142029,61
142052,60
142075,59
142098,59
142121,60
142144,61
142167,61
142190,61
142213,61
142236,61
142259,61
142282,61
142305,60
142328,-1
142351,61
142374,61
142397,60
142420,61
142443,-1
142466,-1
142489,61
142512,78
142535,-1
142558,-1
142581,81
142604,58
142627,59
142650,59
142673,59
142696,59
142719,59
142742,59
142765,59
142788,59
142811,59
142834,58
142857,58
142880,59
142903,71
142926,48
142949,60
142972,59
142995,48
143018,67
143041,47
143064,47
143087,69
143110,57
143133,57
143156,57
143179,57
143202,57
143225,58
143248,58
143271,59
143294,59
143317,59
143340,59
143363,58
143386,57
143409,57
143432,57
143455,57
143478,57
143501,57
143524,57
143547,56
143570,57
143593,56
143616,57
143639,57
143661,57
143684,55
143707,54
143730,53
143753,57
143776,57
143799,45
143822,45
143845,56
143868,56
143891,56
143914,56
143937,56
143960,56
143983,54
144006,53
144029,54
144052,55
144075,55
144098,53
144121,53
144144,54
144167,55
144190,55
144213,53
144236,54
144259,56
144282,57
144305,57
144328,55
144351,54
144374,53
144397,53
144420,54
144443,54
144466,54
144489,60
144512,58
144535,58
144558,70
144581,84
144604,52
144627,84
144650,84
144673,83
144696,59
144719,59
144742,59
144765,59
144788,57
144811,57
144834,58
144857,72
144880,56
144903,52
144926,52
144949,53
144972,53
144995,53
145018,54
145041,54
145064,55
145087,56
145110,56
145133,54
145156,53
145179,54
145202,55
145225,56
145248,55
145271,55
145294,55
145317,54
145340,42
145363,63
145386,61
145409,60
145432,60
145455,61
145478,61
145501,61
145524,61
145547,55
145570,56
145593,69
145616,70
145639,60
145662,59
145685,58
145708,56
145731,55
145754,56
145777,57
145800,56
145823,56
145846,57
145869,56
145892,57
145915,58
145938,84
145961,59
145984,54
146007,53
146030,61
146053,49
146076,57
146099,60
146122,56
146145,-1
146168,-1
146191,43
146214,63
146237,56
146260,-1
146283,-1
146306,-1
146329,-1
146352,80
146375,60
146398,60
146421,60
146444,60
146467,61
146490,61
146513,69
146536,61
146559,60
146582,60
146605,60
146628,57
146651,58
146674,62
146697,61
146720,61
146743,61
146766,60
146789,60
146812,60
146835,58
146858,56
146881,56
146904,58
146927,58
146950,57
146973,56
146996,57
147019,58
147041,56
147064,84
147087,46
147110,-1
147133,-1
147156,-1
147179,-1
147202,-1
147225,-1
147248,-1
147271,-1
147294,-1
147317,-1
147340,-1
147363,-1
147386,-1
147409,71
147432,59
147455,60
147478,60
147501,60
147524,49
147547,57
147570,69
147593,49
147616,60
147639,60
147662,60
147685,68
147708,67
147731,54
147754,53
147777,58
147800,57
147823,55
147846,54
147869,54
147892,59
147915,59
147938,60
147961,60
147984,60
148007,59
148030,58
148053,57
148076,57
148099,55
148122,53
148145,53
148168,54
148191,54
148214,54
148237,54
148260,54
148283,54
148306,54
148329,55
148352,55
148375,54
148398,54
148421,54
148444,54
148467,55
148490,55
148513,54
148536,54
148559,55
148582,56
148605,56
148628,55
148651,54
148674,53
148697,55
148720,56
148743,55
148766,53
148789,-1
148812,56
148835,57
148858,57
148881,56
148904,54
148927,54
148950,54
148973,55
148996,56
149019,54
149042,-1
149065,-1
149088,-1
149111,-1
149134,-1
149157,-1
149180,56
149203,57
149226,55
149249,54
149272,-1
149295,-1
149318,-1
149341,-1
149364,-1
149387,-1
149410,-1
149433,-1
149456,-1
149479,-1
149502,-1
149525,-1
149548,-1
149571,-1
149594,-1
149617,-1
149640,-1
149663,-1
149686,-1
149709,-1
149732,70
149755,70
149778,69
149801,69
149824,69
149847,69
149870,69
149893,68
149916,67
149939,67
149962,67
149985,-1
150008,-1
150031,-1
150054,-1
150077,-1
150100,-1
150123,-1
150146,-1
150169,-1
150192,-1
150215,-1
150238,-1
150261,71
150284,70
150307,51
150330,70
150353,71
150376,71
150399,71
150421,72
150444,72
150467,-1
150490,-1
150513,-1
150536,-1
150559,-1
150582,-1
150605,-1
150628,69
150651,69
150674,69
150697,69
150720,57
150743,73
150766,70
150789,70
150812,70
150835,70
150858,-1
150881,70
150904,55
150927,69
150950,67
150973,-1
150996,67
151019,66
151042,66
151065,66
151088,66
151111,66
151134,67
151157,67
151180,67
151203,66
151226,67
151249,84
151272,84
151295,84
151318,55
151341,84
151364,84
151387,84
151410,55
151433,66
151456,67
151479,-1
151502,-1
151525,-1
151548,-1
151571,-1
151594,-1
151617,-1
151640,-1
151663,66
151686,67
151709,65
151732,75
151755,-1
151778,-1
151801,-1
151824,-1
151847,-1
151870,72
151893,84
151916,-1
151939,-1
151962,-1
151985,-1
152008,67
152031,67
152054,67
152077,66
152100,66
152123,-1
152146,-1
152169,60
152192,65
152215,77
152238,70
152261,-1
152284,-1
152307,-1
152330,-1
152353,84
152376,66
152399,66
152422,66
152445,67
152468,67
152491,65
152514,64
152537,65
152560,-1
152583,65
152606,54
152629,67
152652,64
152675,46
152698,83
152721,46
152744,67
152767,67
152790,67
152813,66
152836,66
152859,67
152882,67
152905,67
152928,66
152951,67
152974,68
152997,68
153020,67
153043,66
153066,66
153089,65
153112,66
153135,66
153158,66
153181,66
153204,76
153227,69
153250,70
153273,70
153296,69
153319,70
153342,58
153365,75
153388,72
153411,71
153434,66
153457,-1
153480,-1
153503,-1
153526,-1
153549,-1
153572,-1
153595,-1
153618,-1
153641,-1
153664,-1
153687,-1
153710,-1
153733,-1
153756,-1
153779,-1
153801,-1
153824,67
153847,66
153870,66
153893,67
153916,67
153939,-1
153962,-1
153985,-1
154008,-1
154031,-1
154054,77
154077,68
154100,69
154123,69
154146,69
154169,70
154192,70
154215,69
154238,69
154261,-1
154284,-1
154307,66
154330,66
154353,65
154376,65
154399,67
154422,67
154445,66
154468,66
154491,67
154514,66
154537,67
154560,-1
154583,-1
154606,-1
154629,-1
154652,-1
154675,-1
154698,-1
154721,-1
154744,76
154767,66
154790,66
154813,66
154836,66
154859,66
154882,66
154905,65
154928,64
154951,65
154974,65
154997,62
155020,61
155043,61
155066,61
155089,61
155112,-1
155135,-1
155158,-1
155181,-1
155204,-1
155227,-1
155250,-1
155273,-1
155296,-1
155319,-1
155342,80
155365,82
155388,-1
155411,82
155434,84
155457,-1
155480,69
155503,69
155526,69
155549,69
155572,81
155595,81
155618,-1
155641,-1
155664,76
155687,76
155710,83
155733,76
155756,61
155779,69
155802,72
155825,68
155848,69
155871,67
155894,67
155917,66
155940,66
155963,66
155986,65
156009,-1
156032,-1
156055,-1
156078,-1
156101,68
156124,64
156147,64
156170,64
156193,64
156216,66
156239,67
156262,67
156285,66
156308,66
156331,66
156354,66
156377,66
156400,67
156423,67
156446,66
156469,66
156492,65
156515,66
156538,67
156561,67
156584,67
156607,66
156630,66
156653,67
156676,67
156699,67
156722,-1
156745,-1
156768,-1
156791,-1
156814,67
156837,67
156860,66
156883,66
156906,66
156929,67
156952,-1
156975,-1
156998,64
157021,64
157044,64
157067,64
157090,64
157113,64
157136,64
157159,67
157181,67
157204,66
157227,66
157250,66
157273,67
157296,67
157319,67
157342,67
157365,-1
157388,-1
157411,67
157434,67
157457,67
157480,67
157503,68
157526,69
157549,69
157572,69
157595,69
157618,69
157641,69
157664,69
157687,-1
157710,-1
157733,67
157756,69
157779,73
157802,81
157825,69
157848,81
157871,69
157894,69
157917,68
157940,68
157963,67
157986,66
158009,65
158032,66
158055,67
158078,67
158101,66
158124,66
158147,67
158170,67
158193,66
158216,64
158239,64
158262,64
158285,64
158308,62
158331,60
158354,60
158377,61
158400,62
158423,-1
158446,-1
158469,-1
158492,73
158515,79
158538,70
158561,75
158584,-1
158607,-1
158630,-1
158653,-1
158676,-1
158699,-1
158722,-1
158745,-1
158768,-1
158791,-1
158814,70
158837,71
158860,69
158883,69
158906,70
158929,70
158952,71
158975,72
158998,71
159021,71
159044,72
159067,72
159090,73
159113,69
159136,70
159159,71
159182,71
159205,71
159228,71
159251,71
159274,74
159297,73
159320,73
159343,73
159366,71
159389,69
159412,60
159435,81
159458,71
159481,71
159504,78
159527,74
159550,73
159573,72
159596,71
159619,71
159642,71
159665,70
159688,69
159711,69
159734,69
159757,69
159780,69
159803,69
159826,69
159849,69
159872,69
159895,70
159918,70
159941,71
159964,69
159987,68
160010,68
160033,70
160056,70
160079,50
160102,69
160125,69
160148,69
160171,59
160194,68
160217,66
160240,67
160263,80
160286,66
160309,66
160332,66
160355,66
160378,65
160401,52
160424,64
160447,60
160470,62
160493,43
160516,83
160539,60
160561,61
160584,67
160607,66
160630,66
160653,66
160676,66
160699,66
160722,-1
160745,-1
160768,65
160791,65
160814,53
160837,65
160860,65
160883,-1
160906,-1
160929,-1
160952,-1
160975,67
160998,67
161021,47
161044,42
161067,66
161090,66
161113,67
161136,67
161159,66
161182,66
161205,66
161228,67
161251,67
161274,67
161297,66
161320,65
161343,65
161366,65
161389,65
161412,63
161435,61
161458,62
161481,79
161504,84
161527,-1
161550,-1
161573,-1
161596,-1
161619,-1
161642,-1
161665,-1
161688,-1
161711,-1
161734,-1
161757,-1
161780,-1
161803,-1
161826,-1
161849,-1
161872,79
161895,60
161918,-1
161941,-1
161964,-1
161987,67
162010,67
162033,67
162056,66
162079,66
162102,65
162125,65
162148,64
162171,70
162194,43
162217,67
162240,84
162263,-1
162286,69
162309,69
162332,69
162355,69
162378,69
162401,57
162424,69
162447,68
162470,66
162493,67
162516,67
162539,65
162562,68
162585,63
162608,77
162631,66
162654,66
162677,66
162700,66
162723,67
162746,67
162769,67
162792,59
162815,65
162838,65
162861,64
162884,-1
162907,-1
162930,-1
162953,-1
162976,-1
162999,66
163022,67
163045,67
163068,67
163091,67
163114,67
163137,66
163160,65
163183,64
163206,65
163229,65
163252,63
163275,62
163298,62
163321,62
163344,62
163367,61
163390,61
163413,61
163436,62
163459,58
163482,84
163505,84
163528,72
163551,72
163574,72
163597,72
163620,72
163643,57
163666,57
163689,57
163712,57
163735,57
163758,57
163781,57
163804,73
163827,73
163850,57
163873,82
163896,82
163919,72
163941,81
163964,57
163987,83
164010,82
164033,81
164056,80
164079,65
164102,53
164125,78
164148,55
164171,55
164194,57
164217,74
164240,58
164263,59
164286,71
164309,57
164332,76
164355,61
164378,58
164401,68
164424,60
164447,61
164470,62
164493,63
164516,62
164539,62
164562,60
164585,64
164608,65
164631,61
164654,61
164677,61
164700,62
164723,62
164746,62
164769,62
164792,62
164815,62
164838,51
164861,60
164884,64
164907,62
164930,83
164953,74
164976,72
164999,56
165022,72
165045,65
165068,65
165091,66
165114,64
165137,65
165160,54
165183,55
165206,54
165229,54
165252,54
165275,67
165298,66
165321,54
165344,54
165367,66
165390,54
165413,48
165436,72
165459,72
165482,72
165505,71
165528,48
165551,68
165574,74
165597,65
165620,65
165643,51
165666,57
165689,57
165712,74
165735,74
165758,62
165781,62
165804,66
165827,66
165850,84
165873,50
165896,72
165919,71
165942,72
165965,72
165988,72
166011,60
166034,61
166057,61
166080,74
166103,72
166126,55
166149,55
166172,55
166195,54
166218,54
166241,73
166264,73
166287,73
166310,73
166333,73
166356,49
166379,76
166402,63
166425,82
166448,83
166471,80
166494,84
166517,53
166540,65
166563,63
166586,61
166609,65
166632,53
166655,66
166678,84
166701,61
166724,61
166747,61
166770,66
166793,66
166816,65
166839,65
166862,65
166885,66
166908,66
166931,66
166954,84
166977,72
167000,72
167023,64
167046,39
167069,73
167092,73
167115,72
167138,73
167161,54
167184,67
167207,66
167230,66
167253,66
167276,66
167299,66
167321,66
167344,66
167367,60
167390,60
167413,66
167436,61
167459,66
167482,80
167505,65
167528,78
167551,65
167574,78
167597,66
167620,47
167643,65
167666,66
167689,66
167712,66
167735,66
167758,67
167781,66
167804,66
167827,66
167850,66
167873,66
167896,78
167919,67
167942,80
167965,68
167988,68
168011,56
168034,80
168057,80
168080,49
168103,59
168126,79
168149,59
168172,66
168195,66
168218,65
168241,59
168264,49
168287,60
168310,60
168333,61
168356,49
168379,63
168402,63
168425,42
168448,43
168471,42
168494,61
168517,61
168540,61
168563,61
168586,61
168609,62
168632,-1
168655,75
168678,64
168701,45
168724,-1
168747,-1
168770,-1
168793,-1
168816,-1
168839,-1
168862,-1
168885,-1
168908,69
168931,60
168954,48
168977,56
169000,47
169023,59
169046,67
169069,67
169092,66
169115,65
169138,47
169161,67
169184,67
169207,70
169230,60
169253,-1
169276,-1
169299,-1
169322,67
169345,51
169368,57
169391,42
169414,69
169437,69
169460,68
169483,65
169506,65
169529,67
169552,67
169575,68
169598,67
169621,66
169644,60
169667,59
169690,59
169713,61
169736,63
169759,61
169782,61
169805,64
169828,64
169851,64
169874,61
169897,60
169920,63
169943,63
169966,62
169989,62
170012,54
170035,62
170058,61
170081,61
170104,83
170127,84
170150,-1
170173,-1
170196,-1
170219,-1
170242,-1
170265,-1
170288,-1
170311,-1
170334,-1
170357,-1
170380,-1
170403,-1
170426,67
170449,70
170472,66
170495,67
170518,83
170541,-1
170564,-1
170587,-1
170610,-1
170633,67
170656,68
170679,65
170701,53
170724,65
170747,64
170770,52
170793,62
170816,54
170839,54
170862,66
170885,66
170908,66
170931,54
170954,71
170977,70
171000,69
171023,66
171046,83
171069,69
171092,69
171115,70
171138,58
171161,55
171184,56
171207,58
171230,59
171253,80
171276,80
171299,53
171322,50
171345,57
171368,62
171391,62
171414,60
171437,57
171460,61
171483,62
171506,62
171529,61
171552,61
171575,61
171598,62
171621,62
171644,62
171667,62
171690,61
171713,62
171736,62
171759,61
171782,61
171805,61
171828,61
171851,60
171874,60
171897,60
171920,60
171943,58
171966,-1
171989,-1
172012,-1
172035,-1
172058,-1
172081,-1
172104,-1
172127,-1
172150,-1
172173,-1
172196,-1
172219,75
172242,77
172265,78
172288,80
172311,80
172334,79
172357,79
172380,79
172403,79
172426,79
172449,79
172472,78
172495,78
172518,78
172541,77
172564,76
172587,76
172610,75
172633,74
172656,74
172679,74
172702,61
172725,76
172748,70
172771,70
172794,69
172817,69
172840,69
172863,69
172886,68
172909,38
172932,-1
172955,80
172978,69
173001,68
173024,69
173047,65
173070,67
173093,52
173116,60
173139,53
173162,64
173185,83
173208,83
173231,71
173254,68
173277,67
173300,64
173323,63
173346,63
173369,63
173392,72
173415,61
173438,56
173461,57
173484,75
173507,68
173530,48
173553,66
173576,53
173599,52
173622,52
173645,52
173668,49
173691,61
173714,60
173737,63
173760,60
173783,61
173806,62
173829,61
173852,60
173875,60
173898,62
173921,62
173944,60
173967,59
173990,59
174013,58
174036,61
174059,61
174081,60
174104,60
174127,62
174150,63
174173,62
174196,60
174219,-1
174242,-1
174265,-1
174288,-1
174311,-1
174334,-1
174357,-1
174380,-1
174403,-1
174426,-1
174449,-1
174472,-1
174495,-1
174518,83
174541,67
174564,68
174587,67
174610,67
174633,67
174656,68
174679,68
174702,67
174725,67
174748,69
174771,69
174794,69
174817,70
174840,70
174863,69
174886,69
174909,70
174932,70
174955,69
174978,68
175001,-1
175024,-1
175047,-1
175070,-1
175093,-1
175116,-1
175139,-1
175162,-1
175185,-1
175208,-1
175231,-1
175254,-1
175277,-1
175300,68
175323,70
175346,70
175369,70
175392,70
175415,71
175438,71
175461,72
175484,59
175507,59
175530,59
175553,71
175576,71
175599,71
175622,59
175645,71
175668,59
175691,71
175714,71
175737,71
175760,71
175783,71
175806,71
175829,70
175852,69
175875,69
175898,69
175921,69
175944,69
175967,70
175990,70
176013,70
176036,70
176059,69
176082,69
176105,69
176128,69
176151,69
176174,69
176197,69
176220,68
176243,68
176266,68
176289,-1
176312,62
176335,66
176358,66
176381,67
176404,66
176427,66
176450,66
176473,67
176496,67
176519,67
176542,66
176565,65
176588,66
176611,67
176634,67
176657,67
176680,67
176703,66
176726,66
176749,67
176772,67
176795,67
176818,-1
176841,-1
176864,-1
176887,-1
176910,-1
176933,-1
176956,-1
176979,-1
177002,-1
177025,-1
177048,-1
177071,-1
177094,-1
177117,-1
177140,-1
177163,-1
177186,-1
177209,-1
177232,-1
177255,-1
177278,-1
177301,-1
177324,-1
177347,80
177370,78
177393,77
177416,-1
177439,-1
177461,-1
177484,-1
177507,-1
177530,-1
177553,-1
177576,-1
177599,-1
177622,-1
177645,-1
177668,-1
177691,-1
177714,-1
177737,-1
177760,-1
177783,-1
177806,-1
177829,-1
177852,68
177875,68
177898,54
177921,54
177944,67
177967,67
177990,55
178013,84
178036,54
178059,-1
178082,-1
178105,-1
178128,-1
178151,-1
178174,-1
178197,-1
178220,-1
178243,-1
178266,-1
178289,-1
178312,-1
178335,-1
178358,-1
178381,82
178404,66
178427,66
178450,67
178473,-1
178496,-1
178519,-1
178542,53
178565,55
178588,67
178611,80
178634,73
178657,74
178680,72
178703,73
178726,73
178749,61
178772,61
178795,61
178818,61
178841,73
178864,73
178887,72
178910,71
178933,71
178956,72
178979,71
179002,71
179025,71
179048,71
179071,72
179094,71
179117,70
179140,71
179163,71
179186,59
179209,71
179232,71
179255,71
179278,72
179301,58
179324,60
179347,40
179370,66
179393,52
179416,53
179439,54
179462,66
179485,66
179508,54
179531,54
179554,54
179577,53
179600,53
179623,53
179646,54
179669,66
179692,54
179715,54
179738,54
179761,67
179784,54
179807,-1
179830,-1
179853,51
179876,50
179899,50
179922,62
179945,62
179968,50
179991,62
180014,62
180037,62
180060,62
180083,62
180106,62
180129,49
180152,49
180175,49
180198,61
180221,49
180244,62
180267,61
180290,61
180313,71
180336,51
180359,78
180382,81
180405,57
180428,63
180451,62
180474,50
180497,49
180520,49
180543,49
180566,50
180589,50
180612,49
180635,49
180658,49
180681,50
180704,50
180727,49
180750,61
180773,61
180796,62
180819,61
180841,62
180864,62
180887,61
180910,49
180933,50
180956,62
180979,61
181002,50
181025,49
181048,-1
181071,-1
181094,-1
181117,-1
181140,-1
181163,-1
181186,-1
181209,-1
181232,-1
181255,-1
181278,-1
181301,-1
181324,-1
181347,-1
181370,-1
181393,-1
181416,-1
181439,-1
181462,69
181485,69
181508,70
181531,71
181554,71
181577,72
181600,72
181623,71
181646,71
181669,71
181692,71
181715,83
181738,-1
181761,-1
181784,-1
181807,-1
181830,69
181853,69
181876,69
181899,69
181922,69
181945,69
181968,69
181991,69
182014,-1
182037,-1
182060,-1
182083,-1
182106,67
182129,66
182152,66
182175,67
182198,67
182221,66
182244,-1
182267,-1
182290,-1
182313,-1
182336,-1
182359,-1
182382,-1
182405,-1
182428,-1
182451,-1
182474,-1
182497,82
182520,84
182543,84
182566,83
182589,71
182612,-1
182635,64
182658,-1
182681,-1
182704,-1
182727,-1
182750,-1
182773,-1
182796,-1
182819,-1
182842,-1
182865,82
182888,82
182911,-1
182934,-1
182957,-1
182980,-1
183003,65
183026,66
183049,66
183072,-1
183095,67
183118,67
183141,67
183164,66
183187,66
183210,67
183233,67
183256,67
183279,67
183302,-1
183325,-1
183348,-1
183371,-1
183394,-1
183417,-1
183440,-1
183463,-1
183486,-1
183509,69
183532,69
183555,70
183578,70
183601,71
183624,71
183647,71
183670,71
183693,71
183716,71
183739,71
183762,71
183785,82
183808,-1
183831,-1
183854,70
183877,69
183900,69
183923,69
183946,82
183969,71
183992,70
184015,69
184038,68
184061,70
184084,70
184107,69
184130,67
184153,67
184176,66
184199,66
184221,67
184244,67
184267,65
184290,-1
184313,-1
184336,-1
184359,-1
184382,-1
184405,-1
184428,-1
184451,-1
184474,-1
184497,-1
184520,-1
184543,70
184566,83
184589,82
184612,76
184635,82
184658,84
184681,-1
184704,-1
184727,-1
184750,-1
184773,-1
184796,-1
184819,61
184842,-1
184865,-1
184888,-1
184911,-1
184934,-1
184957,-1
184980,-1
185003,-1
185026,63
185049,72
185072,60
185095,-1
185118,-1
185141,-1
185164,-1
185187,-1
185210,61
185233,61
185256,-1
185279,68
185302,69
185325,68
185348,68
185371,68
185394,68
185417,67
185440,67
185463,66
185486,66
185509,57
185532,56
185555,67
185578,66
185601,66
185624,-1
185647,-1
185670,-1
185693,55
185716,58
185739,59
185762,46
185785,69
185808,71
185831,67
185854,55
185877,65
185900,65
185923,49
185946,64
185969,64
185992,64
186015,63
186038,62
186061,61
186084,62
186107,61
186130,61
186153,61
186176,63
186199,63
186222,62
186245,62
186268,62
186291,61
186314,50
186337,42
186360,64
186383,64
186406,63
186429,62
186452,63
186475,83
186498,63
186521,77
186544,-1
186567,-1
186590,-1
186613,52
186636,-1
186659,-1
186682,-1
186705,-1
186728,-1
186751,-1
186774,-1
186797,-1
186820,69
186843,82
186866,83
186889,43
186912,-1
186935,-1
186958,-1
186981,-1
187004,-1
187027,-1
187050,61
187073,66
187096,52
187119,59
187142,68
187165,53
187188,57
187211,70
187234,58
187257,54
187280,53
187303,47
187326,50
187349,70
187372,70
187395,82
187418,54
187441,57
187464,67
187487,48
187510,58
187533,59
187556,54
187579,57
187601,60
187624,59
187647,80
187670,78
187693,53
187716,64
187739,57
187762,52
187785,79
187808,59
187831,60
187854,61
187877,64
187900,53
187923,63
187946,52
187969,61
187992,62
188015,62
188038,60
188061,61
188084,59
188107,60
188130,61
188153,62
188176,62
188199,62
188222,62
188245,61
188268,60
188291,60
188314,60
188337,61
188360,61
188383,-1
188406,-1
188429,-1
188452,-1
188475,-1
188498,-1
188521,-1
188544,-1
188567,-1
188590,-1
188613,78
188636,77
188659,69
188682,-1
188705,-1
188728,-1
188751,-1
188774,-1
188797,-1
188820,-1
188843,-1
188866,-1
188889,-1
188912,-1
188935,-1
188958,-1
188981,-1
189004,-1
189027,69
189050,72
189073,63
189096,70
189119,56
189142,68
189165,68
189188,66
189211,67
189234,67
189257,51
189280,61
189303,60
189326,59
189349,60
189372,58
189395,69
189418,58
189441,83
189464,60
189487,59
189510,56
189533,79
189556,47
189579,54
189602,83
189625,67
189648,60
189671,64
189694,64
189717,60
189740,59
189763,60
189786,63
189809,60
189832,60
189855,60
189878,57
189901,59
189924,59
189947,80
189970,53
189993,65
190016,65
190039,49
190062,64
190085,77
190108,61
190131,62
190154,59
190177,61
190200,61
190223,61
190246,61
190269,61
190292,41
190315,61
190338,64
190361,64
190384,62
190407,-1
190430,62
190453,64
190476,64
190499,64
190522,62
190545,62
190568,62
190591,62
190614,-1
190637,-1
190660,-1
190683,-1
190706,-1
190729,-1
190752,-1
190775,-1
190798,-1
190821,-1
190844,-1
190867,-1
190890,-1
190913,66
190936,66
190959,66
190981,65
191004,65
191027,66
191050,66
191073,66
191096,64
191119,64
191142,-1
191165,70
191188,70
191211,69
191234,69
191257,68
191280,69
191303,69
191326,70
191349,60
191372,59
191395,60
191418,59
191441,58
191464,-1
191487,-1
191510,-1
191533,-1
191556,-1
191579,-1
191602,-1
191625,-1
191648,-1
191671,67
191694,69
191717,70
191740,70
191763,70
191786,71
191809,71
191832,71
191855,72
191878,72
191901,71
191924,71
191947,71
191970,71
191993,71
192016,71
192039,71
192062,71
192085,72
192108,72
192131,72
192154,72
192177,71
192200,70
192223,69
192246,69
192269,69
192292,69
192315,69
192338,69
192361,70
192384,70
192407,70
192430,62
192453,61
192476,69
192499,69
192522,69
192545,69
192568,69
192591,69
192614,69
192637,68
192660,-1
192683,-1
192706,64
192729,66
192752,66
192775,66
192798,67
192821,68
192844,69
192867,69
192890,69
192913,68
192936,68
192959,66
192982,66
193005,67
193028,67
193051,66
193074,66
193097,66
193120,67
193143,67
193166,66
193189,66
193212,66
193235,66
193258,67
193281,67
193304,67
193327,66
193350,66
193373,67
193396,82
193419,84
193442,76
193465,-1
193488,-1
193511,-1
193534,-1
193557,-1
193580,-1
193603,-1
193626,-1
193649,-1
193672,-1
193695,-1
193718,81
193741,73
193764,79
193787,-1
193810,-1
193833,-1
193856,-1
193879,-1
193902,-1
193925,-1
193948,-1
193971,-1
193994,-1
194017,-1
194040,-1
194063,-1
194086,-1
194109,-1
194132,-1
194155,-1
194178,-1
194201,-1
194224,-1
194247,67
194270,67
194293,66
194316,66
194339,66
194361,66
194384,66
194407,66
194430,-1
194453,-1
194476,-1
194499,-1
194522,-1
194545,-1
194568,-1
194591,-1
194614,-1
194637,-1
194660,-1
194683,-1
194706,-1
194729,-1
194752,65
194775,54
194798,56
194821,-1
194844,-1
194867,-1
194890,79
194913,66
194936,68
194959,62
194982,73
195005,61
195028,61
195051,59
195074,72
195097,73
195120,73
195143,61
195166,61
195189,61
195212,73
195235,73
195258,49
195281,70
195304,71
195327,71
195350,71
195373,71
195396,71
195419,71
195442,71
195465,71
195488,70
195511,70
195534,72
195557,72
195580,71
195603,71
195626,71
195649,72
195672,72
195695,73
195718,62
195741,58
195764,78
195787,65
195810,65
195833,65
195856,66
195879,66
195902,66
195925,66
195948,67
195971,66
195994,65
196017,65
196040,66
196063,67
196086,67
196109,66
196132,66
196155,66
196178,65
196201,53
196224,52
196247,63
196270,62
196293,50
196316,50
196339,50
196362,49
196385,50
196408,62
196431,62
196454,62
196477,50
196500,50
196523,61
196546,61
196569,61
196592,62
196615,61
196638,61
196661,62
196684,64
196707,66
196730,71
196753,70
196776,84
196799,84
196822,62
196845,50
196868,49
196891,49
196914,49
196937,50
196960,50
196983,49
197006,61
197029,49
197052,49
197075,61
197098,62
197121,62
197144,61
197167,61
197190,61
197213,61
197236,62
197259,62
197282,61
197305,60
197328,61
197351,-1
197374,-1
197397,-1
197420,-1
197443,-1
197466,-1
197489,-1
197512,-1
197535,-1
197558,-1
197581,-1
197604,-1
197627,-1
197650,-1
197673,-1
197696,-1
197719,-1
197741,-1
197764,-1
197787,-1
197810,-1
197833,-1
197856,-1
197879,-1
197902,-1
197925,-1
197948,61
197971,61
197994,61
198017,61
198040,75
198063,75
198086,62
198109,62
198132,62
198155,62
198178,61
198201,61
198224,62
198247,62
198270,-1
198293,-1
198316,-1
198339,-1
198362,-1
198385,-1
198408,-1
198431,-1
198454,-1
198477,-1
198500,61
198523,62
198546,62
198569,63
198592,62
198615,74
198638,75
198661,75
198684,62
198707,61
198730,61
198753,74
198776,74
198799,61
198822,74
198845,-1
198868,-1
198891,-1
198914,-1
198937,-1
198960,-1
198983,-1
199006,-1
199029,-1
199052,-1
199075,-1
199098,-1
199121,-1
199144,-1
199167,-1
199190,-1
199213,-1
199236,-1
199259,-1
199282,78
199305,69
199328,63
199351,77
199374,66
199397,67
199420,66
199443,66
199466,66
199489,67
199512,66
199535,65
199558,55
199581,59
199604,72
199627,70
199650,70
199673,69
199696,69
199719,70
199742,70
199765,70
199788,70
199811,70
199834,70
199857,58
199880,70
199903,70
199926,70
199949,69
199972,69
199995,71
200018,71
200041,71
200064,71
200087,71
200110,71
200133,71
200156,71
200179,71
200202,71
200225,71
200248,71
200271,71
200294,71
200317,71
200340,71
200363,71
200386,70
200409,69
200432,69
200455,69
200478,69
200501,69
200524,69
200547,69
200570,70
200593,70
200616,69
200639,69
200662,69
200685,69
200708,69
200731,69
200754,69
200777,69
200800,69
200823,68
200846,67
200869,-1
200892,62
200915,66
200938,67
200961,66
200984,66
201007,66
201030,67
201053,67
201076,66
201099,66
201121,66
201144,66
201167,67
201190,67
201213,67
201236,66
201259,67
201282,-1
201305,66
201328,55
201351,71
201374,71
201397,71
201420,72
201443,84
201466,73
201489,73
201512,73
201535,73
201558,66
201581,73
201604,-1
201627,-1
201650,-1
201673,-1
201696,-1
201719,-1
201742,-1
201765,-1
201788,-1
201811,-1
201834,73
201857,72
201880,71
201903,71
201926,69
201949,80
201972,67
201995,70
202018,70
202041,69
202064,69
202087,-1
202110,-1
202133,-1
202156,-1
202179,-1
202202,-1
202225,-1
202248,-1
202271,-1
202294,-1
202317,-1
202340,-1
202363,-1
202386,-1
202409,-1
202432,79
202455,67
202478,66
202501,54
202524,55
202547,67
202570,54
202593,54
202616,82
202639,79
202662,78
202685,-1
202708,-1
202731,-1
202754,-1
202777,-1
202800,-1
202823,-1
202846,-1
202869,-1
202892,-1
202915,-1
202938,66
202961,66
202984,55
203007,54
203030,-1
203053,-1
203076,-1
203099,67
203122,84
203145,68
203168,46
203191,62
203214,73
203237,59
203260,59
203283,72
203306,73
203329,73
203352,61
203375,61
203398,61
203421,73
203444,72
203467,71
203490,71
203513,72
203536,72
203559,72
203582,71
203605,71
203628,72
203651,72
203674,71
203697,70
203720,70
203743,71
203766,59
203789,71
203812,71
203835,71
203858,60
203881,59
203904,67
203927,43
203950,69
203973,72
203996,52
204019,65
204042,66
204065,65
204088,72
204111,47
204134,47
204157,54
204180,65
204203,65
204226,67
204249,66
204272,66
204295,66
204318,66
204341,67
204364,71
204387,-1
204410,-1
204433,-1
204456,-1
204479,50
204501,50
204524,62
204547,62
204570,62
204593,62
204616,50
204639,50
204662,50
204685,50
204708,49
204731,61
204754,60
204777,-1
204800,50
204823,49
204846,61
204869,58
204892,52
204915,83
204938,72
204961,58
204984,55
205007,61
205030,62
205053,61
205076,60
205099,61
205122,61
205145,62
205168,62
205191,49
205214,61
205237,49
205260,50
205283,62
205306,62
205329,63
205352,62
205375,61
205398,62
205421,62
205444,62
205467,62
205490,61
205513,60
205536,60
205559,-1
205582,-1
205605,-1
205628,-1
205651,-1
205674,-1
205697,-1
205720,-1
205743,-1
205766,-1
205789,-1
205812,-1
205835,-1
205858,-1
205881,-1
205904,-1
205927,-1
205950,-1
205973,-1
205996,-1
206019,-1
206042,-1
206065,-1
206088,-1
206111,-1
206134,-1
206157,-1
206180,-1
206203,-1
206226,-1
206249,-1
206272,-1
206295,-1
206318,-1
206341,-1
206364,-1
206387,-1
206410,-1
206433,-1
206456,-1
206479,-1
206502,-1
206525,-1
206548,-1
206571,-1
206594,-1
206617,-1
206640,-1
206663,-1
206686,-1
206709,-1
206732,-1
206755,-1
206778,-1
206801,-1
206824,-1
206847,-1
206870,-1
206893,-1
206916,63
206939,75
206962,74
206985,-1
207008,-1
207031,-1
207054,-1
207077,-1
207100,-1
207123,-1
207146,-1
207169,-1
207192,-1
207215,-1
207238,-1
207261,-1
207284,-1
207307,-1
207330,-1
207353,-1
207376,-1
207399,-1
207422,-1
207445,-1
207468,-1
207491,-1
207514,-1
207537,-1
207560,83
207583,72
207606,-1
207629,-1
207652,-1
207675,-1
207698,76
207721,84
207744,81
207767,81
207790,61
207813,80
207836,-1
207859,-1
207881,-1
207904,70
207927,71
207950,71
207973,72
207996,71
208019,71
208042,71
208065,71
208088,72
208111,-1
208134,-1
208157,-1
208180,-1
208203,-1
208226,-1
208249,-1
208272,-1
208295,-1
208318,-1
208341,69
208364,69
208387,71
208410,69
208433,69
208456,69
208479,69
208502,69
208525,69
208548,69
208571,69
208594,69
208617,70
208640,70
208663,66
208686,67
208709,55
208732,-1
208755,-1
208778,-1
208801,-1
208824,-1
208847,-1
208870,-1
208893,-1
208916,-1
208939,-1
208962,66
208985,66
209008,67
209031,67
209054,67
209077,66
209100,62
209123,45
209146,55
209169,-1
209192,-1
209215,-1
209238,-1
209261,51
209284,51
209307,-1
209330,-1
209353,53
209376,53
209399,61
209422,60
209445,60
209468,-1
209491,-1
209514,-1
209537,-1
209560,-1
209583,-1
209606,-1
209629,-1
209652,-1
209675,-1
209698,-1
209721,-1
209744,56
209767,60
209790,60
209813,60
209836,60
209859,59
209882,-1
209905,-1
209928,-1
209951,-1
209974,-1
209997,-1
210020,74
210043,58
210066,58
210089,57
210112,59
210135,63
210158,62
210181,62
210204,60
210227,60
210250,59
210273,60
210296,60
210319,60
210342,61
210365,61
210388,61
210411,-1
210434,-1
210457,-1
210480,-1
210503,-1
210526,-1
210549,-1
210572,-1
210595,-1
210618,-1
210641,-1
210664,-1
210687,-1
210710,-1
210733,-1
210756,-1
210779,-1
210802,-1
210825,-1
210848,-1
210871,-1
210894,76
210917,77
210940,79
210963,79
210986,79
211009,78
211032,78
211055,78
211078,79
211101,79
211124,78
211147,78
211170,78
211193,-1
211216,-1
211239,-1
211261,-1
211284,-1
211307,-1
211330,-1
211353,-1
211376,-1
211399,-1
211422,-1
211445,-1
211468,-1
211491,-1
211514,-1
211537,-1
211560,-1
211583,-1
211606,-1
211629,-1
211652,-1
211675,-1
211698,-1
211721,-1
211744,-1
211767,-1
211790,-1
211813,-1
211836,60
211859,60
211882,59
211905,59
211928,59
211951,-1
211974,-1
211997,-1
212020,-1
212043,-1
212066,-1
212089,-1
212112,-1
212135,-1
212158,-1
212181,-1
212204,-1
212227,-1
212250,-1
212273,-1
212296,-1
212319,-1
212342,-1
212365,-1
212388,-1
212411,-1
212434,-1
212457,-1
212480,-1
212503,-1
212526,-1
212549,-1
212572,-1
212595,-1
212618,-1
212641,-1
212664,-1
212687,-1
212710,-1
212733,-1
212756,-1
212779,-1
212802,-1
212825,-1
212848,-1
212871,-1
212894,-1
212917,-1
212940,-1
212963,-1
212986,-1
213009,-1
213032,-1
213055,-1
213078,-1
213101,-1
213124,-1
213147,-1
213170,-1
213193,-1
213216,-1
213239,-1
213262,-1
213285,-1
213308,-1
213331,-1
213354,-1
213377,-1
213400,-1
213423,-1
213446,-1
213469,-1
213492,-1
213515,-1
213538,-1
213561,-1
213584,-1
213607,-1
213630,-1
213653,-1
213676,-1
213699,-1
213722,-1
213745,-1
213768,-1
213791,-1
213814,-1
213837,-1
213860,-1
213883,-1
213906,-1
213929,-1
213952,-1
213975,-1
213998,-1
214021,-1
214044,-1
214067,-1
214090,-1
214113,-1
214136,-1
214159,-1
214182,-1
214205,-1
214228,-1
214251,-1
214274,-1
214297,-1
214320,-1
214343,-1
214366,-1
214389,-1
214412,-1
214435,-1
214458,-1
214481,-1
214504,-1
214527,-1
214550,-1
214573,-1
214596,-1
214619,-1
214641,-1
214664,-1
214687,-1
214710,-1
214733,-1
214756,-1
214779,-1
214802,-1
214825,-1
214848,-1
214871,-1
214894,-1
214917,-1
214940,-1
214963,-1
214986,-1
215009,-1
215032,-1
215055,-1
215078,-1
215101,-1
215124,-1
215147,-1
215170,-1
215193,-1
215216,-1
215239,-1
215262,-1
215285,-1
215308,-1
215331,-1
215354,-1
215377,-1
215400,-1
215423,-1
215446,-1
215469,-1
215492,-1
215515,-1
215538,-1
215561,-1
215584,-1
215607,-1
215630,-1
215653,-1
215676,-1
215699,-1
215722,-1
215745,-1
215768,-1
215791,-1
215814,-1
215837,-1
215860,-1
215883,-1
215906,-1
215929,-1
215952,-1
215975,-1
215998,-1
216021,-1
216044,-1
216067,-1
216090,-1
216113,-1
216136,-1
216159,-1
216182,-1
216205,-1
216228,-1
216251,-1
216274,-1
216297,-1
216320,-1
216343,-1
216366,-1
216389,-1
216412,-1
216435,-1
216458,-1
216481,-1
216504,-1
216527,-1
216550,-1
216573,-1
216596,-1
216619,-1
216642,-1
216665,-1
216688,-1
216711,-1
216734,-1
216757,-1
216780,-1
216803,-1
216826,-1
216849,-1
216872,-1
216895,-1
216918,-1
216941,-1
216964,-1
216987,-1
217010,-1
217033,-1
217056,-1
217079,-1
217102,-1
217125,-1
217148,-1
217171,-1
217194,-1
217217,-1
217240,-1
217263,-1
217286,-1
217309,-1
217332,-1
217355,-1
217378,-1
217401,-1
217424,-1
217447,-1
217470,-1
217493,-1
217516,-1
217539,-1
217562,-1
217585,-1
217608,-1
217631,-1
217654,-1
217677,-1
217700,-1
217723,-1
217746,-1
217769,-1
217792,-1
217815,-1
217838,-1
217861,-1
217884,-1
217907,-1
217930,-1
217953,-1
217976,-1
217999,-1
218021,-1
218044,-1
218067,-1
218090,-1
218113,-1
218136,-1
218159,-1
218182,-1
218205,-1
218228,-1
218251,-1
218274,-1
218297,-1
218320,-1
218343,-1
218366,-1
218389,-1
218412,-1
218435,-1
218458,-1
218481,-1
218504,-1
218527,-1
218550,-1
218573,-1
218596,-1
218619,-1
218642,-1
218665,-1
218688,-1
218711,-1
218734,-1
218757,-1
218780,-1
218803,-1
218826,-1
218849,-1
218872,-1
218895,-1
218918,-1
218941,-1
218964,-1
218987,-1
219010,-1
219033,-1
219056,-1
219079,-1
219102,-1
219125,-1
219148,-1
219171,-1
219194,-1
219217,-1
219240,-1
219263,-1
219286,-1
219309,-1
219332,-1
219355,-1
219378,-1
219401,-1
219424,-1
219447,-1
219470,-1
219493,-1
219516,-1
219539,-1
219562,-1
219585,-1
219608,-1
219631,-1
219654,-1
219677,-1
219700,-1
219723,-1
219746,-1
219769,-1
219792,-1
219815,-1
219838,-1
219861,-1
219884,-1
219907,-1
219930,-1
219953,-1
219976,-1
219999,-1
220022,-1
220045,-1
220068,-1
220091,-1
220114,-1
220137,-1
220160,-1
220183,-1
220206,-1
220229,-1
220252,-1
220275,-1
220298,-1
220321,-1
220344,-1
220367,-1
220390,-1
220413,-1
220436,-1
220459,-1
220482,-1
220505,-1
220528,-1
220551,-1
220574,-1
220597,-1
220620,-1
220643,-1
220666,-1
220689,-1
220712,-1
220735,-1
220758,-1
220781,-1
220804,-1
220827,-1
220850,-1
220873,-1
220896,-1
220919,-1
220942,-1
220965,-1
220988,-1
221011,-1
221034,-1
221057,-1
221080,-1
221103,-1
221126,-1
221149,-1
221172,-1
221195,-1
221218,-1
221241,-1
221264,-1
221287,-1
221310,-1
221333,-1
221356,-1
221379,-1
221401,-1
221424,-1
221447,-1
221470,-1
221493,-1
221516,-1
221539,-1
221562,-1
221585,-1
221608,-1
221631,-1
221654,-1
221677,-1
221700,-1
221723,-1
221746,-1
221769,-1
221792,-1
221815,-1
221838,-1
221861,-1
221884,-1
221907,-1
221930,-1
221953,-1
221976,-1
221999,-1
222022,-1
222045,-1
222068,-1
222091,-1
222114,-1
222137,-1
222160,-1
222183,-1
222206,-1
222229,-1
222252,-1
222275,-1
222298,-1
222321,-1
222344,-1
222367,-1
222390,-1
222413,-1
222436,-1
222459,-1
222482,-1
222505,-1
222528,-1
222551,-1
222574,-1
222597,-1
222620,-1
222643,-1
222666,-1
222689,-1
222712,-1
222735,-1
222758,-1
222781,-1
222804,-1
222827,-1
222850,-1
222873,-1
222896,-1
222919,-1
222942,-1
222965,-1
222988,-1
223011,-1
223034,-1
223057,-1
223080,-1
223103,-1
223126,-1
223149,-1
223172,-1
223195,-1
223218,-1
223241,56
223264,64
223287,-1
223310,-1
223333,-1
223356,55
223379,-1
223402,-1
223425,-1
223448,-1
223471,-1
223494,54
223517,54
223540,-1
223563,-1
223586,-1
223609,52
223632,51
223655,51
223678,-1
223701,59
223724,52
223747,61
223770,61
223793,60
223816,59
223839,60
223862,59
223885,60
223908,63
223931,77
223954,66
223977,55
224000,-1
224023,-1
224046,-1
224069,69
224092,54
224115,78
224138,59
224161,60
224184,59
224207,70
224230,70
224253,69
224276,69
224299,70
224322,70
224345,70
224368,70
224391,70
224414,58
224437,57
224460,58
224483,70
224506,70
224529,70
224552,70
224575,71
224598,59
224621,59
224644,71
224667,71
224690,71
224713,71
224736,71
224759,71
224781,71
224804,71
224827,71
224850,71
224873,71
224896,71
224919,71
224942,71
224965,71
224988,69
225011,68
225034,69
225057,69
225080,69
225103,69
225126,69
225149,69
225172,70
225195,69
225218,-1
225241,69
225264,69
225287,68
225310,68
225333,68
225356,68
225379,68
225402,54
225425,68
225448,-1
225471,-1
225494,66
225517,66
225540,66
225563,66
225586,67
225609,68
225632,68
225655,68
225678,68
225701,59
225724,66
225747,65
225770,65
225793,66
225816,67
225839,66
225862,66
225885,66
225908,67
225931,67
225954,67
225977,66
226000,66
226023,66
226046,67
226069,67
226092,67
226115,66
226138,66
226161,67
226184,66
226207,70
226230,71
226253,-1
226276,-1
226299,-1
226322,-1
226345,-1
226368,-1
226391,-1
226414,-1
226437,-1
226460,-1
226483,-1
226506,77
226529,74
226552,82
226575,75
226598,81
226621,-1
226644,-1
226667,-1
226690,-1
226713,-1
226736,-1
226759,-1
226782,-1
226805,-1
226828,-1
226851,-1
226874,-1
226897,-1
226920,-1
226943,-1
226966,-1
226989,-1
227012,68
227035,68
227058,80
227081,66
227104,66
227127,67
227150,67
227173,54
227196,76
227219,67
227242,-1
227265,-1
227288,-1
227311,-1
227334,-1
227357,-1
227380,-1
227403,-1
227426,-1
227449,-1
227472,-1
227495,-1
227518,-1
227541,55
227564,67
227587,67
227610,67
227633,-1
227656,-1
227679,-1
227702,61
227725,59
227748,59
227771,80
227794,74
227817,60
227840,60
227863,72
227886,73
227909,61
227932,61
227955,61
227978,61
228001,61
228024,61
228047,60
228070,71
228093,72
228116,72
228139,71
228161,71
228184,71
228207,71
228230,72
228253,71
228276,71
228299,70
228322,59
228345,59
228368,59
228391,59
228414,59
228437,59
228460,59
228483,71
228506,60
228529,65
228552,83
228575,54
228598,54
228621,66
228644,66
228667,66
228690,66
228713,54
228736,53
228759,53
228782,52
228805,54
228828,66
228851,66
228874,66
228897,66
228920,67
228943,67
228966,54
228989,-1
229012,-1
229035,52
229058,50
229081,62
229104,62
229127,49
229150,49
229173,62
229196,62
229219,50
229242,50
229265,62
229288,50
229311,60
229334,48
229357,50
229380,50
229403,62
229426,49
229449,70
229472,84
229495,83
229518,66
229541,83
229564,84
229587,51
229610,50
229633,50
229656,61
229679,61
229702,49
229725,62
229748,50
229771,50
229794,49
229817,49
229840,49
229863,50
229886,50
229909,49
229932,49
229955,61
229978,62
230001,-1
230024,62
230047,62
230070,62
230093,50
230116,49
230139,-1
230162,-1
230185,-1
230208,50
230231,-1
230254,-1
230277,50
230300,50
230323,-1
230346,-1
230369,-1
230392,-1
230415,-1
230438,-1
230461,-1
230484,-1
230507,-1
230530,-1
230553,-1
230576,-1
230599,-1
230622,70
230645,70
230668,70
230691,70
230714,71
230737,71
230760,72
230783,72
230806,72
230829,72
230852,72
230875,84
230898,-1
230921,-1
230944,-1
230967,-1
230990,69
231013,69
231036,81
231059,81
231082,69
231105,69
231128,69
231151,70
231174,70
231197,70
231220,82
231243,82
231266,82
231289,81
231312,82
231335,82
231358,81
231381,-1
231404,-1
231427,-1
231450,78
231473,78
231496,67
231519,67
231541,-1
231564,-1
231587,-1
231610,-1
231633,-1
231656,-1
231679,-1
231702,75
231725,75
231748,47
231771,76
231794,84
231817,83
231840,-1
231863,-1
231886,-1
231909,-1
231932,-1
231955,-1
231978,-1
232001,-1
232024,-1
232047,-1
232070,-1
232093,-1
232116,-1
232139,-1
232162,-1
232185,-1
232208,-1
232231,-1
232254,-1
232277,-1
232300,-1
232323,-1
232346,-1
232369,-1
232392,-1
232415,-1
232438,-1
232461,-1
232484,-1
232507,-1
232530,-1
232553,-1
232576,-1
232599,-1
232622,-1
232645,-1
232668,78
232691,78
232714,79
232737,67
232760,78
232783,78
232806,78
232829,66
232852,66
232875,66
232898,78
232921,78
232944,78
232967,65
232990,65
233013,64
233036,76
233059,63
233082,63
233105,63
233128,-1
233151,-1
233174,54
233197,53
233220,54
233243,54
233266,54
233289,54
233312,54
233335,53
233358,54
233381,54
233404,-1
233427,-1
233450,-1
233473,66
233496,66
233519,66
233542,66
233565,66
233588,66
233611,78
233634,66
233657,78
233680,57
233703,76
233726,75
233749,73
233772,53
233795,-1
233818,-1
233841,-1
233864,-1
233887,-1
233910,-1
233933,-1
233956,-1
233979,-1
234002,-1
234025,-1
234048,-1
234071,-1
234094,-1
234117,-1
234140,-1
234163,-1
234186,75
234209,65
234232,64
234255,-1
234278,-1
234301,-1
234324,-1
234347,-1
234370,-1
234393,-1
234416,-1
234439,67
234462,68
234485,69
234508,69
234531,65
234554,68
234577,67
234600,67
234623,66
234646,66
234669,66
234692,68
234715,67
234738,67
234761,66
234784,69
234807,59
234830,47
234853,48
234876,73
234899,75
234921,62
234944,55
234967,71
234990,69
235013,57
235036,57
235059,57
235082,46
235105,41
235128,65
235151,64
235174,60
235197,59
235220,61
235243,62
235266,63
235289,62
235312,60
235335,61
235358,63
235381,62
235404,62
235427,60
235450,62
235473,63
235496,62
235519,62
235542,61
235565,61
235588,62
235611,64
235634,60
235657,63
235680,63
235703,-1
235726,-1
235749,-1
235772,-1
235795,-1
235818,-1
235841,-1
235864,-1
235887,-1
235910,-1
235933,-1
235956,-1
235979,63
236002,82
236025,82
236048,82
236071,70
236094,69
236117,-1
236140,69
236163,-1
236186,67
236209,64
236232,63
236255,65
236278,55
236301,65
236324,53
236347,69
236370,54
236393,58
236416,58
236439,70
236462,69
236485,55
236508,67
236531,55
236554,50
236577,66
236600,67
236623,68
236646,70
236669,57
236692,69
236715,69
236738,58
236761,71
236784,80
236807,50
236830,78
236853,80
236876,78
236899,79
236922,80
236945,81
236968,59
236991,58
237014,59
237037,62
237060,62
237083,62
237106,62
237129,62
237152,62
237175,61
237198,61
237221,52
237244,52
237267,62
237290,61
237313,50
237336,61
237359,61
237382,61
237405,60
237428,59
237451,60
237474,59
237497,64
237520,-1
237543,-1
237566,-1
237589,-1
237612,-1
237635,-1
237658,-1
237681,-1
237704,-1
237727,-1
237750,68
237773,76
237796,72
237819,40
237842,-1
237865,-1
237888,-1
237911,-1
237934,-1
237957,-1
237980,-1
238003,-1
238026,-1
238049,-1
238072,-1
238095,-1
238118,-1
238141,-1
238164,77
238187,54
238210,62
238233,65
238256,57
238279,65
238301,69
238324,66
238347,66
238370,67
238393,67
238416,67
238439,62
238462,42
238485,-1
238508,59
238531,69
238554,70
238577,70
238600,71
238623,44
238646,51
238669,68
238692,66
238715,80
238738,40
238761,78
238784,64
238807,70
238830,58
238853,64
238876,59
238899,60
238922,61
238945,62
238968,60
238991,59
239014,59
239037,60
239060,58
239083,80
239106,78
239129,57
239152,68
239175,69
239198,69
239221,68
239244,51
239267,80
239290,81
239313,64
239336,64
239359,64
239382,63
239405,64
239428,64
239451,64
239474,59
239497,64
239520,63
239543,63
239566,51
239589,64
239612,63
239635,64
239658,63
239681,64
239704,64
239727,62
239750,59
239773,-1
239796,-1
239819,-1
239842,-1
239865,-1
239888,-1
239911,-1
239934,-1
239957,-1
239980,-1
240003,-1
240026,-1
240049,-1
240072,67
240095,67
240118,67
240141,66
240164,66
240187,67
240210,67
240233,67
240256,65
240279,-1
240302,-1
240325,70
240348,70
240371,70
240394,69
240417,69
240440,70
240463,70
240486,70
240509,67
240532,70
240555,-1
240578,-1
240601,-1
240624,-1
240647,-1
240670,-1
240693,-1
240716,-1
240739,-1
240762,-1
240785,-1
240808,-1
240831,68
240854,69
240877,70
240900,70
240923,70
240946,71
240969,71
240992,72
241015,72
241038,71
241061,71
241084,71
241107,71
241130,71
241153,71
241176,71
241199,71
241222,71
241245,71
241268,71
241291,71
241314,71
241337,71
241360,70
241383,69
241406,69
241429,69
241452,69
241475,69
241498,69
241521,69
241544,69
241567,70
241590,70
241613,70
241636,69
241659,69
241681,69
241704,69
241727,69
241750,69
241773,68
241796,67
241819,-1
241842,-1
241865,53
241888,67
241911,66
241934,66
241957,67
241980,68
242003,69
242026,69
242049,69
242072,68
242095,66
242118,65
242141,65
242164,67
242187,66
242210,66
242233,66
242256,66
242279,67
242302,67
242325,66
242348,66
242371,65
242394,66
242417,60
242440,60
242463,61
242486,61
242509,61
242532,60
242555,60
242578,60
242601,59
242624,59
242647,60
242670,60
242693,-1
242716,-1
242739,-1
242762,-1
242785,-1
242808,-1
242831,-1
242854,-1
242877,69
242900,72
242923,72
242946,60
242969,72
242992,73
243015,73
243038,73
243061,73
243084,73
243107,72
243130,-1
243153,-1
243176,71
243199,70
243222,71
243245,72
243268,73
243291,73
243314,59
243337,57
243360,58
243383,58
243406,67
243429,67
243452,59
243475,59
243498,60
243521,60
243544,59
243567,59
243590,70
243613,59
243636,59
243659,59
243682,59
243705,58
243728,47
243751,66
243774,-1
243797,-1
243820,-1
243843,66
243866,68
243889,67
243912,67
243935,66
243958,78
243981,80
244004,70
244027,70
244050,70
244073,69
244096,69
244119,51
244142,74
244165,61
244188,73
244211,71
244234,72
244257,72
244280,73
244303,61
244326,61
244349,61
244372,61
244395,73
244418,61
244441,83
244464,71
244487,71
244510,60
244533,71
244556,71
244579,71
244602,71
244625,59
244648,71
244671,58
244694,58
244717,71
244740,71
244763,71
244786,71
244809,71
244832,71
244855,71
244878,70
244901,71
244924,71
244947,82
244970,-1
244993,53
245016,59
245039,60
245061,59
245084,-1
245107,-1
245130,-1
245153,-1
245176,-1
245199,66
245222,74
245245,66
245268,66
245291,54
245314,67
245337,-1
245360,-1
245383,-1
245406,-1
245429,77
245452,77
245475,61
245498,61
245521,62
245544,62
245567,62
245590,62
245613,62
245636,62
245659,62
245682,61
245705,61
245728,41
245751,61
245774,61
245797,49
245820,69
245843,81
245866,64
245889,50
245912,70
245935,51
245958,78
245981,62
246004,62
246027,61
246050,61
246073,61
246096,61
246119,61
246142,50
246165,49
246188,60
246211,49
246234,49
246257,-1
246280,-1
246303,-1
246326,-1
246349,-1
246372,-1
246395,-1
246418,-1
246441,-1
246464,-1
246487,69
246510,69
246533,70
246556,70
246579,71
246602,71
246625,72
246648,71
246671,71
246694,71
246717,71
246740,71
246763,71
246786,-1
246809,-1
246832,-1
246855,-1
246878,69
246901,69
246924,69
246947,69
246970,69
246993,69
247016,69
247039,82
247062,82
247085,70
247108,71
247131,83
247154,83
247177,83
247200,83
247223,83
247246,83
247269,82
247292,66
247315,66
247338,66
247361,67
247384,80
247407,81
247430,81
247453,69
247476,70
247499,70
247522,69
247545,69
247568,69
247591,69
247614,67
247637,55
247660,61
247683,62
247706,62
247729,63
247752,75
247775,75
247798,73
247821,73
247844,73
247867,61
247890,61
247913,72
247936,-1
247959,-1
247982,-1
248005,-1
248028,-1
248051,-1
248074,-1
248097,-1
248120,63
248143,61
248166,62
248189,62
248212,74
248235,74
248258,74
248281,74
248304,74
248327,60
248350,60
248373,61
248396,61
248419,60
248441,72
248464,73
248487,82
248510,82
248533,67
248556,67
248579,67
248602,66
248625,66
248648,67
248671,66
248694,66
248717,66
248740,66
248763,51
248786,70
248809,72
248832,50
248855,50
248878,74
248901,51
248924,51
248947,74
248970,75
248993,74
249016,60
249039,68
249062,67
249085,54
249108,65
249131,65
249154,59
249177,71
249200,71
249223,71
249246,71
249269,71
249292,72
249315,71
249338,71
249361,71
249384,71
249407,71
249430,71
249453,71
249476,71
249499,72
249522,71
249545,71
249568,63
249591,63
249614,63
249637,56
249660,51
249683,50
249706,69
249729,69
249752,57
249775,74
249798,72
249821,72
249844,69
249867,69
249890,69
249913,69
249936,69
249959,68
249982,68
250005,62
250028,62
250051,62
250074,61
250097,-1
250120,54
250143,65
250166,65
250189,-1
250212,-1
250235,67
250258,66
250281,-1
250304,-1
250327,-1
250350,-1
250373,-1
250396,-1
250419,-1
250442,-1
250465,-1
250488,-1
250511,-1
250534,-1
250557,-1
250580,72
250603,71
250626,71
250649,72
250672,73
250695,73
250718,73
250741,73
250764,73
250787,73
250810,73
250833,73
250856,73
250879,73
250902,73
250925,-1
250948,-1
250971,70
250994,71
251017,72
251040,70
251063,69
251086,77
251109,78
251132,69
251155,56
251178,68
251201,69
251224,57
251247,-1
251270,-1
251293,-1
251316,-1
251339,-1
251362,-1
251385,-1
251408,-1
251431,-1
251454,-1
251477,-1
251500,-1
251523,-1
251546,-1
251569,-1
251592,56
251615,56
251638,58
251661,58
251684,58
251707,58
251730,58
251753,-1
251776,-1
251799,-1
251821,-1
251844,-1
251867,-1
251890,-1
251913,-1
251936,-1
251959,-1
251982,-1
252005,-1
252028,-1
252051,-1
252074,-1
252097,-1
252120,56
252143,53
252166,54
252189,-1
252212,-1
252235,-1
252258,-1
252281,56
252304,67
252327,45
252350,62
252373,61
252396,72
252419,60
252442,73
252465,74
252488,62
252511,61
252534,61
252557,61
252580,61
252603,61
252626,72
252649,71
252672,71
252695,72
252718,72
252741,71
252764,71
252787,71
252810,84
252833,71
252856,71
252879,71
252902,71
252925,71
252948,71
252971,83
252994,71
253017,71
253040,72
253063,71
253086,68
253109,52
253132,-1
253155,-1
253178,53
253201,-1
253224,-1
253247,-1
253270,-1
253293,-1
253316,-1
253339,-1
253362,-1
253385,-1
253408,-1
253431,-1
253454,-1
253477,-1
253500,-1
253523,-1
253546,-1
253569,-1
253592,-1
253615,-1
253638,50
253661,50
253684,50
253707,62
253730,62
253753,62
253776,62
253799,62
253822,62
253845,62
253868,62
253891,61
253914,55
253937,-1
253960,-1
253983,68
254006,52
254029,83
254052,83
254075,68
254098,54
254121,83
254144,68
254167,62
254190,62
254213,61
254236,61
254259,61
254282,62
254305,62
254328,62
254351,61
254374,61
254397,-1
254420,-1
254443,-1
254466,-1
254489,-1
254512,62
254535,-1
254558,-1
254581,-1
254604,-1
254627,-1
254650,-1
254673,-1
254696,-1
254719,-1
254742,74
254765,75
254788,74
254811,74
254834,62
254857,61
254880,61
254903,62
254926,62
254949,-1
254972,-1
254995,-1
255018,-1
255041,-1
255064,-1
255087,-1
255110,-1
255133,-1
255156,-1
255179,-1
255201,77
255224,77
255247,62
255270,63
255293,62
255316,63
255339,62
255362,61
255385,61
255408,74
255431,54
255454,54
255477,-1
255500,-1
255523,76
255546,-1
255569,-1
255592,-1
255615,-1
255638,-1
255661,-1
255684,73
255707,61
255730,61
255753,62
255776,62
255799,62
255822,74
255845,74
255868,74
255891,61
255914,60
255937,61
255960,61
255983,73
256006,-1
256029,73
256052,74
256075,-1
256098,-1
256121,-1
256144,-1
256167,-1
256190,77
256213,77
256236,72
256259,73
256282,74
256305,61
256328,62
256351,74
256374,74
256397,74
256420,74
256443,74
256466,61
256489,74
256512,74
256535,74
256558,73
256581,-1
256604,-1
256627,-1
256650,-1
256673,75
256696,59
256719,66
256742,66
256765,67
256788,66
256811,66
256834,67
256857,66
256880,66
256903,78
256926,54
256949,48
256972,70
256995,71
257018,70
257041,69
257064,70
257087,70
257110,70
257133,70
257156,70
257179,70
257202,71
257225,70
257248,70
257271,70
257294,70
257317,70
257340,71
257363,71
257386,71
257409,71
257432,71
257455,71
257478,71
257501,71
257524,71
257547,71
257570,71
257593,71
257616,71
257639,71
257662,72
257685,72
257708,71
257731,70
257754,69
257777,69
257800,69
257823,69
257846,69
257869,69
257892,69
257915,69
257938,70
257961,69
257984,69
258007,70
258030,78
258053,79
258076,79
258099,67
258122,67
258145,67
258168,67
258191,78
258214,78
258237,78
258260,67
258283,67
258306,66
258329,65
258352,65
258375,65
258398,48
258421,55
258444,66
258467,47
258490,54
258513,54
258536,55
258559,67
258581,67
258604,65
258627,64
258650,71
258673,69
258696,69
258719,69
258742,69
258765,-1
258788,70
258811,70
258834,69
258857,69
258880,69
258903,69
258926,69
258949,69
258972,69
258995,69
259018,47
259041,-1
259064,-1
259087,68
259110,68
259133,70
259156,70
259179,70
259202,70
259225,70
259248,-1
259271,-1
259294,-1
259317,-1
259340,69
259363,69
259386,70
259409,70
259432,69
259455,69
259478,69
259501,67
259524,66
259547,66
259570,66
259593,66
259616,66
259639,65
259662,65
259685,64
259708,64
259731,64
259754,63
259777,62
259800,62
259823,61
259846,73
259869,73
259892,61
259915,61
259938,62
259961,62
259984,55
260007,55
260030,45
260053,60
260076,60
260099,-1
260122,-1
260145,-1
260168,84
260191,84
260214,84
260237,84
260260,76
260283,71
260306,76
260329,76
260352,76
260375,84
260398,-1
260421,-1
260444,-1
260467,-1
260490,-1
260513,-1
260536,-1
260559,-1
260582,-1
260605,-1
260628,-1
260651,-1
260674,-1
260697,-1
260720,-1
260743,-1
260766,66
260789,67
260812,66
260835,67
260858,66
260881,66
260904,66
260927,66
260950,-1
260973,61
260996,83
261019,81
261042,83
261065,70
261088,70
261111,69
261134,69
261157,69
261180,69
261203,70
261226,69
261249,71
261272,83
261295,74
261318,74
261341,70
261364,71
261387,71
261410,71
261433,71
261456,72
261479,72
261502,72
261525,72
261548,72
261571,72
261594,72
261617,72
261640,71
261663,71
261686,71
261709,72
261732,72
261755,72
261778,72
261801,71
261824,70
261847,68
261870,67
261893,69
261916,69
261939,69
261961,70
261984,69
262007,69
262030,61
262053,-1
262076,69
262099,69
262122,69
262145,68
262168,69
262191,69
262214,69
262237,69
262260,69
262283,56
262306,83
262329,74
262352,73
262375,72
262398,60
262421,65
262444,65
262467,66
262490,66
262513,67
262536,54
262559,54
262582,66
262605,66
262628,66
262651,67
262674,67
262697,65
262720,59
262743,48
262766,48
262789,68
262812,68
262835,67
262858,68
262881,69
262904,69
262927,69
262950,69
262973,69
262996,69
263019,69
263042,61
263065,60
263088,70
263111,69
263134,56
263157,69
263180,68
263203,-1
263226,-1
263249,-1
263272,69
263295,76
263318,69
263341,69
263364,68
263387,68
263410,69
263433,69
263456,69
263479,50
263502,57
263525,57
263548,57
263571,58
263594,70
263617,83
263640,52
263663,64
263686,63
263709,69
263732,68
263755,69
263778,69
263801,68
263824,68
263847,68
263870,67
263893,65
263916,66
263939,66
263962,66
263985,66
264008,66
264031,-1
264054,-1
264077,-1
264100,-1
264123,66
264146,66
264169,78
264192,78
264215,78
264238,78
264261,78
264284,68
264307,69
264330,69
264353,69
264376,69
264399,69
264422,70
264445,70
264468,70
264491,69
264514,69
264537,70
264560,71
264583,70
264606,69
264629,57
264652,74
264675,75
264698,74
264721,72
264744,84
264767,77
264790,84
264813,60
264836,61
264859,61
264882,54
264905,80
264928,-1
264951,-1
264974,67
264997,-1
265020,-1
265043,-1
265066,67
265089,61
265112,60
265135,60
265158,71
265181,70
265204,69
265227,69
265250,70
265273,70
265296,70
265319,69
265341,69
265364,70
265387,69
265410,69
265433,70
265456,70
265479,70
265502,70
265525,71
265548,71
265571,71
265594,71
265617,71
265640,71
265663,72
265686,71
265709,71
265732,71
265755,71
265778,71
265801,71
265824,71
265847,71
265870,72
265893,72
265916,71
265939,70
265962,69
265985,69
266008,69
266031,69
266054,69
266077,69
266100,69
266123,69
266146,69
266169,69
266192,-1
266215,68
266238,67
266261,67
266284,67
266307,67
266330,68
266353,67
266376,67
266399,69
266422,67
266445,78
266468,66
266491,66
266514,66
266537,66
266560,66
266583,67
266606,67
266629,65
266652,65
266675,66
266698,66
266721,67
266744,60
266767,60
266790,48
266813,60
266836,60
266859,60
266882,60
266905,-1
266928,61
266951,62
266974,75
266997,61
267020,-1
267043,-1
267066,-1
267089,-1
267112,71
267135,60
267158,60
267181,60
267204,69
267227,58
267250,57
267273,68
267296,67
267319,66
267342,67
267365,67
267388,66
267411,66
267434,66
267457,68
267480,67
267503,60
267526,64
267549,64
267572,65
267595,65
267618,61
267641,60
267664,73
267687,70
267710,62
267733,48
267756,68
267779,50
267802,65
267825,64
267848,69
267871,66
267894,67
267917,64
267940,62
267963,62
267986,61
268009,63
268032,62
268055,61
268078,61
268101,61
268124,62
268147,61
268170,61
268193,62
268216,61
268239,61
268262,60
268285,-1
268308,-1
268331,-1
268354,-1
268377,-1
268400,-1
268423,-1
268446,-1
268469,-1
268492,-1
268515,-1
268538,-1
268561,-1
268584,-1
268607,-1
268630,-1
268653,-1
268676,-1
268699,-1
268721,-1
268744,82
268767,61
268790,82
268813,82
268836,61
268859,61
268882,59
268905,60
268928,60
268951,61
268974,53
268997,46
269020,66
269043,56
269066,48
269089,65
269112,66
269135,50
269158,55
269181,61
269204,60
269227,66
269250,66
269273,51
269296,68
269319,57
269342,67
269365,67
269388,81
269411,69
269434,58
269457,58
269480,68
269503,59
269526,59
269549,68
269572,81
269595,79
269618,79
269641,79
269664,57
269687,64
269710,48
269733,62
269756,61
269779,61
269802,48
269825,65
269848,48
269871,61
269894,61
269917,61
269940,48
269963,62
269986,62
270009,61
270032,62
270055,46
270078,59
270101,62
270124,59
270147,62
270170,62
270193,62
270216,60
270239,63
270262,-1
270285,61
270308,-1
270331,-1
270354,-1
270377,-1
270400,-1
270423,-1
270446,-1
270469,-1
270492,-1
270515,78
270538,79
270561,80
270584,79
270607,62
270630,53
270653,-1
270676,-1
270699,55
270722,44
270745,51
270768,72
270791,-1
270814,61
270837,61
270860,61
270883,60
270906,58
270929,58
270952,58
270975,56
270998,60
271021,61
271044,61
271067,58
271090,80
271113,54
271136,-1
271159,-1
271182,-1
271205,53
271228,48
271251,61
271274,60
271297,47
271320,59
271343,57
271366,41
271389,57
271412,41
271435,42
271458,67
271481,67
271504,66
271527,66
271550,66
271573,48
271596,49
271619,67
271642,61
271665,61
271688,-1
271711,71
271734,60
271757,60
271780,62
271803,62
271826,73
271849,59
271872,59
271895,46
271918,62
271941,49
271964,69
271987,69
272010,66
272033,62
272056,61
272079,60
272101,62
272124,62
272147,62
272170,62
272193,61
272216,63
272239,63
272262,63
272285,62
272308,61
272331,61
272354,61
272377,-1
272400,-1
272423,-1
272446,-1
272469,62
272492,60
272515,55
272538,71
272561,-1
272584,-1
272607,-1
272630,-1
272653,53
272676,-1
272699,-1
272722,-1
272745,51
272768,51
272791,51
272814,51
272837,69
272860,81
272883,82
272906,82
272929,65
272952,62
272975,-1
272998,-1
273021,-1
273044,61
273067,63
273090,61
273113,78
273136,60
273159,59
273182,69
273205,69
273228,70
273251,55
273274,66
273297,65
273320,54
273343,67
273366,57
273389,55
273412,61
273435,56
273458,57
273481,80
273504,81
273527,59
273550,69
273573,68
273596,70
273619,69
273642,60
273665,79
273688,53
273711,78
273734,68
273757,69
273780,80
273803,80
273826,57
273849,58
273872,54
273895,61
273918,61
273941,61
273964,59
273987,59
274010,61
274033,62
274056,62
274079,61
274102,61
274125,60
274148,51
274171,46
274194,46
274217,61
274240,61
274263,61
274286,60
274309,60
274332,60
274355,58
274378,56
274401,-1
274424,-1
274447,-1
274470,-1
274493,-1
274516,-1
274539,-1
274562,-1
274585,-1
274608,77
274631,77
274654,77
274677,58
274700,58
274723,-1
274746,-1
274769,-1
274792,58
274815,59
274838,58
274861,-1
274884,-1
274907,-1
274930,61
274953,-1
274976,-1
274999,-1
275022,-1
275045,60
275068,-1
275091,-1
275114,-1
275137,61
275160,63
275183,48
275206,-1
275229,-1
275252,-1
275275,-1
275298,63
275321,60
275344,60
275367,58
275390,59
275413,53
275436,41
275459,48
275481,48
275504,68
275527,66
275550,67
275573,66
275596,66
275619,66
275642,66
275665,67
275688,67
275711,67
275734,63
275757,62
275780,60
275803,59
275826,59
275849,60
275872,60
275895,65
275918,59
275941,69
275964,47
275987,65
276010,46
276033,58
276056,40
276079,63
276102,62
276125,60
276148,60
276171,60
276194,61
276217,61
276240,61
276263,60
276286,62
276309,63
276332,63
276355,63
276378,61
276401,61
276424,62
276447,61
276470,61
276493,53
276516,61
276539,61
276562,64
276585,67
276608,57
276631,83
276654,-1
276677,-1
276700,-1
276723,54
276746,53
276769,-1
276792,-1
276815,-1
276838,-1
276861,-1
276884,-1
276907,-1
276930,69
276953,82
276976,82
276999,82
277022,81
277045,-1
277068,-1
277091,-1
277114,61
277137,61
277160,61
277183,62
277206,79
277229,60
277252,65
277275,59
277298,82
277321,57
277344,55
277367,62
277390,54
277413,57
277436,57
277459,50
277482,57
277505,56
277528,67
277551,81
277574,82
277597,53
277620,62
277643,58
277666,79
277689,70
277712,70
277735,51
277758,78
277781,58
277804,58
277827,53
277850,59
277873,61
277896,60
277919,60
277942,60
277965,60
277988,60
278011,49
278034,53
278057,59
278080,59
278103,72
278126,59
278149,72
278172,60
278195,59
278218,45
278241,62
278264,61
278287,59
278310,58
278333,58
278356,70
278379,62
278402,62
278425,63
278448,45
278471,69
278494,69
278517,-1
278540,-1
278563,-1
278586,-1
278609,-1
278632,-1
278655,-1
278678,-1
278701,77
278724,77
278747,76
278770,78
278793,78
278816,55
278839,-1
278861,-1
278884,-1
278907,78
278930,55
278953,75
278976,-1
278999,-1
279022,61
279045,62
279068,-1
279091,-1
279114,-1
279137,-1
279160,-1
279183,-1
279206,-1
279229,62
279252,72
279275,62
279298,56
279321,-1
279344,-1
279367,-1
279390,71
279413,61
279436,74
279459,72
279482,68
279505,69
279528,68
279551,56
279574,54
279597,65
279620,69
279643,67
279666,69
279689,59
279712,65
279735,65
279758,66
279781,54
279804,66
279827,51
279850,-1
279873,-1
279896,-1
279919,76
279942,72
279965,55
279988,61
280011,61
280034,70
280057,69
280080,40
280103,51
280126,64
280149,63
280172,65
280195,62
280218,63
280241,60
280264,60
280287,61
280310,61
280333,47
280356,60
280379,61
280402,62
280425,64
280448,63
280471,63
280494,61
280517,61
280540,-1
280563,-1
280586,-1
280609,-1
280632,-1
280655,-1
280678,-1
280701,-1
280724,-1
280747,-1
280770,-1
280793,-1
280816,55
280839,54
280862,53
280885,-1
280908,-1
280931,-1
280954,-1
280977,-1
281000,-1
281023,-1
281046,81
281069,82
281092,81
281115,75
281138,-1
281161,-1
281184,-1
281207,-1
281230,-1
281253,-1
281276,61
281299,78
281322,60
281345,59
281368,59
281391,56
281414,57
281437,58
281460,62
281483,68
281506,56
281529,57
281552,57
281575,69
281598,69
281621,68
281644,57
281667,57
281690,67
281713,69
281736,58
281759,65
281782,70
281805,71
281828,68
281851,68
281874,58
281897,58
281920,52
281943,53
281966,68
281989,52
282012,60
282035,60
282058,68
282081,68
282104,70
282127,71
282150,72
282173,72
282196,60
282219,60
282241,60
282264,71
282287,59
282310,60
282333,59
282356,69
282379,69
282402,69
282425,69
282448,69
282471,70
282494,70
282517,70
282540,70
282563,67
282586,70
282609,67
282632,67
282655,66
282678,-1
282701,-1
282724,-1
282747,66
282770,66
282793,63
282816,55
282839,66
282862,53
282885,67
282908,69
282931,70
282954,70
282977,69
283000,69
283023,70
283046,71
283069,71
283092,71
283115,70
283138,69
283161,70
283184,71
283207,59
283230,-1
283253,-1
283276,-1
283299,-1
283322,61
283345,61
283368,50
283391,-1
283414,-1
283437,-1
283460,-1
283483,-1
283506,-1
283529,-1
283552,-1
283575,-1
283598,-1
283621,-1
283644,-1
283667,-1
283690,-1
283713,-1
283736,70
283759,49
283782,66
283805,54
283828,-1
283851,-1
283874,-1
283897,-1
283920,-1
283943,-1
283966,-1
283989,-1
284012,-1
284035,-1
284058,-1
284081,-1
284104,53
284127,71
284150,48
284173,-1
284196,-1
284219,-1
284242,-1
284265,61
284288,48
284311,-1
284334,-1
284357,-1
284380,-1
284403,-1
284426,-1
284449,-1
284472,-1
284495,-1
284518,-1
284541,-1
284564,-1
284587,-1
284610,-1
284633,-1
284656,-1
284679,-1
284702,-1
284725,-1
284748,-1
284771,-1
284794,-1
284817,-1
284840,-1
284863,-1
284886,-1
284909,-1
284932,-1
284955,-1
284978,-1
285001,-1
285024,-1
285047,-1
285070,-1
285093,-1
285116,-1
285139,-1
285162,82
285185,83
285208,-1
285231,-1
285254,-1
285277,-1
285300,-1
285323,-1
285346,-1
285369,-1
285392,-1
285415,-1
285438,-1
285461,-1
285484,-1
285507,-1
285530,-1
285553,-1
285576,-1
285599,-1
285621,-1
285644,-1
285667,-1
285690,-1
285713,-1
285736,-1
285759,-1
285782,-1
285805,-1
285828,-1
285851,-1
285874,-1
285897,-1
285920,-1
285943,-1
285966,-1
285989,-1
286012,-1
286035,-1
286058,-1
286081,-1
286104,-1
286127,-1
286150,-1
286173,-1
286196,-1
286219,-1
286242,-1
286265,-1
286288,-1
286311,-1
286334,-1
286357,-1
286380,-1
286403,-1
286426,-1
286449,-1
286472,-1
286495,-1
286518,-1
286541,-1
286564,-1
286587,-1
286610,-1
286633,-1
286656,-1
286679,-1
286702,-1
286725,-1
286748,-1
286771,-1
286794,-1
286817,-1
286840,-1
286863,-1
286886,-1
286909,-1
286932,-1
286955,-1
286978,-1
287001,-1
287024,-1
287047,-1
287070,-1
287093,-1
287116,-1
287139,-1
287162,-1
287185,-1
287208,-1
287231,-1
287254,-1
287277,-1
287300,-1
287323,-1
287346,-1
287369,-1
287392,-1
287415,-1
287438,-1
287461,-1
287484,-1
287507,-1
287530,-1
287553,-1
287576,-1
287599,-1
287622,-1
287645,-1
287668,-1
287691,-1
287714,-1
287737,-1
287760,-1
287783,-1
287806,-1
287829,-1
287852,-1
287875,-1
287898,-1
287921,-1
287944,-1
287967,-1
287990,-1
288013,-1
288036,-1
288059,-1
288082,-1
288105,-1
288128,-1
288151,-1
288174,-1
288197,-1
288220,-1
288243,-1
288266,-1
288289,-1
288312,-1
288335,-1
288358,-1
288381,-1
288404,-1
288427,-1
288450,-1
288473,-1
288496,-1
288519,-1
288542,-1
288565,-1
288588,-1
288611,-1
288634,-1
288657,-1
288680,-1
288703,-1
288726,-1
288749,-1
288772,-1
288795,-1
288818,-1
288841,-1
288864,-1
288887,-1
288910,-1
288933,-1
288956,-1
288979,-1
289001,-1
289024,-1
289047,-1
289070,-1
289093,-1
289116,-1
289139,-1
289162,-1
289185,-1
289208,-1
289231,-1
289254,-1
289277,-1
289300,-1
289323,-1
289346,-1
289369,-1
289392,-1
289415,-1
289438,-1
289461,-1
289484,-1
289507,-1
289530,-1
289553,-1
289576,-1
289599,-1
289622,-1
289645,-1
289668,-1
289691,-1
289714,-1
289737,-1
289760,-1
289783,-1
289806,-1
289829,-1
289852,-1
289875,-1
289898,-1
289921,-1
289944,-1
289967,-1
289990,-1
290013,-1
290036,-1
290059,-1
290082,-1
290105,-1
290128,-1
290151,-1
290174,-1
290197,-1
290220,-1
290243,-1
290266,-1
290289,-1
290312,-1
290335,-1
290358,-1
290381,-1
290404,-1
290427,-1
290450,-1
290473,-1
290496,-1
290519,-1
290542,-1
290565,-1
290588,-1
290611,-1
290634,-1
290657,-1
290680,-1
290703,-1
290726,-1
290749,-1
290772,-1
290795,-1
290818,-1
290841,-1
290864,-1
290887,-1
290910,-1
290933,-1
290956,-1
290979,-1
291002,-1
291025,-1
291048,-1
291071,-1
291094,-1
291117,-1
291140,-1
291163,-1
291186,-1
291209,-1
291232,-1
291255,-1
291278,-1
291301,-1
291324,-1
291347,-1
291370,-1
291393,-1
291416,-1
291439,-1
291462,-1
291485,-1
291508,-1
291531,-1
291554,-1
291577,-1
291600,-1
291623,-1
291646,-1
291669,-1
291692,-1
291715,-1
291738,-1
291761,-1
291784,-1
291807,-1
291830,-1
291853,-1
291876,-1
291899,-1
291922,-1
291945,-1
291968,-1
291991,-1
292014,-1
292037,-1
292060,-1
292083,-1
292106,-1
292129,-1
292152,-1
292175,-1
292198,-1
292221,-1
292244,-1
292267,-1
292290,-1
292313,-1
292336,-1
292359,-1
292381,-1
292404,-1
292427,-1
292450,-1
292473,-1
292496,-1
292519,-1
292542,-1
292565,-1
292588,-1
292611,-1
292634,-1
292657,-1
292680,-1
292703,-1
292726,-1
292749,-1
292772,-1
292795,-1
292818,-1
292841,-1
292864,-1
292887,-1
292910,-1
292933,-1
292956,-1
292979,-1
293002,-1
293025,-1
293048,-1
293071,-1
293094,-1
293117,-1
293140,-1
293163,-1
293186,-1
293209,-1
293232,-1
293255,-1
293278,-1
293301,-1
293324,-1
293347,-1
293370,-1
293393,-1
293416,-1
293439,-1
293462,-1
293485,-1
293508,-1
293531,-1
293554,-1
293577,-1
293600,-1
293623,-1
293646,-1
293669,-1
293692,-1
293715,-1
293738,-1
293761,-1
293784,-1
293807,-1
293830,-1
293853,-1
293876,-1
293899,-1
293922,-1
293945,-1
293968,-1
293991,-1
294014,-1
294037,-1
294060,-1
294083,-1
294106,-1
294129,-1
294152,-1
294175,-1
294198,-1
294221,-1
294244,-1
